user_id,age,device_type,sessions_last_30_days,avg_session_duration_minutes,content_views_last_30_days,likes_last_30_days,shares_last_30_days,days_since_last_login,notifications_clicked_last_30_days,churn,cluster,cluster_name
U00001,22,Android,24,11.0,67,11,2,20,11,0,2,Steady Engagers
U00002,55,iOS,29,13.4,111,27,2,9,10,0,2,Steady Engagers
U00003,49,iOS,23,10.2,62,12,0,25,7,0,1,Casual Browsers
U00004,39,Android,13,6.5,45,6,0,25,4,0,1,Casual Browsers
U00005,38,Android,14,11.2,36,2,0,29,8,0,1,Casual Browsers
U00006,59,Android,39,14.3,134,27,3,4,15,0,0,Power Users
U00007,22,iOS,11,8.1,21,4,0,35,4,1,3,At-Risk/Dormant
U00008,51,iOS,19,4.5,70,21,3,22,12,0,2,Steady Engagers
U00009,27,iOS,6,0.5,8,1,0,44,4,0,3,At-Risk/Dormant
U00010,22,Android,4,0.5,11,1,0,39,0,0,3,At-Risk/Dormant
U00011,43,Android,8,7.3,13,2,0,43,1,0,3,At-Risk/Dormant
U00012,64,iOS,16,8.5,40,6,1,22,8,0,1,Casual Browsers
U00013,53,Android,10,2.5,24,2,0,34,5,1,3,At-Risk/Dormant
U00014,54,iOS,11,5.0,20,3,1,32,5,0,3,At-Risk/Dormant
U00015,52,Android,17,11.5,35,2,0,29,9,0,1,Casual Browsers
U00016,55,Android,22,8.5,59,7,1,18,8,0,1,Casual Browsers
U00017,42,iOS,27,13.7,97,36,6,6,10,0,0,Power Users
U00018,24,iOS,27,14.0,67,15,3,12,7,0,2,Steady Engagers
U00019,58,iOS,16,6.6,41,4,0,39,8,0,1,Casual Browsers
U00020,39,Android,2,3.5,2,0,0,40,2,1,3,At-Risk/Dormant
U00021,42,Web,1,0.7,5,1,0,47,0,1,3,At-Risk/Dormant
U00022,35,Web,24,10.7,60,11,3,21,13,0,2,Steady Engagers
U00023,26,Web,9,0.5,15,3,1,58,0,1,3,At-Risk/Dormant
U00024,62,iOS,33,13.7,106,27,5,9,18,0,0,Power Users
U00025,55,iOS,28,13.3,103,27,3,3,18,0,0,Power Users
U00026,48,iOS,32,20.8,125,39,2,0,20,0,0,Power Users
U00027,37,Android,18,11.6,42,11,1,30,5,0,1,Casual Browsers
U00028,57,Android,32,16.3,104,18,4,10,17,0,0,Power Users
U00029,44,iOS,13,14.1,32,6,1,30,9,0,1,Casual Browsers
U00030,39,Android,6,11.3,6,0,0,36,3,0,3,At-Risk/Dormant
U00031,39,Android,36,15.2,127,26,1,10,15,0,2,Steady Engagers
U00032,28,Web,16,12.9,52,17,2,28,5,0,1,Casual Browsers
U00033,22,Android,19,8.0,51,9,0,32,6,0,1,Casual Browsers
U00034,44,iOS,25,13.2,56,18,2,13,16,0,2,Steady Engagers
U00035,60,iOS,15,1.3,36,14,3,33,6,0,3,At-Risk/Dormant
U00036,21,Android,17,13.4,42,12,1,24,8,0,1,Casual Browsers
U00037,59,Web,11,4.4,30,1,1,30,3,1,3,At-Risk/Dormant
U00038,57,Android,31,15.6,106,25,3,9,14,0,0,Power Users
U00039,31,Web,20,12.2,51,9,0,33,10,1,1,Casual Browsers
U00040,48,iOS,23,11.7,64,17,3,25,11,0,2,Steady Engagers
U00041,25,Android,25,11.4,80,21,2,9,13,0,2,Steady Engagers
U00042,54,Android,5,2.3,8,0,0,42,0,0,3,At-Risk/Dormant
U00043,51,Android,9,11.7,24,2,0,29,6,0,1,Casual Browsers
U00044,35,Android,27,6.2,77,16,1,18,11,0,2,Steady Engagers
U00045,21,Android,29,21.4,101,22,5,8,3,0,0,Power Users
U00046,64,Web,27,17.8,91,31,5,10,14,0,0,Power Users
U00047,39,Android,5,2.6,16,0,0,54,1,1,3,At-Risk/Dormant
U00048,60,Web,14,8.9,29,5,0,30,6,0,1,Casual Browsers
U00049,50,Android,16,4.8,33,4,0,36,2,0,3,At-Risk/Dormant
U00050,55,Web,3,1.4,7,1,0,47,1,1,3,At-Risk/Dormant
U00051,54,Android,22,9.8,60,12,0,17,7,0,1,Casual Browsers
U00052,27,Android,8,3.1,20,2,0,35,7,1,3,At-Risk/Dormant
U00053,35,iOS,22,12.7,66,18,6,17,13,0,2,Steady Engagers
U00054,40,Android,9,5.0,12,2,0,37,7,0,3,At-Risk/Dormant
U00055,41,Web,21,9.6,53,10,0,27,11,0,1,Casual Browsers
U00056,20,Android,35,11.2,100,29,3,25,17,0,2,Steady Engagers
U00057,44,iOS,8,14.0,14,4,1,25,9,0,1,Casual Browsers
U00058,25,iOS,20,8.7,41,3,0,29,4,0,1,Casual Browsers
U00059,53,iOS,26,13.1,88,17,2,7,11,0,2,Steady Engagers
U00060,50,Android,14,7.1,31,5,0,45,4,1,3,At-Risk/Dormant
U00061,62,Android,8,6.1,27,3,0,38,4,1,3,At-Risk/Dormant
U00062,53,Android,11,9.8,30,6,2,30,5,0,1,Casual Browsers
U00063,35,Android,8,6.5,8,2,0,37,5,1,3,At-Risk/Dormant
U00064,64,Android,3,0.5,8,1,1,52,2,1,3,At-Risk/Dormant
U00065,37,Web,23,13.0,73,17,4,14,15,0,2,Steady Engagers
U00066,33,iOS,22,14.1,69,24,8,7,10,0,0,Power Users
U00067,61,iOS,22,14.6,56,11,1,23,5,0,1,Casual Browsers
U00068,35,Android,13,5.8,23,8,1,30,7,0,1,Casual Browsers
U00069,21,Android,13,9.3,37,9,1,34,5,0,1,Casual Browsers
U00070,40,iOS,17,9.4,55,12,2,18,12,0,1,Casual Browsers
U00071,56,Android,5,8.3,12,0,0,44,2,1,3,At-Risk/Dormant
U00072,27,Android,10,7.4,21,3,0,39,6,0,3,At-Risk/Dormant
U00073,40,iOS,15,5.9,46,9,1,28,10,0,1,Casual Browsers
U00074,24,iOS,14,12.8,34,5,1,25,7,0,1,Casual Browsers
U00075,50,Web,20,14.5,61,12,2,21,5,0,1,Casual Browsers
U00076,40,Android,9,6.1,22,3,0,43,6,0,3,At-Risk/Dormant
U00077,33,iOS,34,14.9,139,33,4,2,17,0,0,Power Users
U00078,28,Android,11,4.0,30,4,0,29,7,0,3,At-Risk/Dormant
U00079,45,Android,20,4.7,42,10,3,32,9,0,1,Casual Browsers
U00080,50,iOS,28,10.1,92,18,1,11,5,0,2,Steady Engagers
U00081,63,Android,16,10.3,37,7,0,30,2,0,1,Casual Browsers
U00082,38,iOS,25,14.2,75,17,2,24,11,0,2,Steady Engagers
U00083,25,Android,9,4.9,36,8,0,32,5,0,3,At-Risk/Dormant
U00084,57,Android,5,6.3,8,0,0,42,0,1,3,At-Risk/Dormant
U00085,48,Web,24,8.4,60,8,1,35,11,0,1,Casual Browsers
U00086,51,Android,7,2.1,11,0,0,43,2,0,3,At-Risk/Dormant
U00087,22,iOS,34,16.2,125,31,3,2,10,0,0,Power Users
U00088,32,Android,21,14.3,63,14,4,8,8,0,2,Steady Engagers
U00089,54,Web,14,1.0,27,4,0,37,4,1,3,At-Risk/Dormant
U00090,57,Android,25,13.7,80,23,8,6,11,0,0,Power Users
U00091,38,Android,9,1.5,16,1,0,34,5,0,3,At-Risk/Dormant
U00092,56,iOS,11,2.5,20,3,0,31,5,1,3,At-Risk/Dormant
U00093,58,Android,13,7.2,38,3,0,27,8,0,1,Casual Browsers
U00094,36,Android,8,4.2,22,4,0,37,6,1,3,At-Risk/Dormant
U00095,61,Web,2,0.5,4,0,0,45,0,1,3,At-Risk/Dormant
U00096,31,iOS,22,11.0,68,14,1,27,9,0,1,Casual Browsers
U00097,29,iOS,20,10.3,68,15,1,20,10,0,2,Steady Engagers
U00098,50,iOS,26,15.1,88,22,5,11,13,0,2,Steady Engagers
U00099,48,Web,18,10.6,51,15,1,20,4,0,1,Casual Browsers
U00100,24,Web,18,11.5,52,12,1,34,6,0,1,Casual Browsers
U00101,57,iOS,36,18.2,137,35,3,2,15,0,0,Power Users
U00102,27,Android,14,0.6,31,3,0,39,5,0,3,At-Risk/Dormant
U00103,56,Android,28,16.4,85,18,1,11,12,0,2,Steady Engagers
U00104,18,iOS,17,15.3,63,12,3,16,11,0,2,Steady Engagers
U00105,56,Web,15,5.9,41,7,2,44,3,1,3,At-Risk/Dormant
U00106,55,iOS,25,9.3,75,21,1,14,14,0,2,Steady Engagers
U00107,55,Android,11,8.6,27,4,0,30,2,0,3,At-Risk/Dormant
U00108,49,Android,33,11.8,112,24,2,46,9,0,2,Steady Engagers
U00109,40,iOS,41,15.1,134,40,9,0,17,0,0,Power Users
U00110,51,Web,11,6.8,24,5,0,30,6,0,3,At-Risk/Dormant
U00111,31,Android,22,14.5,68,19,2,15,8,0,2,Steady Engagers
U00112,55,iOS,11,8.8,27,6,1,35,6,0,1,Casual Browsers
U00113,44,iOS,14,15.6,36,11,2,20,12,0,1,Casual Browsers
U00114,40,Web,6,2.7,9,3,0,41,1,1,3,At-Risk/Dormant
U00115,42,Android,10,5.9,25,4,0,42,7,0,3,At-Risk/Dormant
U00116,45,Web,15,8.7,32,3,0,30,9,0,1,Casual Browsers
U00117,19,iOS,18,7.9,49,7,0,33,9,0,1,Casual Browsers
U00118,24,iOS,17,5.3,44,7,0,29,7,0,1,Casual Browsers
U00119,29,Android,43,17.4,177,51,14,0,13,0,0,Power Users
U00120,23,iOS,22,13.7,57,12,1,23,7,0,1,Casual Browsers
U00121,39,iOS,14,7.7,34,4,1,24,8,0,1,Casual Browsers
U00122,50,Android,19,7.7,45,9,1,26,2,0,1,Casual Browsers
U00123,49,Android,11,8.8,28,4,0,29,7,0,1,Casual Browsers
U00124,40,iOS,16,14.7,40,4,0,31,3,0,1,Casual Browsers
U00125,59,iOS,18,9.9,48,8,0,24,9,0,1,Casual Browsers
U00126,45,Android,16,9.6,40,13,2,40,8,0,1,Casual Browsers
U00127,21,Android,34,11.0,124,37,2,8,18,0,0,Power Users
U00128,54,Android,17,4.8,49,8,0,29,6,0,1,Casual Browsers
U00129,45,Web,12,6.6,27,7,2,44,3,0,3,At-Risk/Dormant
U00130,48,Web,6,3.6,13,0,0,41,4,1,3,At-Risk/Dormant
U00131,45,Android,16,7.2,44,6,0,32,6,0,1,Casual Browsers
U00132,44,Android,36,16.1,121,30,3,2,15,0,0,Power Users
U00133,22,Android,6,2.9,14,1,1,56,2,1,3,At-Risk/Dormant
U00134,44,iOS,7,4.5,12,1,0,40,2,0,3,At-Risk/Dormant
U00135,56,Web,22,14.9,55,14,0,12,6,0,2,Steady Engagers
U00136,32,iOS,5,0.5,11,1,0,43,2,1,3,At-Risk/Dormant
U00137,46,Android,16,10.4,47,12,2,20,7,0,1,Casual Browsers
U00138,19,Android,32,20.3,113,31,6,2,18,0,0,Power Users
U00139,34,Android,21,9.8,42,9,1,23,5,0,1,Casual Browsers
U00140,38,Web,5,4.9,13,0,0,34,4,0,3,At-Risk/Dormant
U00141,65,iOS,16,13.4,58,16,3,16,5,0,2,Steady Engagers
U00142,28,iOS,3,1.7,4,1,0,52,1,1,3,At-Risk/Dormant
U00143,31,Android,12,6.9,28,3,0,37,3,0,3,At-Risk/Dormant
U00144,37,Web,15,8.6,33,5,1,28,7,0,1,Casual Browsers
U00145,65,Android,16,15.0,47,9,0,21,6,0,1,Casual Browsers
U00146,58,Web,5,2.5,7,0,0,49,1,1,3,At-Risk/Dormant
U00147,19,Web,14,8.7,34,7,0,26,5,0,1,Casual Browsers
U00148,29,iOS,25,17.1,102,29,1,0,12,0,2,Steady Engagers
U00149,57,Web,18,6.7,38,8,0,34,5,0,1,Casual Browsers
U00150,20,Android,32,14.7,121,39,5,0,15,0,0,Power Users
U00151,59,iOS,31,17.6,98,28,6,9,12,0,0,Power Users
U00152,31,Android,13,7.7,33,5,0,30,6,0,1,Casual Browsers
U00153,62,iOS,29,15.6,82,29,7,1,16,0,0,Power Users
U00154,32,Android,21,12.1,62,10,2,23,8,0,1,Casual Browsers
U00155,38,Android,15,11.3,28,5,0,31,1,0,1,Casual Browsers
U00156,49,Android,13,13.5,38,2,0,34,1,0,1,Casual Browsers
U00157,24,Android,6,1.2,15,4,0,48,2,1,3,At-Risk/Dormant
U00158,44,iOS,7,8.3,20,0,1,33,9,0,3,At-Risk/Dormant
U00159,42,iOS,5,5.9,14,1,0,44,3,1,3,At-Risk/Dormant
U00160,55,Android,34,17.9,140,41,5,14,18,0,0,Power Users
U00161,65,Web,20,10.3,57,18,4,14,11,0,2,Steady Engagers
U00162,49,Web,20,11.2,41,6,0,29,12,0,1,Casual Browsers
U00163,37,Android,32,15.2,119,29,4,10,15,0,0,Power Users
U00164,37,Android,31,10.0,75,21,1,22,6,0,2,Steady Engagers
U00165,38,iOS,12,9.5,41,8,2,23,8,0,1,Casual Browsers
U00166,57,iOS,9,3.3,15,0,0,38,2,0,3,At-Risk/Dormant
U00167,33,Android,24,7.0,68,16,5,17,7,0,2,Steady Engagers
U00168,26,iOS,6,4.1,22,5,0,38,4,0,3,At-Risk/Dormant
U00169,34,Android,35,10.8,128,39,4,0,16,0,0,Power Users
U00170,19,Android,19,15.7,53,11,0,24,13,0,2,Steady Engagers
U00171,23,iOS,12,2.2,23,3,0,31,4,0,3,At-Risk/Dormant
U00172,22,iOS,23,10.9,53,5,0,23,5,0,1,Casual Browsers
U00173,55,Web,33,12.8,113,26,5,14,11,0,0,Power Users
U00174,52,Android,27,5.5,71,16,3,13,9,0,2,Steady Engagers
U00175,51,Android,31,19.1,100,34,7,0,13,0,0,Power Users
U00176,40,Android,38,24.5,156,45,11,6,20,0,0,Power Users
U00177,52,Android,16,6.9,31,7,1,23,11,0,1,Casual Browsers
U00178,25,Android,16,16.5,48,12,1,18,3,0,1,Casual Browsers
U00179,61,iOS,7,9.3,17,4,0,38,2,0,3,At-Risk/Dormant
U00180,42,iOS,5,0.5,7,0,0,43,6,1,3,At-Risk/Dormant
U00181,63,iOS,27,7.7,78,17,4,16,11,0,2,Steady Engagers
U00182,25,Android,12,6.1,26,2,0,36,4,1,3,At-Risk/Dormant
U00183,41,Android,9,7.5,10,1,0,40,2,1,3,At-Risk/Dormant
U00184,51,iOS,8,1.7,20,4,1,37,7,0,3,At-Risk/Dormant
U00185,41,Android,11,8.0,16,1,0,30,6,0,3,At-Risk/Dormant
U00186,39,Web,16,8.7,50,11,0,25,8,0,1,Casual Browsers
U00187,25,Android,21,7.8,52,9,1,19,8,0,1,Casual Browsers
U00188,36,iOS,19,8.1,57,10,0,37,7,0,1,Casual Browsers
U00189,29,Web,31,11.2,88,23,3,13,6,0,2,Steady Engagers
U00190,32,iOS,35,16.6,130,45,8,0,10,0,0,Power Users
U00191,50,iOS,18,15.1,45,16,4,16,13,0,2,Steady Engagers
U00192,48,iOS,11,5.6,35,7,0,34,3,0,3,At-Risk/Dormant
U00193,47,Android,11,5.3,27,3,1,36,2,0,3,At-Risk/Dormant
U00194,35,iOS,8,6.9,21,1,0,34,5,0,3,At-Risk/Dormant
U00195,64,Web,7,0.5,14,0,0,45,3,1,3,At-Risk/Dormant
U00196,22,Web,6,7.6,17,1,0,47,4,1,3,At-Risk/Dormant
U00197,34,Android,6,1.9,9,0,1,45,8,0,3,At-Risk/Dormant
U00198,23,Android,29,13.9,85,19,3,13,11,0,2,Steady Engagers
U00199,34,iOS,17,8.3,33,4,2,22,6,0,1,Casual Browsers
U00200,64,iOS,20,9.2,59,11,2,22,11,0,1,Casual Browsers
U00201,35,Android,9,10.9,33,6,1,40,4,0,3,At-Risk/Dormant
U00202,61,Android,5,4.9,9,0,0,44,4,1,3,At-Risk/Dormant
U00203,41,Android,7,1.2,10,0,0,43,0,0,3,At-Risk/Dormant
U00204,51,iOS,10,5.2,29,5,0,30,6,0,3,At-Risk/Dormant
U00205,39,Android,23,15.2,75,24,4,17,10,0,2,Steady Engagers
U00206,30,Android,21,13.4,59,15,1,16,11,0,2,Steady Engagers
U00207,54,Android,10,4.2,27,3,0,37,5,0,3,At-Risk/Dormant
U00208,64,Web,11,8.7,32,3,1,32,7,0,1,Casual Browsers
U00209,30,Android,12,7.5,32,6,1,23,8,0,1,Casual Browsers
U00210,55,Android,31,10.7,89,16,4,14,10,0,2,Steady Engagers
U00211,30,iOS,30,11.7,83,20,5,17,7,0,2,Steady Engagers
U00212,52,Android,38,16.7,157,51,6,0,10,0,0,Power Users
U00213,55,Web,20,2.6,47,9,1,27,10,1,1,Casual Browsers
U00214,39,Web,8,1.8,8,0,0,43,2,1,3,At-Risk/Dormant
U00215,53,Android,15,10.0,33,7,1,26,5,0,1,Casual Browsers
U00216,31,Android,14,8.8,37,6,0,36,6,0,1,Casual Browsers
U00217,21,Android,26,15.8,113,29,5,5,17,0,0,Power Users
U00218,22,Android,13,4.5,29,5,1,28,3,0,3,At-Risk/Dormant
U00219,39,Android,22,17.9,80,25,5,10,6,0,2,Steady Engagers
U00220,61,Android,21,9.4,64,15,1,33,9,0,1,Casual Browsers
U00221,24,Android,29,14.6,82,24,2,18,10,0,2,Steady Engagers
U00222,39,iOS,17,11.7,50,11,2,20,9,0,1,Casual Browsers
U00223,51,Android,18,7.0,41,3,0,30,4,0,1,Casual Browsers
U00224,27,Android,9,4.5,18,2,0,40,3,0,3,At-Risk/Dormant
U00225,52,iOS,10,4.7,25,4,0,34,7,0,3,At-Risk/Dormant
U00226,32,Android,9,4.6,12,0,1,42,3,1,3,At-Risk/Dormant
U00227,56,Android,7,5.9,8,0,0,37,5,0,3,At-Risk/Dormant
U00228,45,Android,11,1.4,21,4,0,37,5,0,3,At-Risk/Dormant
U00229,44,Android,22,7.8,64,13,1,21,6,0,1,Casual Browsers
U00230,26,Android,29,13.1,84,20,3,9,13,0,2,Steady Engagers
U00231,40,Web,4,0.5,5,1,0,48,2,1,3,At-Risk/Dormant
U00232,59,Web,20,16.4,72,13,1,14,17,0,2,Steady Engagers
U00233,18,Android,10,2.6,30,1,1,33,7,0,3,At-Risk/Dormant
U00234,54,Android,6,7.2,13,1,0,51,4,1,3,At-Risk/Dormant
U00235,41,iOS,21,9.0,65,17,1,17,7,0,1,Casual Browsers
U00236,52,iOS,33,18.6,124,36,5,5,18,0,0,Power Users
U00237,49,Android,8,8.0,21,1,0,36,3,1,3,At-Risk/Dormant
U00238,38,Android,12,4.8,25,3,0,26,6,1,3,At-Risk/Dormant
U00239,32,Android,2,3.4,8,0,0,44,3,0,3,At-Risk/Dormant
U00240,48,iOS,32,16.9,98,19,1,11,9,0,2,Steady Engagers
U00241,24,Android,10,5.1,16,3,0,37,2,0,3,At-Risk/Dormant
U00242,46,Android,14,14.3,34,10,3,33,9,0,1,Casual Browsers
U00243,22,Android,15,10.3,48,12,2,21,7,0,1,Casual Browsers
U00244,49,Android,7,5.8,16,2,0,42,1,1,3,At-Risk/Dormant
U00245,48,iOS,20,14.8,52,8,1,17,15,0,2,Steady Engagers
U00246,22,iOS,31,15.2,103,21,7,1,5,0,0,Power Users
U00247,54,iOS,15,5.9,30,4,0,34,7,0,3,At-Risk/Dormant
U00248,37,Android,15,6.4,35,5,0,32,6,0,1,Casual Browsers
U00249,55,Android,7,0.5,8,0,0,41,2,0,3,At-Risk/Dormant
U00250,19,Web,13,8.0,29,1,0,32,4,0,3,At-Risk/Dormant
U00251,26,iOS,22,13.0,53,9,0,14,10,0,1,Casual Browsers
U00252,41,Android,12,10.5,15,3,0,29,10,1,1,Casual Browsers
U00253,27,Android,21,16.3,61,10,3,15,13,0,2,Steady Engagers
U00254,33,Web,15,6.8,34,8,1,26,6,0,1,Casual Browsers
U00255,49,iOS,16,7.0,39,10,1,29,9,0,1,Casual Browsers
U00256,24,Web,12,7.4,34,5,0,25,8,0,1,Casual Browsers
U00257,50,iOS,17,12.8,39,8,0,25,9,0,1,Casual Browsers
U00258,22,Android,20,7.2,60,11,4,20,13,0,2,Steady Engagers
U00259,26,Android,19,8.7,56,11,3,34,8,0,1,Casual Browsers
U00260,46,Android,31,8.6,85,16,2,23,14,0,2,Steady Engagers
U00261,56,iOS,30,18.9,105,27,6,3,12,0,0,Power Users
U00262,26,iOS,17,9.5,42,10,0,25,6,0,1,Casual Browsers
U00263,32,Android,10,2.0,21,3,0,43,2,0,3,At-Risk/Dormant
U00264,62,Web,11,9.7,17,0,0,36,3,1,3,At-Risk/Dormant
U00265,65,Android,13,5.8,30,2,0,35,3,0,3,At-Risk/Dormant
U00266,45,Android,17,10.7,53,18,3,21,6,0,1,Casual Browsers
U00267,39,Android,13,1.4,30,4,0,32,4,0,3,At-Risk/Dormant
U00268,34,Web,21,14.9,65,13,3,16,13,0,2,Steady Engagers
U00269,47,Web,28,11.8,99,23,3,9,6,0,2,Steady Engagers
U00270,46,iOS,16,11.0,49,10,0,18,10,0,1,Casual Browsers
U00271,32,Web,25,10.0,67,17,2,13,10,0,2,Steady Engagers
U00272,19,Web,32,9.4,107,24,5,10,11,0,0,Power Users
U00273,25,Web,9,4.2,27,4,0,38,4,0,3,At-Risk/Dormant
U00274,64,Web,5,8.1,8,2,0,42,5,0,3,At-Risk/Dormant
U00275,38,Android,18,11.2,55,11,1,21,12,0,1,Casual Browsers
U00276,41,iOS,9,4.2,13,3,0,43,5,1,3,At-Risk/Dormant
U00277,40,iOS,16,3.9,36,7,0,31,9,1,1,Casual Browsers
U00278,55,iOS,16,14.2,35,9,2,21,4,0,1,Casual Browsers
U00279,21,Android,16,1.3,52,8,0,28,6,1,1,Casual Browsers
U00280,21,iOS,8,7.4,23,2,1,37,3,0,3,At-Risk/Dormant
U00281,31,Web,13,7.5,29,7,0,38,10,0,1,Casual Browsers
U00282,41,Android,11,6.0,22,3,0,41,4,1,3,At-Risk/Dormant
U00283,50,Web,14,4.2,26,4,1,31,6,1,3,At-Risk/Dormant
U00284,41,Android,28,12.9,83,19,3,14,5,0,2,Steady Engagers
U00285,39,Android,17,10.9,39,8,0,25,9,0,1,Casual Browsers
U00286,63,Android,14,13.4,47,6,1,20,8,0,1,Casual Browsers
U00287,25,iOS,11,7.4,37,4,0,35,4,0,3,At-Risk/Dormant
U00288,45,iOS,34,8.5,114,34,7,8,17,0,0,Power Users
U00289,44,Android,13,4.7,24,3,0,50,6,0,3,At-Risk/Dormant
U00290,40,iOS,15,4.0,25,1,0,32,5,1,3,At-Risk/Dormant
U00291,56,Android,13,6.6,22,2,0,32,3,0,3,At-Risk/Dormant
U00292,30,Android,13,6.5,29,2,0,38,5,1,3,At-Risk/Dormant
U00293,63,Web,6,8.2,16,2,1,42,5,1,3,At-Risk/Dormant
U00294,33,iOS,37,16.0,138,35,10,0,18,0,0,Power Users
U00295,44,iOS,16,7.4,29,3,0,31,3,0,3,At-Risk/Dormant
U00296,42,iOS,16,9.0,38,10,0,20,5,0,1,Casual Browsers
U00297,58,Web,25,16.2,78,18,0,14,5,0,2,Steady Engagers
U00298,39,Android,21,9.9,62,13,2,20,11,0,2,Steady Engagers
U00299,31,Android,12,2.1,31,1,0,38,2,0,3,At-Risk/Dormant
U00300,19,Android,24,8.9,56,7,1,25,8,0,1,Casual Browsers
U00301,35,iOS,7,7.3,15,2,1,39,5,1,3,At-Risk/Dormant
U00302,57,iOS,29,16.2,110,34,4,0,15,0,0,Power Users
U00303,18,iOS,34,11.7,86,21,1,24,12,0,2,Steady Engagers
U00304,61,Android,11,6.1,34,4,1,31,3,1,3,At-Risk/Dormant
U00305,44,Android,17,5.7,45,8,2,25,6,0,1,Casual Browsers
U00306,24,iOS,8,2.6,10,1,0,37,1,0,3,At-Risk/Dormant
U00307,32,Web,31,12.6,112,29,3,11,16,0,0,Power Users
U00308,44,Android,9,10.7,23,1,0,37,3,1,3,At-Risk/Dormant
U00309,33,Android,13,8.6,19,3,0,33,4,0,3,At-Risk/Dormant
U00310,23,Android,3,1.9,3,0,0,43,4,0,3,At-Risk/Dormant
U00311,49,Android,21,15.9,58,15,2,24,6,0,2,Steady Engagers
U00312,50,Android,13,8.3,22,2,0,38,4,0,3,At-Risk/Dormant
U00313,23,Android,23,18.2,74,21,1,10,14,0,2,Steady Engagers
U00314,31,iOS,16,5.8,27,2,0,27,3,0,3,At-Risk/Dormant
U00315,29,Android,11,10.4,27,7,0,36,6,0,1,Casual Browsers
U00316,49,Android,12,12.6,36,5,1,43,4,1,1,Casual Browsers
U00317,53,Android,15,6.9,47,7,3,32,5,0,1,Casual Browsers
U00318,52,Web,17,9.1,53,11,1,29,7,0,1,Casual Browsers
U00319,63,Android,11,7.3,25,4,0,33,6,0,3,At-Risk/Dormant
U00320,54,Android,36,14.3,118,27,3,8,13,0,0,Power Users
U00321,33,Android,36,20.7,138,36,4,0,18,0,0,Power Users
U00322,23,iOS,11,4.4,18,1,0,36,0,1,3,At-Risk/Dormant
U00323,47,Web,9,3.1,19,3,0,38,8,0,3,At-Risk/Dormant
U00324,61,Android,16,8.3,32,3,0,58,8,1,3,At-Risk/Dormant
U00325,64,Android,17,10.6,44,3,1,26,6,0,1,Casual Browsers
U00326,29,Android,33,10.3,125,37,5,18,15,0,0,Power Users
U00327,29,iOS,28,14.4,94,21,2,16,9,0,2,Steady Engagers
U00328,19,Web,16,7.4,49,7,1,28,5,0,1,Casual Browsers
U00329,24,Android,18,8.0,47,8,2,29,9,0,1,Casual Browsers
U00330,44,Android,16,3.7,42,6,0,28,4,0,3,At-Risk/Dormant
U00331,44,iOS,11,8.1,27,5,0,32,6,0,3,At-Risk/Dormant
U00332,35,iOS,17,8.7,53,15,0,22,3,0,1,Casual Browsers
U00333,32,Android,17,11.4,35,9,2,22,12,0,1,Casual Browsers
U00334,57,Android,15,5.7,44,7,0,29,5,0,1,Casual Browsers
U00335,40,Android,19,4.0,51,8,1,30,9,0,1,Casual Browsers
U00336,56,iOS,28,13.7,93,31,7,4,11,0,0,Power Users
U00337,64,iOS,6,3.3,8,1,0,38,1,0,3,At-Risk/Dormant
U00338,33,iOS,2,0.5,4,0,0,57,0,1,3,At-Risk/Dormant
U00339,27,Web,20,11.8,62,18,1,23,9,0,2,Steady Engagers
U00340,63,Android,28,19.2,89,20,2,11,10,0,2,Steady Engagers
U00341,48,Android,7,0.5,18,3,0,42,6,0,3,At-Risk/Dormant
U00342,31,Android,14,6.8,35,7,1,25,5,0,1,Casual Browsers
U00343,47,Web,15,6.3,34,8,1,28,1,1,3,At-Risk/Dormant
U00344,42,iOS,19,7.1,41,5,1,24,5,0,1,Casual Browsers
U00345,61,Android,5,8.3,14,2,0,38,4,0,3,At-Risk/Dormant
U00346,30,Android,17,6.4,42,1,0,28,7,0,1,Casual Browsers
U00347,65,iOS,13,7.2,34,2,0,28,4,0,3,At-Risk/Dormant
U00348,62,iOS,28,14.2,85,19,3,16,13,0,2,Steady Engagers
U00349,26,iOS,19,11.0,50,16,2,25,4,0,1,Casual Browsers
U00350,25,Android,15,13.2,41,7,1,28,8,0,1,Casual Browsers
U00351,43,Web,23,8.8,55,8,1,29,5,0,1,Casual Browsers
U00352,20,iOS,11,9.3,16,2,0,44,3,1,3,At-Risk/Dormant
U00353,32,iOS,16,9.3,43,10,2,21,10,0,1,Casual Browsers
U00354,38,iOS,14,4.3,28,3,0,34,2,0,3,At-Risk/Dormant
U00355,64,Web,24,12.9,69,15,0,19,10,0,2,Steady Engagers
U00356,65,Web,15,8.9,32,6,1,22,8,0,1,Casual Browsers
U00357,25,iOS,9,8.5,22,4,0,40,5,1,3,At-Risk/Dormant
U00358,60,Android,27,15.2,90,20,4,13,12,0,2,Steady Engagers
U00359,22,Android,11,7.9,23,2,0,34,6,0,3,At-Risk/Dormant
U00360,53,Web,9,4.9,17,3,0,29,7,0,3,At-Risk/Dormant
U00361,58,iOS,35,11.5,121,41,6,6,13,0,0,Power Users
U00362,60,Android,28,16.3,113,29,3,4,15,0,0,Power Users
U00363,28,Android,23,8.0,77,15,1,14,5,0,1,Casual Browsers
U00364,60,Web,29,11.1,95,19,2,7,17,0,2,Steady Engagers
U00365,23,Web,37,10.8,117,36,4,12,13,0,0,Power Users
U00366,42,Web,13,7.4,38,8,0,30,9,0,1,Casual Browsers
U00367,40,Android,23,10.3,57,13,4,19,13,0,2,Steady Engagers
U00368,33,iOS,31,13.8,94,24,4,5,10,0,2,Steady Engagers
U00369,19,Web,35,15.8,119,40,8,0,16,0,0,Power Users
U00370,55,Android,11,5.6,31,1,0,28,8,1,1,Casual Browsers
U00371,34,Android,11,3.5,27,1,0,33,4,0,3,At-Risk/Dormant
U00372,49,Web,9,4.8,22,4,0,36,3,1,3,At-Risk/Dormant
U00373,37,Android,27,9.8,65,11,1,20,15,0,2,Steady Engagers
U00374,35,iOS,31,13.4,101,21,4,7,11,0,2,Steady Engagers
U00375,60,iOS,11,1.9,19,1,0,41,3,1,3,At-Risk/Dormant
U00376,22,iOS,22,13.6,61,13,3,11,2,0,2,Steady Engagers
U00377,53,Android,15,9.9,39,10,0,28,9,0,1,Casual Browsers
U00378,53,iOS,16,12.2,61,13,2,8,8,0,2,Steady Engagers
U00379,36,Android,27,11.7,90,23,4,10,12,0,2,Steady Engagers
U00380,30,Web,4,2.1,10,1,0,34,4,1,3,At-Risk/Dormant
U00381,18,Android,11,8.1,22,2,0,31,1,0,3,At-Risk/Dormant
U00382,62,iOS,25,14.4,51,10,3,21,4,0,1,Casual Browsers
U00383,63,iOS,19,11.7,49,13,1,29,5,0,1,Casual Browsers
U00384,29,Android,32,13.2,102,27,4,8,14,0,0,Power Users
U00385,19,Android,22,9.2,51,13,0,22,7,0,1,Casual Browsers
U00386,23,iOS,7,6.5,21,8,2,37,2,0,3,At-Risk/Dormant
U00387,21,Android,17,8.3,46,14,2,23,7,0,1,Casual Browsers
U00388,57,Android,26,11.6,79,15,2,13,10,0,2,Steady Engagers
U00389,60,iOS,31,14.8,98,20,3,11,12,0,2,Steady Engagers
U00390,25,Web,17,7.2,57,11,2,35,6,0,1,Casual Browsers
U00391,53,iOS,26,12.6,93,24,3,13,4,0,2,Steady Engagers
U00392,26,Android,23,10.1,58,7,2,18,4,0,1,Casual Browsers
U00393,35,Web,7,2.3,11,2,0,40,6,1,3,At-Risk/Dormant
U00394,46,iOS,8,2.8,14,1,0,35,7,0,3,At-Risk/Dormant
U00395,52,Android,21,7.9,51,9,0,29,2,1,1,Casual Browsers
U00396,59,Android,8,3.6,14,1,0,43,7,1,3,At-Risk/Dormant
U00397,20,Android,23,9.5,55,14,3,35,10,0,1,Casual Browsers
U00398,27,Android,15,11.7,34,5,0,22,8,0,1,Casual Browsers
U00399,31,iOS,9,7.4,22,3,0,31,9,0,1,Casual Browsers
U00400,32,Android,36,15.6,128,31,8,3,18,0,0,Power Users
U00401,65,iOS,11,6.7,28,6,1,37,4,0,3,At-Risk/Dormant
U00402,55,Android,12,12.9,31,9,1,26,10,0,1,Casual Browsers
U00403,33,Android,22,9.9,58,10,1,24,4,0,1,Casual Browsers
U00404,64,Android,6,5.4,12,2,0,37,5,0,3,At-Risk/Dormant
U00405,41,iOS,30,15.8,103,33,2,5,14,0,0,Power Users
U00406,42,iOS,33,15.3,134,45,7,0,13,0,0,Power Users
U00407,38,Android,28,11.9,91,19,2,11,11,0,2,Steady Engagers
U00408,24,Android,10,5.5,20,3,0,36,3,0,3,At-Risk/Dormant
U00409,62,Android,22,11.3,75,11,1,12,14,0,2,Steady Engagers
U00410,18,Web,15,9.7,27,6,1,37,3,1,3,At-Risk/Dormant
U00411,26,Android,25,9.3,76,21,2,17,10,0,2,Steady Engagers
U00412,29,iOS,36,17.9,144,39,12,0,13,0,0,Power Users
U00413,31,Android,14,10.7,40,7,0,24,7,0,1,Casual Browsers
U00414,24,Android,27,15.2,99,28,4,7,12,0,0,Power Users
U00415,18,iOS,8,3.4,11,2,0,40,4,0,3,At-Risk/Dormant
U00416,50,iOS,18,9.3,52,11,2,20,7,0,1,Casual Browsers
U00417,64,Android,7,7.5,10,2,1,48,3,1,3,At-Risk/Dormant
U00418,23,Web,13,7.1,28,5,0,30,8,0,1,Casual Browsers
U00419,32,Android,30,17.4,105,21,4,9,10,0,2,Steady Engagers
U00420,42,Android,29,12.4,84,15,4,6,6,0,2,Steady Engagers
U00421,62,Android,8,6.5,12,1,0,32,6,1,3,At-Risk/Dormant
U00422,51,iOS,26,7.4,88,19,3,15,8,0,2,Steady Engagers
U00423,54,iOS,30,10.9,87,17,1,6,12,0,2,Steady Engagers
U00424,45,Android,12,11.9,39,9,3,15,8,0,1,Casual Browsers
U00425,38,Web,17,14.4,45,7,3,19,7,0,1,Casual Browsers
U00426,27,iOS,23,15.2,88,15,4,8,9,0,2,Steady Engagers
U00427,59,Web,35,15.9,96,22,1,5,12,0,2,Steady Engagers
U00428,56,Web,15,12.1,32,4,0,27,4,0,1,Casual Browsers
U00429,19,Web,10,8.7,26,3,0,33,4,1,3,At-Risk/Dormant
U00430,52,iOS,23,10.2,52,9,0,31,5,0,1,Casual Browsers
U00431,22,Android,17,7.6,45,7,1,32,4,0,1,Casual Browsers
U00432,53,Android,19,12.7,51,8,0,30,6,0,1,Casual Browsers
U00433,57,iOS,14,8.6,34,5,0,32,8,1,1,Casual Browsers
U00434,24,Android,28,16.3,77,14,4,9,12,0,2,Steady Engagers
U00435,38,iOS,24,15.5,107,35,6,8,11,0,0,Power Users
U00436,23,Android,18,12.6,59,6,0,17,9,0,1,Casual Browsers
U00437,45,Web,27,11.9,62,8,1,15,5,0,1,Casual Browsers
U00438,62,Android,7,2.0,13,0,0,41,2,1,3,At-Risk/Dormant
U00439,21,Web,17,7.2,53,13,1,19,13,0,1,Casual Browsers
U00440,37,Android,12,6.7,27,4,1,36,3,1,3,At-Risk/Dormant
U00441,64,Android,12,9.4,28,5,2,26,13,0,1,Casual Browsers
U00442,32,Web,22,8.5,52,12,2,19,8,0,1,Casual Browsers
U00443,24,Web,19,11.4,45,7,1,16,4,0,1,Casual Browsers
U00444,41,iOS,25,11.7,70,12,1,18,8,0,2,Steady Engagers
U00445,42,Web,21,14.3,50,16,2,22,13,0,2,Steady Engagers
U00446,49,Android,7,6.0,12,0,0,41,5,1,3,At-Risk/Dormant
U00447,33,Web,27,14.3,84,14,2,10,13,0,2,Steady Engagers
U00448,63,Android,20,13.5,67,21,2,18,13,0,2,Steady Engagers
U00449,43,iOS,13,7.7,31,9,0,24,9,0,1,Casual Browsers
U00450,31,Android,14,7.8,32,2,1,27,8,1,1,Casual Browsers
U00451,64,Android,19,10.3,48,12,1,16,7,0,1,Casual Browsers
U00452,62,iOS,12,9.3,29,5,1,21,12,0,1,Casual Browsers
U00453,41,iOS,11,7.2,24,2,0,34,4,0,3,At-Risk/Dormant
U00454,19,Android,31,14.0,87,14,2,13,7,0,2,Steady Engagers
U00455,46,Web,5,5.3,13,1,0,40,2,0,3,At-Risk/Dormant
U00456,44,iOS,15,10.2,43,10,0,24,6,0,1,Casual Browsers
U00457,25,Android,8,7.2,6,1,0,39,2,0,3,At-Risk/Dormant
U00458,48,iOS,30,15.7,105,26,3,10,12,0,2,Steady Engagers
U00459,58,Android,16,9.5,47,6,1,22,6,0,1,Casual Browsers
U00460,23,Android,27,15.2,89,18,1,13,9,0,2,Steady Engagers
U00461,52,iOS,28,19.2,88,20,3,4,12,0,2,Steady Engagers
U00462,24,Android,30,15.8,104,21,4,3,15,0,0,Power Users
U00463,53,Android,22,10.7,57,10,2,17,8,0,1,Casual Browsers
U00464,38,iOS,8,2.5,11,1,0,42,4,1,3,At-Risk/Dormant
U00465,18,Android,27,13.5,78,18,1,17,16,0,2,Steady Engagers
U00466,64,Web,24,12.9,59,13,1,8,10,0,2,Steady Engagers
U00467,25,iOS,19,4.1,39,5,2,42,6,0,3,At-Risk/Dormant
U00468,46,Android,14,4.0,27,3,1,31,5,1,3,At-Risk/Dormant
U00469,26,iOS,34,13.3,117,39,6,5,16,0,0,Power Users
U00470,62,Android,10,5.8,20,3,1,29,9,0,1,Casual Browsers
U00471,53,iOS,21,6.9,60,7,0,24,13,0,1,Casual Browsers
U00472,56,Android,32,17.5,101,35,3,6,14,0,0,Power Users
U00473,38,Web,17,12.1,48,6,4,34,6,0,1,Casual Browsers
U00474,40,Android,21,14.4,82,16,2,16,8,0,2,Steady Engagers
U00475,48,iOS,25,9.4,86,27,8,5,11,0,0,Power Users
U00476,55,Android,19,8.9,58,10,1,28,7,0,1,Casual Browsers
U00477,58,Android,21,14.1,73,15,2,12,11,0,2,Steady Engagers
U00478,18,iOS,16,15.3,60,12,2,23,12,0,2,Steady Engagers
U00479,49,iOS,9,8.0,16,1,0,48,0,0,3,At-Risk/Dormant
U00480,23,Web,9,8.0,20,2,0,28,8,0,1,Casual Browsers
U00481,31,Android,14,8.7,35,5,0,26,6,0,1,Casual Browsers
U00482,57,Android,7,6.6,20,3,0,36,2,0,3,At-Risk/Dormant
U00483,30,Android,4,1.9,15,1,0,48,0,0,3,At-Risk/Dormant
U00484,56,Android,20,6.7,47,7,1,28,12,0,1,Casual Browsers
U00485,40,Web,12,8.2,36,4,0,31,1,0,3,At-Risk/Dormant
U00486,29,Web,24,9.9,72,11,1,23,7,0,1,Casual Browsers
U00487,34,Web,16,9.5,47,11,4,21,9,0,1,Casual Browsers
U00488,43,Android,40,12.5,137,48,9,0,17,0,0,Power Users
U00489,54,Android,16,1.5,39,6,0,30,7,0,3,At-Risk/Dormant
U00490,47,iOS,23,6.2,42,5,1,33,3,0,1,Casual Browsers
U00491,62,Android,34,17.7,119,40,10,0,17,0,0,Power Users
U00492,59,iOS,7,2.4,8,1,0,53,1,0,3,At-Risk/Dormant
U00493,54,Android,11,10.4,22,5,1,29,2,0,3,At-Risk/Dormant
U00494,46,Android,10,5.7,23,4,0,38,6,0,3,At-Risk/Dormant
U00495,31,Web,24,7.5,96,24,4,15,15,0,2,Steady Engagers
U00496,37,Android,20,15.2,55,14,2,28,5,0,1,Casual Browsers
U00497,23,Web,3,0.5,3,0,0,47,1,1,3,At-Risk/Dormant
U00498,35,Android,22,8.5,54,13,1,23,10,0,1,Casual Browsers
U00499,62,Android,12,5.8,26,4,0,31,9,0,1,Casual Browsers
U00500,38,Android,19,14.0,63,17,2,16,5,0,2,Steady Engagers
U00501,23,Android,36,12.5,133,36,9,0,16,0,0,Power Users
U00502,49,iOS,24,14.0,69,16,2,34,16,0,2,Steady Engagers
U00503,64,Android,16,5.1,37,2,0,31,7,0,1,Casual Browsers
U00504,59,iOS,33,18.6,115,35,2,4,16,0,0,Power Users
U00505,31,Web,13,5.3,28,4,1,18,8,0,1,Casual Browsers
U00506,39,Android,15,8.6,51,11,4,25,7,0,1,Casual Browsers
U00507,43,Android,24,12.8,73,14,1,21,6,0,2,Steady Engagers
U00508,29,Android,19,5.6,52,9,2,22,5,0,1,Casual Browsers
U00509,30,iOS,16,10.9,38,7,2,23,8,1,1,Casual Browsers
U00510,29,iOS,13,7.9,29,4,1,27,7,0,1,Casual Browsers
U00511,65,Android,13,7.6,31,4,1,28,4,0,1,Casual Browsers
U00512,53,iOS,19,5.6,39,9,0,29,6,0,1,Casual Browsers
U00513,58,iOS,25,12.0,70,15,1,17,6,0,2,Steady Engagers
U00514,57,Android,16,10.6,43,7,1,21,8,0,1,Casual Browsers
U00515,64,Android,14,7.8,36,7,2,33,9,0,1,Casual Browsers
U00516,23,Web,10,6.9,27,2,0,27,8,0,1,Casual Browsers
U00517,60,Android,35,13.6,122,38,10,7,7,0,0,Power Users
U00518,21,Android,16,10.6,42,7,0,22,10,0,1,Casual Browsers
U00519,40,Android,19,10.2,60,14,1,19,6,0,1,Casual Browsers
U00520,46,iOS,35,20.1,136,35,9,6,8,0,0,Power Users
U00521,35,Android,35,20.5,115,32,10,16,17,0,0,Power Users
U00522,25,Android,23,13.3,79,17,3,9,11,0,2,Steady Engagers
U00523,27,Android,12,5.8,32,5,0,28,5,0,3,At-Risk/Dormant
U00524,57,iOS,26,12.1,79,13,2,14,8,0,2,Steady Engagers
U00525,33,Android,21,12.1,57,18,1,24,14,0,2,Steady Engagers
U00526,32,Web,7,4.9,11,3,0,37,2,0,3,At-Risk/Dormant
U00527,62,Android,15,7.5,29,2,0,31,8,0,1,Casual Browsers
U00528,24,Android,8,6.1,14,3,0,36,4,0,3,At-Risk/Dormant
U00529,61,Web,20,9.0,57,13,0,29,7,0,1,Casual Browsers
U00530,62,Web,9,5.1,25,2,1,38,6,0,3,At-Risk/Dormant
U00531,46,Android,25,9.9,92,25,4,13,6,0,2,Steady Engagers
U00532,25,Web,24,4.6,64,9,1,26,9,0,1,Casual Browsers
U00533,25,iOS,10,3.0,19,1,0,33,3,0,3,At-Risk/Dormant
U00534,31,Android,29,16.7,100,32,6,0,9,0,0,Power Users
U00535,45,Web,29,16.1,63,19,6,7,15,0,0,Power Users
U00536,25,iOS,33,16.9,120,29,7,11,11,0,0,Power Users
U00537,39,Android,24,17.3,85,17,1,2,7,0,2,Steady Engagers
U00538,23,iOS,8,4.6,15,1,0,36,6,0,3,At-Risk/Dormant
U00539,43,Android,15,19.5,45,16,3,10,12,0,2,Steady Engagers
U00540,19,Android,18,11.8,59,17,0,10,12,0,2,Steady Engagers
U00541,52,Web,15,6.9,33,7,0,27,0,0,3,At-Risk/Dormant
U00542,20,iOS,24,13.9,71,21,4,9,13,0,2,Steady Engagers
U00543,27,iOS,10,4.0,23,2,0,34,4,0,3,At-Risk/Dormant
U00544,26,iOS,24,12.8,70,22,3,13,5,0,2,Steady Engagers
U00545,57,iOS,30,14.3,120,28,8,0,18,0,0,Power Users
U00546,20,Android,15,6.8,35,12,0,28,4,0,1,Casual Browsers
U00547,38,Web,14,7.4,27,6,0,41,4,0,3,At-Risk/Dormant
U00548,46,iOS,17,6.5,42,5,0,40,4,1,3,At-Risk/Dormant
U00549,42,iOS,18,16.2,55,15,1,17,4,0,1,Casual Browsers
U00550,50,iOS,12,11.6,33,3,0,33,3,0,1,Casual Browsers
U00551,56,Android,30,6.5,75,14,4,16,9,0,2,Steady Engagers
U00552,36,Android,18,2.6,38,7,1,35,8,1,1,Casual Browsers
U00553,57,Android,43,18.5,140,36,8,5,13,0,0,Power Users
U00554,33,Android,21,8.8,50,4,0,21,3,0,1,Casual Browsers
U00555,65,iOS,24,7.9,68,14,1,17,13,0,2,Steady Engagers
U00556,42,Web,4,4.2,9,0,0,60,2,1,3,At-Risk/Dormant
U00557,53,Android,14,11.7,34,7,0,26,5,0,1,Casual Browsers
U00558,60,Android,19,16.0,52,16,0,13,5,0,1,Casual Browsers
U00559,56,iOS,18,9.1,44,11,1,28,11,0,1,Casual Browsers
U00560,58,Android,17,11.0,43,7,0,26,5,0,1,Casual Browsers
U00561,43,Web,5,4.3,11,2,0,42,3,1,3,At-Risk/Dormant
U00562,20,Android,16,9.3,42,8,1,22,7,0,1,Casual Browsers
U00563,41,Android,21,10.5,58,9,0,24,6,0,1,Casual Browsers
U00564,26,Android,10,3.5,15,2,0,37,3,0,3,At-Risk/Dormant
U00565,60,Web,12,12.3,25,1,0,27,6,0,1,Casual Browsers
U00566,29,Android,25,12.0,66,12,1,12,15,0,2,Steady Engagers
U00567,28,iOS,18,8.7,43,7,1,24,4,0,1,Casual Browsers
U00568,29,Android,15,5.7,32,6,0,23,3,0,1,Casual Browsers
U00569,48,Android,15,12.5,45,6,0,20,6,0,1,Casual Browsers
U00570,45,Web,14,10.5,26,3,0,37,6,0,1,Casual Browsers
U00571,63,Android,24,12.2,69,15,2,16,9,0,2,Steady Engagers
U00572,37,Android,30,14.1,90,22,3,9,14,0,2,Steady Engagers
U00573,31,iOS,26,11.3,76,26,3,14,7,0,2,Steady Engagers
U00574,20,Web,9,4.5,24,2,0,39,4,0,3,At-Risk/Dormant
U00575,18,Android,8,12.4,23,4,0,29,11,0,1,Casual Browsers
U00576,35,Android,13,6.4,36,5,1,25,4,0,1,Casual Browsers
U00577,62,Web,18,3.3,37,5,1,22,7,0,1,Casual Browsers
U00578,43,iOS,9,12.3,22,4,0,37,6,1,1,Casual Browsers
U00579,60,Web,5,5.2,7,0,0,36,4,1,3,At-Risk/Dormant
U00580,22,iOS,16,7.3,29,5,0,24,11,0,1,Casual Browsers
U00581,22,iOS,32,14.1,107,27,10,4,14,0,0,Power Users
U00582,58,Android,10,8.5,29,3,0,47,3,0,3,At-Risk/Dormant
U00583,23,Android,37,12.3,147,37,3,1,10,0,0,Power Users
U00584,20,iOS,21,9.9,55,14,3,21,3,0,1,Casual Browsers
U00585,37,iOS,10,6.5,21,1,0,39,6,1,3,At-Risk/Dormant
U00586,62,Web,14,5.9,34,3,0,30,6,0,1,Casual Browsers
U00587,51,iOS,31,9.1,90,22,3,10,12,0,2,Steady Engagers
U00588,22,Android,22,9.2,72,5,0,18,10,0,1,Casual Browsers
U00589,58,iOS,22,7.4,64,9,2,23,8,0,1,Casual Browsers
U00590,58,iOS,17,7.3,37,2,0,29,5,0,1,Casual Browsers
U00591,56,Android,19,8.2,53,13,1,22,7,0,1,Casual Browsers
U00592,61,iOS,7,4.1,16,0,0,40,1,1,3,At-Risk/Dormant
U00593,29,iOS,9,4.0,18,2,0,40,2,1,3,At-Risk/Dormant
U00594,65,Android,43,15.3,147,34,4,12,8,0,0,Power Users
U00595,33,iOS,13,7.3,28,6,1,27,7,1,1,Casual Browsers
U00596,56,iOS,23,11.8,63,22,0,12,12,0,2,Steady Engagers
U00597,45,Web,13,7.1,28,3,2,28,8,0,1,Casual Browsers
U00598,55,Android,8,0.5,18,2,0,43,3,1,3,At-Risk/Dormant
U00599,48,iOS,12,8.8,37,10,2,34,3,0,1,Casual Browsers
U00600,48,iOS,31,16.4,105,28,3,8,14,0,0,Power Users
U00601,47,iOS,12,4.3,19,0,0,44,5,1,3,At-Risk/Dormant
U00602,55,Android,40,15.5,135,43,6,8,17,0,0,Power Users
U00603,53,Web,21,6.8,49,7,3,19,9,0,1,Casual Browsers
U00604,24,Web,24,11.4,55,12,0,27,7,1,1,Casual Browsers
U00605,57,iOS,19,12.9,45,9,1,14,10,0,1,Casual Browsers
U00606,43,iOS,21,10.3,60,17,2,19,6,0,1,Casual Browsers
U00607,33,Android,23,17.1,96,27,5,6,14,0,0,Power Users
U00608,42,iOS,26,14.5,73,19,3,10,14,0,2,Steady Engagers
U00609,64,Android,5,3.3,20,3,0,40,5,0,3,At-Risk/Dormant
U00610,59,iOS,17,12.5,37,6,0,30,12,0,1,Casual Browsers
U00611,58,Android,20,13.1,47,8,1,30,4,0,1,Casual Browsers
U00612,40,iOS,17,11.4,41,7,0,31,6,0,1,Casual Browsers
U00613,55,Android,20,15.9,68,21,1,13,15,0,2,Steady Engagers
U00614,36,iOS,19,6.4,46,5,2,31,14,1,1,Casual Browsers
U00615,50,iOS,17,6.4,40,9,0,33,4,0,1,Casual Browsers
U00616,48,Android,35,16.4,114,27,5,6,10,0,0,Power Users
U00617,29,Android,8,5.2,19,3,0,50,4,1,3,At-Risk/Dormant
U00618,30,Web,15,7.9,34,5,1,25,13,0,1,Casual Browsers
U00619,20,iOS,4,3.4,19,4,1,41,5,0,3,At-Risk/Dormant
U00620,24,Android,26,11.3,88,28,2,16,7,0,2,Steady Engagers
U00621,38,Android,25,9.3,68,15,3,23,13,0,2,Steady Engagers
U00622,40,Android,14,5.4,22,3,0,37,9,0,3,At-Risk/Dormant
U00623,25,iOS,9,6.7,21,3,0,29,1,0,3,At-Risk/Dormant
U00624,38,iOS,12,10.0,27,4,0,28,4,0,1,Casual Browsers
U00625,47,Android,14,9.8,29,6,1,29,6,0,1,Casual Browsers
U00626,29,iOS,19,13.7,52,14,2,14,9,0,2,Steady Engagers
U00627,34,iOS,9,1.7,34,5,1,40,1,1,3,At-Risk/Dormant
U00628,35,iOS,20,11.7,54,7,0,18,7,0,1,Casual Browsers
U00629,42,Android,7,4.5,10,0,0,42,0,0,3,At-Risk/Dormant
U00630,35,Android,32,11.3,78,18,0,14,14,0,2,Steady Engagers
U00631,53,Android,20,11.6,50,6,1,22,6,0,1,Casual Browsers
U00632,33,Android,3,6.0,7,1,0,40,3,1,3,At-Risk/Dormant
U00633,38,Android,14,4.5,46,5,2,24,7,0,1,Casual Browsers
U00634,36,Android,14,9.7,25,6,1,27,7,0,1,Casual Browsers
U00635,26,Android,23,9.1,64,19,0,24,12,0,2,Steady Engagers
U00636,50,iOS,9,0.5,16,1,0,51,3,1,3,At-Risk/Dormant
U00637,29,Android,26,14.0,86,22,3,10,16,0,2,Steady Engagers
U00638,32,iOS,17,6.6,31,6,1,26,7,1,1,Casual Browsers
U00639,56,Android,9,5.7,17,1,0,40,0,1,3,At-Risk/Dormant
U00640,63,iOS,18,9.3,43,6,0,28,8,1,1,Casual Browsers
U00641,50,Android,16,8.6,37,8,2,27,3,0,1,Casual Browsers
U00642,61,iOS,14,4.6,36,6,1,36,5,0,3,At-Risk/Dormant
U00643,59,iOS,16,5.0,30,2,1,29,4,0,3,At-Risk/Dormant
U00644,41,Android,6,2.4,8,2,0,45,2,1,3,At-Risk/Dormant
U00645,54,iOS,24,12.2,67,15,0,16,8,0,2,Steady Engagers
U00646,33,Android,13,6.9,21,5,0,49,3,1,3,At-Risk/Dormant
U00647,40,iOS,16,9.9,46,6,0,31,11,0,1,Casual Browsers
U00648,43,Android,23,11.2,70,16,2,10,8,0,2,Steady Engagers
U00649,64,Android,15,5.9,44,6,0,29,7,1,1,Casual Browsers
U00650,58,Android,29,11.7,96,15,2,18,7,0,2,Steady Engagers
U00651,41,Web,10,8.2,24,2,0,35,3,0,3,At-Risk/Dormant
U00652,49,Android,19,11.1,70,19,4,25,8,0,2,Steady Engagers
U00653,27,iOS,17,12.9,44,7,0,17,10,0,1,Casual Browsers
U00654,56,Android,29,8.0,102,18,1,18,6,0,2,Steady Engagers
U00655,44,Android,19,12.4,72,21,3,10,7,0,2,Steady Engagers
U00656,43,Android,8,6.8,20,5,0,41,0,0,3,At-Risk/Dormant
U00657,54,Web,23,1.5,64,14,2,27,9,0,1,Casual Browsers
U00658,48,iOS,29,15.3,69,17,3,10,8,0,2,Steady Engagers
U00659,21,Android,6,4.5,12,1,0,40,2,0,3,At-Risk/Dormant
U00660,31,iOS,13,8.3,37,5,0,29,6,0,1,Casual Browsers
U00661,26,Android,17,1.8,41,5,0,34,4,0,3,At-Risk/Dormant
U00662,53,Android,34,19.0,128,33,7,25,16,0,0,Power Users
U00663,19,iOS,24,23.7,77,27,3,0,9,0,2,Steady Engagers
U00664,27,Android,17,4.4,41,5,0,48,7,0,3,At-Risk/Dormant
U00665,46,Android,22,10.9,63,12,3,13,13,0,2,Steady Engagers
U00666,51,iOS,13,6.9,32,4,0,34,8,0,1,Casual Browsers
U00667,42,Android,31,17.5,112,31,6,10,14,0,0,Power Users
U00668,59,Web,20,11.8,49,5,1,23,2,0,1,Casual Browsers
U00669,62,iOS,14,12.1,59,14,1,24,7,0,1,Casual Browsers
U00670,24,Web,16,6.0,41,7,0,29,3,0,1,Casual Browsers
U00671,63,iOS,10,9.9,21,1,1,32,7,0,1,Casual Browsers
U00672,47,Web,19,4.9,54,11,1,28,11,0,1,Casual Browsers
U00673,48,Android,27,16.3,100,18,1,12,10,0,2,Steady Engagers
U00674,22,iOS,22,12.6,56,8,1,20,8,0,1,Casual Browsers
U00675,47,iOS,25,12.0,85,17,1,11,9,0,2,Steady Engagers
U00676,52,Web,28,17.6,66,12,1,9,16,0,2,Steady Engagers
U00677,45,Android,32,18.2,125,45,6,6,17,0,0,Power Users
U00678,22,iOS,18,10.3,46,10,2,34,11,0,1,Casual Browsers
U00679,43,iOS,14,4.9,41,9,1,31,4,0,3,At-Risk/Dormant
U00680,62,Android,38,18.9,130,46,10,4,13,0,0,Power Users
U00681,52,Web,16,7.0,42,7,0,22,6,0,1,Casual Browsers
U00682,24,Android,17,11.0,52,8,1,26,8,0,1,Casual Browsers
U00683,64,Android,9,4.5,21,4,0,33,7,1,3,At-Risk/Dormant
U00684,64,iOS,6,9.6,11,0,0,47,0,1,3,At-Risk/Dormant
U00685,26,Android,20,12.2,54,15,1,14,7,0,1,Casual Browsers
U00686,56,Android,13,3.6,26,5,2,33,8,1,3,At-Risk/Dormant
U00687,37,Android,19,11.1,55,10,1,27,3,0,1,Casual Browsers
U00688,46,Android,14,7.1,47,4,0,34,4,0,3,At-Risk/Dormant
U00689,39,iOS,30,11.2,110,32,4,1,12,0,0,Power Users
U00690,55,Web,13,15.9,51,7,2,18,5,0,1,Casual Browsers
U00691,65,iOS,26,18.8,73,19,6,15,8,0,2,Steady Engagers
U00692,56,Android,25,15.1,89,21,4,8,10,0,2,Steady Engagers
U00693,62,iOS,17,11.3,47,11,2,20,3,0,1,Casual Browsers
U00694,63,Web,5,5.9,11,1,0,39,6,1,3,At-Risk/Dormant
U00695,22,iOS,14,7.9,42,11,2,49,6,0,3,At-Risk/Dormant
U00696,30,Android,26,12.6,86,21,2,8,9,0,2,Steady Engagers
U00697,52,Android,15,10.4,57,6,0,20,6,0,1,Casual Browsers
U00698,46,Web,9,5.4,16,2,0,34,1,1,3,At-Risk/Dormant
U00699,20,Web,31,14.2,99,27,5,9,10,0,0,Power Users
U00700,22,Android,26,10.3,89,17,2,11,10,0,2,Steady Engagers
U00701,42,Web,18,12.2,65,7,2,23,7,0,1,Casual Browsers
U00702,47,Android,21,11.4,62,13,1,23,7,0,1,Casual Browsers
U00703,26,Android,17,9.8,53,9,1,25,4,0,1,Casual Browsers
U00704,26,iOS,24,13.0,68,14,6,16,7,0,2,Steady Engagers
U00705,24,iOS,18,3.3,50,9,2,25,14,0,1,Casual Browsers
U00706,45,Android,11,8.6,28,7,1,34,8,1,1,Casual Browsers
U00707,18,Web,4,3.9,9,0,0,56,3,0,3,At-Risk/Dormant
U00708,45,Web,17,12.0,55,19,4,10,10,0,2,Steady Engagers
U00709,40,Android,19,5.7,38,3,0,29,3,0,1,Casual Browsers
U00710,40,iOS,18,10.3,49,11,3,16,3,0,1,Casual Browsers
U00711,50,iOS,11,5.9,18,2,0,37,5,1,3,At-Risk/Dormant
U00712,43,iOS,12,6.7,37,7,0,31,6,0,1,Casual Browsers
U00713,52,Web,13,3.1,24,3,1,47,7,1,3,At-Risk/Dormant
U00714,54,iOS,32,9.7,78,25,4,11,9,0,2,Steady Engagers
U00715,62,Android,19,12.4,58,9,3,20,10,0,2,Steady Engagers
U00716,56,Android,17,8.5,44,8,0,45,3,0,3,At-Risk/Dormant
U00717,42,Web,31,20.3,111,29,6,4,17,0,0,Power Users
U00718,41,Web,28,11.6,80,10,0,17,13,0,2,Steady Engagers
U00719,29,Android,19,3.6,52,6,0,28,4,0,1,Casual Browsers
U00720,46,Android,29,13.0,73,19,1,17,12,0,2,Steady Engagers
U00721,24,iOS,14,9.3,31,4,1,30,3,0,1,Casual Browsers
U00722,62,Android,17,5.2,54,7,1,32,4,0,1,Casual Browsers
U00723,58,Android,30,18.4,108,25,6,0,14,0,0,Power Users
U00724,23,Web,19,10.8,45,13,1,20,6,0,1,Casual Browsers
U00725,55,Web,5,2.2,8,0,0,50,3,1,3,At-Risk/Dormant
U00726,23,Web,21,10.3,46,10,4,32,7,1,1,Casual Browsers
U00727,52,iOS,8,7.2,13,0,0,28,6,0,3,At-Risk/Dormant
U00728,22,Android,19,11.7,64,20,1,17,18,0,2,Steady Engagers
U00729,41,Web,25,12.1,72,16,5,14,4,0,2,Steady Engagers
U00730,49,Android,12,9.1,36,6,1,29,3,0,1,Casual Browsers
U00731,52,Android,23,15.8,95,31,6,5,9,0,0,Power Users
U00732,38,Web,30,11.2,91,22,2,12,13,0,2,Steady Engagers
U00733,62,iOS,26,16.8,93,28,6,10,12,0,0,Power Users
U00734,55,Web,14,5.2,26,1,0,33,5,0,3,At-Risk/Dormant
U00735,27,Android,19,7.5,54,11,1,25,7,0,1,Casual Browsers
U00736,50,Web,22,12.6,81,18,4,17,6,0,2,Steady Engagers
U00737,53,iOS,22,9.2,64,11,2,22,6,0,1,Casual Browsers
U00738,34,iOS,23,16.4,59,9,3,23,7,0,2,Steady Engagers
U00739,53,Web,10,8.4,25,1,0,37,6,1,3,At-Risk/Dormant
U00740,61,Android,12,13.8,56,12,0,17,8,0,1,Casual Browsers
U00741,57,iOS,22,7.4,74,15,2,13,14,0,2,Steady Engagers
U00742,54,iOS,19,11.3,57,5,1,20,10,0,1,Casual Browsers
U00743,48,iOS,29,15.5,93,26,3,10,13,0,2,Steady Engagers
U00744,30,Web,1,0.5,1,1,0,39,1,0,3,At-Risk/Dormant
U00745,56,iOS,16,6.6,44,4,0,23,5,0,1,Casual Browsers
U00746,35,Android,18,8.5,60,15,1,18,11,0,1,Casual Browsers
U00747,43,Android,32,18.3,128,36,8,1,14,0,0,Power Users
U00748,33,Web,22,14.8,60,9,1,18,8,0,2,Steady Engagers
U00749,33,Web,8,4.3,15,2,0,35,4,0,3,At-Risk/Dormant
U00750,25,Web,7,0.5,8,0,0,40,2,1,3,At-Risk/Dormant
U00751,64,Android,16,3.2,38,9,1,29,7,0,1,Casual Browsers
U00752,25,Android,24,3.8,49,9,0,23,8,0,1,Casual Browsers
U00753,22,iOS,17,6.5,38,5,0,29,7,0,1,Casual Browsers
U00754,62,iOS,18,6.3,46,10,1,25,4,1,1,Casual Browsers
U00755,44,Android,31,16.3,126,38,8,13,9,0,0,Power Users
U00756,39,iOS,32,17.2,110,33,4,4,13,0,0,Power Users
U00757,53,Android,39,15.0,136,28,2,9,8,0,0,Power Users
U00758,36,iOS,8,1.0,12,1,0,40,2,0,3,At-Risk/Dormant
U00759,24,Android,21,9.8,64,10,1,17,10,0,1,Casual Browsers
U00760,53,Android,12,8.8,33,7,1,22,9,0,1,Casual Browsers
U00761,26,Android,17,10.1,51,11,4,26,5,1,1,Casual Browsers
U00762,44,Web,21,11.6,53,13,0,17,6,0,1,Casual Browsers
U00763,63,iOS,8,5.9,16,4,0,39,4,0,3,At-Risk/Dormant
U00764,62,Web,21,14.9,52,7,0,22,9,0,1,Casual Browsers
U00765,35,iOS,12,3.8,27,5,1,35,4,1,3,At-Risk/Dormant
U00766,55,Android,22,13.9,72,17,1,8,13,0,2,Steady Engagers
U00767,47,Android,22,13.5,78,13,4,17,9,0,2,Steady Engagers
U00768,41,iOS,30,12.4,88,24,6,8,9,0,0,Power Users
U00769,24,Android,23,12.5,65,16,2,12,12,0,2,Steady Engagers
U00770,36,iOS,17,10.2,35,4,0,25,10,0,1,Casual Browsers
U00771,49,Web,23,10.2,65,10,2,26,9,0,1,Casual Browsers
U00772,65,Web,8,3.7,21,2,0,39,2,1,3,At-Risk/Dormant
U00773,18,Android,25,6.7,53,15,3,21,10,0,2,Steady Engagers
U00774,52,iOS,12,3.1,32,3,1,29,4,0,3,At-Risk/Dormant
U00775,58,Android,15,6.9,34,1,0,31,2,0,3,At-Risk/Dormant
U00776,63,Android,21,12.3,57,16,0,24,11,0,1,Casual Browsers
U00777,38,iOS,11,8.5,36,11,2,22,10,0,1,Casual Browsers
U00778,23,iOS,14,12.9,37,8,1,19,3,0,1,Casual Browsers
U00779,31,iOS,11,4.0,26,4,0,36,2,0,3,At-Risk/Dormant
U00780,58,Android,30,6.4,86,17,2,38,18,0,2,Steady Engagers
U00781,60,Web,4,3.1,8,0,0,45,2,0,3,At-Risk/Dormant
U00782,48,Web,36,14.1,117,29,3,4,12,0,0,Power Users
U00783,23,iOS,21,8.6,50,10,2,26,6,0,1,Casual Browsers
U00784,23,Web,5,4.2,14,1,0,46,2,0,3,At-Risk/Dormant
U00785,40,Android,4,6.6,6,3,1,41,2,0,3,At-Risk/Dormant
U00786,46,iOS,3,4.8,5,0,0,45,4,1,3,At-Risk/Dormant
U00787,19,Web,23,10.2,59,11,2,14,8,0,2,Steady Engagers
U00788,50,Web,3,0.5,7,0,0,55,0,1,3,At-Risk/Dormant
U00789,44,Web,12,6.0,11,1,0,35,6,1,3,At-Risk/Dormant
U00790,18,iOS,27,15.9,100,29,8,1,11,0,0,Power Users
U00791,22,Web,16,5.5,41,9,0,30,9,0,1,Casual Browsers
U00792,39,iOS,29,10.7,78,23,3,20,16,0,2,Steady Engagers
U00793,52,Android,8,7.6,13,1,0,42,3,1,3,At-Risk/Dormant
U00794,57,Android,17,10.6,50,7,0,25,8,0,1,Casual Browsers
U00795,38,iOS,17,9.2,40,9,0,31,3,0,1,Casual Browsers
U00796,32,iOS,9,8.4,21,5,0,38,0,1,3,At-Risk/Dormant
U00797,64,iOS,31,13.7,88,23,4,19,9,0,2,Steady Engagers
U00798,40,Web,9,1.8,14,4,0,47,4,1,3,At-Risk/Dormant
U00799,33,iOS,13,5.2,21,2,1,33,1,0,3,At-Risk/Dormant
U00800,39,Android,3,4.1,5,1,1,45,2,1,3,At-Risk/Dormant
U00801,18,Android,19,10.3,54,11,1,20,8,0,1,Casual Browsers
U00802,32,iOS,34,15.0,101,29,6,14,15,0,0,Power Users
U00803,42,iOS,19,12.6,63,10,2,18,8,0,1,Casual Browsers
U00804,62,iOS,23,17.8,75,25,6,7,11,0,0,Power Users
U00805,53,iOS,25,18.2,96,32,3,12,8,0,2,Steady Engagers
U00806,55,iOS,25,14.9,73,22,4,2,12,0,2,Steady Engagers
U00807,44,iOS,17,8.7,60,11,0,17,5,0,1,Casual Browsers
U00808,23,Web,12,11.0,30,6,0,33,6,0,1,Casual Browsers
U00809,36,Android,15,7.6,25,4,1,30,7,1,1,Casual Browsers
U00810,65,iOS,31,15.0,97,17,3,7,6,0,2,Steady Engagers
U00811,20,iOS,27,7.1,86,17,3,13,12,0,2,Steady Engagers
U00812,60,Android,19,11.2,42,4,0,22,6,0,1,Casual Browsers
U00813,50,iOS,26,11.8,84,17,0,19,9,0,2,Steady Engagers
U00814,31,iOS,27,12.7,98,19,2,10,13,0,2,Steady Engagers
U00815,55,iOS,21,11.3,48,8,0,33,12,0,1,Casual Browsers
U00816,58,iOS,31,19.8,107,27,6,0,15,0,0,Power Users
U00817,20,Android,18,3.8,38,4,0,30,5,0,3,At-Risk/Dormant
U00818,23,Android,19,10.0,39,5,1,27,7,0,1,Casual Browsers
U00819,49,Android,17,5.5,42,4,0,27,8,0,1,Casual Browsers
U00820,65,Android,23,7.2,70,22,2,28,12,0,2,Steady Engagers
U00821,19,iOS,20,10.3,47,10,0,16,6,0,1,Casual Browsers
U00822,49,Web,15,11.3,34,4,0,32,7,1,1,Casual Browsers
U00823,24,iOS,8,4.7,18,4,0,32,1,0,3,At-Risk/Dormant
U00824,49,Android,26,11.2,81,11,0,13,10,0,2,Steady Engagers
U00825,47,Android,17,4.2,50,10,0,34,3,1,3,At-Risk/Dormant
U00826,22,Android,31,15.7,97,24,5,6,7,0,0,Power Users
U00827,50,iOS,6,0.7,8,0,0,40,2,1,3,At-Risk/Dormant
U00828,61,Android,20,6.8,44,7,2,36,13,0,1,Casual Browsers
U00829,59,iOS,28,17.5,98,20,1,12,12,0,2,Steady Engagers
U00830,19,iOS,16,6.2,44,12,2,26,8,0,1,Casual Browsers
U00831,29,iOS,14,7.7,34,7,0,33,7,0,1,Casual Browsers
U00832,29,Android,15,7.0,33,5,0,29,5,0,1,Casual Browsers
U00833,39,Android,26,13.7,89,20,3,23,4,0,2,Steady Engagers
U00834,24,iOS,15,1.6,27,2,0,36,5,0,3,At-Risk/Dormant
U00835,59,iOS,7,6.8,12,2,0,35,4,0,3,At-Risk/Dormant
U00836,55,Android,25,14.6,89,31,4,23,15,0,2,Steady Engagers
U00837,56,Web,7,2.6,15,2,0,39,0,1,3,At-Risk/Dormant
U00838,27,iOS,23,17.7,86,28,6,2,19,0,0,Power Users
U00839,18,iOS,52,13.5,186,50,9,0,19,0,0,Power Users
U00840,61,Android,21,11.8,55,12,2,10,8,0,2,Steady Engagers
U00841,31,Android,9,8.3,26,1,0,27,6,0,3,At-Risk/Dormant
U00842,49,Android,8,11.1,21,2,0,31,6,0,1,Casual Browsers
U00843,61,Android,29,10.2,100,23,6,6,15,0,0,Power Users
U00844,19,iOS,17,10.4,49,8,1,20,10,0,1,Casual Browsers
U00845,18,iOS,20,11.1,55,5,0,27,10,0,1,Casual Browsers
U00846,18,Web,8,3.9,13,0,0,43,3,1,3,At-Risk/Dormant
U00847,25,Web,33,13.7,116,30,6,1,13,0,0,Power Users
U00848,20,Android,16,7.9,39,6,2,33,4,1,1,Casual Browsers
U00849,57,Android,11,4.4,18,3,0,35,8,0,3,At-Risk/Dormant
U00850,47,iOS,31,9.8,91,18,1,16,4,0,2,Steady Engagers
U00851,65,Web,23,17.4,82,24,4,3,13,0,2,Steady Engagers
U00852,56,Web,18,8.2,39,6,1,28,8,0,1,Casual Browsers
U00853,64,Android,31,12.5,106,29,9,18,11,0,0,Power Users
U00854,29,Android,5,5.8,9,2,0,39,2,1,3,At-Risk/Dormant
U00855,31,Android,12,9.3,19,2,0,47,5,0,3,At-Risk/Dormant
U00856,58,Web,29,9.6,75,20,4,36,13,0,2,Steady Engagers
U00857,29,iOS,18,8.5,37,4,0,36,6,0,1,Casual Browsers
U00858,20,iOS,15,9.2,33,6,1,25,7,1,1,Casual Browsers
U00859,50,iOS,30,19.4,103,27,4,2,14,0,0,Power Users
U00860,56,Android,15,5.7,41,11,0,29,6,0,1,Casual Browsers
U00861,64,iOS,18,15.2,60,13,0,12,9,0,2,Steady Engagers
U00862,62,Android,12,6.5,29,5,0,30,6,0,3,At-Risk/Dormant
U00863,23,iOS,16,9.1,42,10,0,20,4,0,1,Casual Browsers
U00864,55,iOS,5,4.2,18,2,0,38,2,1,3,At-Risk/Dormant
U00865,58,iOS,27,14.6,99,24,2,7,15,0,2,Steady Engagers
U00866,51,Android,28,11.4,80,20,2,9,8,0,2,Steady Engagers
U00867,57,Web,23,12.2,73,21,3,16,11,0,2,Steady Engagers
U00868,58,iOS,4,7.2,8,1,0,49,4,1,3,At-Risk/Dormant
U00869,39,Android,27,9.6,83,16,0,24,18,0,2,Steady Engagers
U00870,19,Android,23,13.5,77,14,3,12,7,0,2,Steady Engagers
U00871,39,iOS,7,7.9,19,2,0,36,8,0,3,At-Risk/Dormant
U00872,27,Android,20,10.9,60,14,1,16,4,0,1,Casual Browsers
U00873,23,Android,27,11.9,99,22,2,16,10,0,2,Steady Engagers
U00874,23,Android,7,2.1,13,1,0,42,0,1,3,At-Risk/Dormant
U00875,51,Android,12,5.7,37,6,1,30,8,0,1,Casual Browsers
U00876,42,iOS,14,9.2,33,9,0,23,8,0,1,Casual Browsers
U00877,43,iOS,12,9.9,31,2,0,39,3,1,3,At-Risk/Dormant
U00878,53,Android,4,2.8,8,1,0,41,2,0,3,At-Risk/Dormant
U00879,44,iOS,20,11.8,75,12,3,14,10,0,2,Steady Engagers
U00880,48,Android,11,1.5,15,1,0,54,4,1,3,At-Risk/Dormant
U00881,22,Android,20,10.2,45,10,0,20,9,0,1,Casual Browsers
U00882,58,Android,38,14.4,112,29,4,0,15,0,0,Power Users
U00883,39,iOS,7,3.2,17,0,1,42,3,0,3,At-Risk/Dormant
U00884,25,Web,19,3.9,51,15,3,16,10,0,1,Casual Browsers
U00885,57,iOS,14,8.6,34,5,1,24,9,0,1,Casual Browsers
U00886,53,Android,13,6.6,36,6,0,39,3,0,3,At-Risk/Dormant
U00887,20,Android,30,9.4,89,13,0,16,15,0,2,Steady Engagers
U00888,27,Android,13,5.0,28,7,0,32,5,1,3,At-Risk/Dormant
U00889,18,Web,19,8.8,56,13,3,22,3,0,1,Casual Browsers
U00890,30,Android,28,15.9,97,26,4,7,13,0,0,Power Users
U00891,22,Web,24,13.0,85,24,5,7,13,0,2,Steady Engagers
U00892,52,iOS,22,16.3,72,13,3,18,15,0,2,Steady Engagers
U00893,43,iOS,27,15.4,78,23,3,15,7,0,2,Steady Engagers
U00894,65,Web,14,7.0,29,10,1,56,2,1,3,At-Risk/Dormant
U00895,53,Android,16,10.9,38,4,1,28,3,0,1,Casual Browsers
U00896,47,iOS,20,10.6,46,8,2,26,7,0,1,Casual Browsers
U00897,42,Android,16,7.7,34,6,0,34,7,0,1,Casual Browsers
U00898,20,Web,20,6.3,57,9,1,34,5,0,1,Casual Browsers
U00899,21,iOS,13,6.0,29,7,2,32,3,0,3,At-Risk/Dormant
U00900,47,Android,23,10.3,59,9,2,24,11,0,1,Casual Browsers
U00901,18,Web,17,6.4,58,8,1,35,5,0,1,Casual Browsers
U00902,20,Android,9,10.2,20,3,0,37,6,0,3,At-Risk/Dormant
U00903,28,Android,13,8.6,29,3,1,34,11,0,1,Casual Browsers
U00904,60,iOS,14,4.0,35,3,0,29,7,0,3,At-Risk/Dormant
U00905,40,iOS,20,11.5,41,9,1,22,4,0,1,Casual Browsers
U00906,52,Web,26,11.9,77,17,3,14,15,0,2,Steady Engagers
U00907,37,iOS,29,10.7,77,14,1,17,10,0,2,Steady Engagers
U00908,26,iOS,24,9.4,65,17,2,19,6,0,2,Steady Engagers
U00909,35,Android,23,7.4,65,15,4,33,6,0,1,Casual Browsers
U00910,22,Android,6,6.2,15,4,0,43,2,1,3,At-Risk/Dormant
U00911,54,Web,16,15.5,53,7,1,26,11,0,1,Casual Browsers
U00912,26,Android,12,3.5,21,2,1,51,3,1,3,At-Risk/Dormant
U00913,36,iOS,6,3.5,18,0,0,38,2,0,3,At-Risk/Dormant
U00914,65,Android,25,11.8,78,16,2,20,6,0,2,Steady Engagers
U00915,46,Android,37,14.3,134,45,6,0,11,0,0,Power Users
U00916,40,iOS,20,10.7,63,9,1,26,6,0,1,Casual Browsers
U00917,44,iOS,13,8.1,31,4,0,28,5,0,1,Casual Browsers
U00918,55,iOS,26,11.3,99,19,3,18,11,0,2,Steady Engagers
U00919,30,Web,13,4.6,33,6,0,33,6,1,3,At-Risk/Dormant
U00920,48,Android,10,6.0,17,2,0,31,8,0,3,At-Risk/Dormant
U00921,59,iOS,11,5.5,28,3,0,33,6,0,3,At-Risk/Dormant
U00922,45,Android,21,8.4,61,15,0,25,14,0,1,Casual Browsers
U00923,39,iOS,24,15.8,80,30,4,10,8,0,2,Steady Engagers
U00924,24,Android,53,11.8,198,66,12,0,18,0,0,Power Users
U00925,29,iOS,26,14.3,97,24,1,11,6,0,2,Steady Engagers
U00926,63,Android,9,7.1,24,4,0,34,3,0,3,At-Risk/Dormant
U00927,43,Web,23,6.6,43,8,0,24,7,0,1,Casual Browsers
U00928,32,Web,10,5.3,23,3,0,38,7,0,3,At-Risk/Dormant
U00929,38,Web,26,12.5,81,22,0,59,8,0,1,Casual Browsers
U00930,45,Android,14,7.8,33,5,0,33,6,0,1,Casual Browsers
U00931,43,Web,17,6.2,32,4,0,29,5,0,1,Casual Browsers
U00932,51,Android,27,12.4,75,24,1,11,9,0,2,Steady Engagers
U00933,30,Android,15,8.4,41,9,0,31,12,0,1,Casual Browsers
U00934,49,Android,26,16.4,88,14,2,2,13,0,2,Steady Engagers
U00935,39,Android,11,13.0,26,4,0,25,3,0,1,Casual Browsers
U00936,63,iOS,27,17.0,81,26,4,17,12,0,2,Steady Engagers
U00937,25,Android,15,9.9,39,11,3,21,7,0,1,Casual Browsers
U00938,25,Android,18,13.4,58,9,1,25,6,0,1,Casual Browsers
U00939,40,iOS,32,21.1,132,49,10,0,17,0,0,Power Users
U00940,42,Web,6,4.5,5,0,0,41,1,1,3,At-Risk/Dormant
U00941,51,iOS,9,6.8,21,2,0,40,5,0,3,At-Risk/Dormant
U00942,37,iOS,19,9.4,47,8,2,24,8,0,1,Casual Browsers
U00943,61,Android,28,12.7,78,14,2,30,9,0,2,Steady Engagers
U00944,40,Web,19,11.9,49,4,1,24,6,0,1,Casual Browsers
U00945,24,Android,6,1.2,14,0,0,42,3,0,3,At-Risk/Dormant
U00946,23,Android,15,6.6,40,7,0,33,7,0,1,Casual Browsers
U00947,64,Android,24,12.3,55,10,0,20,12,0,2,Steady Engagers
U00948,24,iOS,22,13.3,60,11,3,14,8,0,2,Steady Engagers
U00949,63,Android,32,13.2,106,29,6,8,10,0,0,Power Users
U00950,31,iOS,16,8.8,29,3,0,31,5,0,1,Casual Browsers
U00951,22,Android,13,1.3,18,2,0,50,7,1,3,At-Risk/Dormant
U00952,32,iOS,19,14.6,57,9,0,16,13,0,2,Steady Engagers
U00953,47,iOS,10,5.2,34,4,1,28,7,1,3,At-Risk/Dormant
U00954,38,Android,15,10.4,57,11,2,19,7,0,1,Casual Browsers
U00955,55,Android,5,0.5,11,1,0,43,3,1,3,At-Risk/Dormant
U00956,47,iOS,36,16.2,120,38,8,2,13,0,0,Power Users
U00957,37,iOS,7,6.0,18,2,0,39,2,0,3,At-Risk/Dormant
U00958,48,Android,17,7.4,37,8,0,29,13,0,1,Casual Browsers
U00959,64,iOS,16,9.3,49,14,3,25,7,0,1,Casual Browsers
U00960,37,Android,25,14.3,63,23,4,9,11,0,2,Steady Engagers
U00961,25,Android,26,10.0,68,13,0,20,12,0,2,Steady Engagers
U00962,37,Android,18,4.9,39,7,1,26,6,0,1,Casual Browsers
U00963,58,iOS,24,13.3,86,12,0,22,14,0,2,Steady Engagers
U00964,28,Android,14,9.2,30,1,1,25,2,0,1,Casual Browsers
U00965,63,iOS,17,5.9,42,8,1,22,8,0,1,Casual Browsers
U00966,46,Android,22,10.1,47,10,0,34,6,0,1,Casual Browsers
U00967,46,iOS,30,13.1,83,17,2,6,15,0,2,Steady Engagers
U00968,33,Android,6,2.1,12,1,0,36,5,1,3,At-Risk/Dormant
U00969,62,iOS,24,8.1,61,14,2,16,11,0,2,Steady Engagers
U00970,19,iOS,9,1.4,14,3,0,34,4,0,3,At-Risk/Dormant
U00971,32,Android,30,16.1,109,37,6,9,15,0,0,Power Users
U00972,38,Android,18,6.7,47,3,0,35,5,0,1,Casual Browsers
U00973,40,iOS,27,9.2,82,11,3,12,14,0,2,Steady Engagers
U00974,40,Web,4,1.5,8,0,0,51,2,1,3,At-Risk/Dormant
U00975,25,Web,4,6.6,3,0,0,51,1,1,3,At-Risk/Dormant
U00976,28,Android,23,10.7,59,14,2,12,11,0,2,Steady Engagers
U00977,22,iOS,8,5.7,18,1,0,38,3,0,3,At-Risk/Dormant
U00978,45,Android,21,15.3,66,14,3,22,5,0,2,Steady Engagers
U00979,34,Android,13,11.7,25,4,0,32,7,0,1,Casual Browsers
U00980,45,iOS,11,5.9,25,5,0,32,6,1,3,At-Risk/Dormant
U00981,46,iOS,29,15.5,109,36,5,8,16,0,0,Power Users
U00982,51,iOS,19,15.7,69,22,1,17,10,0,2,Steady Engagers
U00983,44,Web,17,11.0,48,5,1,24,10,0,1,Casual Browsers
U00984,49,Android,26,7.9,81,17,2,15,4,0,2,Steady Engagers
U00985,46,iOS,11,5.1,21,2,1,47,6,1,3,At-Risk/Dormant
U00986,49,Android,9,6.9,21,0,0,42,3,1,3,At-Risk/Dormant
U00987,47,Android,16,4.8,32,4,0,29,4,0,3,At-Risk/Dormant
U00988,33,Android,13,4.4,36,5,1,28,4,0,3,At-Risk/Dormant
U00989,29,Web,30,12.8,91,20,5,10,7,0,2,Steady Engagers
U00990,55,iOS,16,10.5,37,9,1,26,15,0,1,Casual Browsers
U00991,34,Android,24,12.5,56,11,1,22,9,0,1,Casual Browsers
U00992,44,iOS,23,12.6,53,15,3,14,13,0,2,Steady Engagers
U00993,27,Web,5,0.5,9,0,0,51,2,0,3,At-Risk/Dormant
U00994,38,Web,10,8.4,23,4,0,26,5,0,1,Casual Browsers
U00995,43,iOS,9,0.5,21,2,0,40,1,0,3,At-Risk/Dormant
U00996,48,Android,28,11.2,88,23,4,17,9,0,2,Steady Engagers
U00997,43,iOS,22,12.0,65,17,0,19,9,0,2,Steady Engagers
U00998,35,Web,11,5.1,24,7,0,30,7,0,3,At-Risk/Dormant
U00999,64,Web,2,0.5,1,0,0,51,1,1,3,At-Risk/Dormant
U01000,42,Web,8,8.9,20,5,0,33,5,0,3,At-Risk/Dormant
U01001,56,iOS,18,12.7,57,15,1,20,8,0,1,Casual Browsers
U01002,53,Android,13,3.7,36,1,0,31,6,0,3,At-Risk/Dormant
U01003,44,iOS,4,6.3,10,0,0,49,3,1,3,At-Risk/Dormant
U01004,60,Android,22,10.9,80,17,3,28,8,0,2,Steady Engagers
U01005,24,Android,27,11.1,79,25,10,14,16,0,0,Power Users
U01006,62,iOS,11,8.1,26,1,0,42,1,0,3,At-Risk/Dormant
U01007,58,iOS,20,16.6,69,20,4,16,10,0,2,Steady Engagers
U01008,42,Web,15,7.5,28,4,1,30,3,0,3,At-Risk/Dormant
U01009,53,iOS,29,16.1,95,26,4,2,18,0,0,Power Users
U01010,42,Web,25,8.7,75,22,4,14,16,0,2,Steady Engagers
U01011,30,iOS,24,10.6,75,14,2,14,9,0,2,Steady Engagers
U01012,56,iOS,16,7.8,43,11,1,24,2,1,1,Casual Browsers
U01013,29,Android,28,4.7,71,12,0,16,6,0,1,Casual Browsers
U01014,33,iOS,28,13.5,94,18,3,9,11,0,2,Steady Engagers
U01015,42,Android,19,8.3,40,7,0,23,7,0,1,Casual Browsers
U01016,58,Android,19,6.3,36,5,0,29,3,0,1,Casual Browsers
U01017,36,Android,21,16.7,66,13,0,19,8,0,2,Steady Engagers
U01018,41,Web,16,8.6,55,18,2,21,10,0,1,Casual Browsers
U01019,19,iOS,6,4.0,15,0,0,42,5,0,3,At-Risk/Dormant
U01020,23,Web,15,6.0,45,6,1,25,5,0,1,Casual Browsers
U01021,20,Web,23,14.9,70,19,4,17,3,0,2,Steady Engagers
U01022,21,Web,16,6.4,48,6,1,23,7,0,1,Casual Browsers
U01023,59,Android,15,13.4,40,7,1,24,3,0,1,Casual Browsers
U01024,58,Web,23,7.1,50,10,1,24,8,0,1,Casual Browsers
U01025,57,Web,8,5.2,15,1,0,39,4,1,3,At-Risk/Dormant
U01026,20,Web,23,17.1,71,22,6,8,18,0,0,Power Users
U01027,21,Android,35,17.3,125,34,3,7,14,0,0,Power Users
U01028,31,Android,5,0.5,11,1,0,49,3,1,3,At-Risk/Dormant
U01029,45,Web,24,9.9,71,13,2,16,11,0,2,Steady Engagers
U01030,34,Android,5,2.2,10,1,0,39,3,0,3,At-Risk/Dormant
U01031,41,Android,22,11.7,55,13,1,25,10,0,1,Casual Browsers
U01032,26,iOS,11,5.7,15,2,0,35,5,0,3,At-Risk/Dormant
U01033,53,Android,35,19.0,127,31,10,9,14,0,0,Power Users
U01034,33,Android,23,10.5,73,16,4,17,8,0,2,Steady Engagers
U01035,21,Web,3,1.7,5,1,0,51,1,1,3,At-Risk/Dormant
U01036,53,Web,13,8.2,42,8,0,38,8,1,1,Casual Browsers
U01037,61,Web,11,3.6,17,3,0,36,5,1,3,At-Risk/Dormant
U01038,18,Android,25,9.4,50,9,2,22,10,0,1,Casual Browsers
U01039,38,Android,26,18.0,94,26,5,4,13,0,0,Power Users
U01040,57,Android,12,3.8,15,6,0,35,8,0,3,At-Risk/Dormant
U01041,51,iOS,20,12.0,53,12,0,10,10,0,2,Steady Engagers
U01042,59,Android,17,8.7,39,5,0,24,5,0,1,Casual Browsers
U01043,37,iOS,22,8.6,53,6,1,29,9,0,1,Casual Browsers
U01044,35,Web,8,6.6,10,1,0,48,4,0,3,At-Risk/Dormant
U01045,52,iOS,19,10.9,41,8,1,28,12,1,1,Casual Browsers
U01046,25,Android,4,2.3,7,0,0,51,0,1,3,At-Risk/Dormant
U01047,29,Android,14,13.6,50,11,3,23,6,0,1,Casual Browsers
U01048,46,Android,7,4.6,14,0,0,49,3,0,3,At-Risk/Dormant
U01049,50,Android,28,14.0,92,16,3,21,8,0,2,Steady Engagers
U01050,23,iOS,11,2.4,33,4,0,40,7,1,3,At-Risk/Dormant
U01051,42,Android,8,5.6,14,3,0,33,2,0,3,At-Risk/Dormant
U01052,35,iOS,14,8.9,35,3,0,34,6,0,1,Casual Browsers
U01053,42,Web,14,7.7,42,5,1,33,9,0,1,Casual Browsers
U01054,64,Android,29,11.6,89,22,2,14,14,0,2,Steady Engagers
U01055,21,Android,34,10.9,116,33,2,0,14,0,0,Power Users
U01056,65,Android,11,5.8,29,4,1,55,1,1,3,At-Risk/Dormant
U01057,39,Android,5,7.1,7,0,0,49,4,1,3,At-Risk/Dormant
U01058,55,iOS,14,8.7,34,5,0,31,7,0,1,Casual Browsers
U01059,38,Web,18,9.2,47,9,0,40,2,0,1,Casual Browsers
U01060,32,Web,24,9.2,70,11,2,17,8,0,2,Steady Engagers
U01061,54,iOS,8,4.2,16,2,0,40,2,1,3,At-Risk/Dormant
U01062,51,Android,9,4.8,18,4,1,39,5,0,3,At-Risk/Dormant
U01063,24,Android,30,18.1,109,26,8,1,12,0,0,Power Users
U01064,51,Android,29,14.3,86,16,4,10,13,0,2,Steady Engagers
U01065,54,Android,19,12.6,60,16,1,17,5,0,1,Casual Browsers
U01066,36,Web,13,5.5,37,5,1,34,5,0,3,At-Risk/Dormant
U01067,62,iOS,6,7.6,17,4,1,33,5,0,3,At-Risk/Dormant
U01068,48,Android,15,6.5,33,5,0,22,4,0,1,Casual Browsers
U01069,34,Android,16,11.0,46,9,0,23,11,0,1,Casual Browsers
U01070,18,Android,0,0.5,1,0,0,47,0,1,3,At-Risk/Dormant
U01071,50,Web,11,2.0,34,4,1,50,5,0,3,At-Risk/Dormant
U01072,28,Android,17,11.9,55,11,3,16,11,0,2,Steady Engagers
U01073,54,Android,24,14.4,67,13,2,9,11,0,2,Steady Engagers
U01074,43,Android,20,9.0,44,9,1,14,12,0,1,Casual Browsers
U01075,40,Web,28,13.0,72,19,2,22,8,0,2,Steady Engagers
U01076,25,iOS,26,12.5,87,29,3,15,16,0,2,Steady Engagers
U01077,52,iOS,8,6.9,14,0,0,41,7,0,3,At-Risk/Dormant
U01078,25,Android,18,15.6,52,9,1,22,8,0,1,Casual Browsers
U01079,38,Android,9,0.5,26,4,0,41,4,1,3,At-Risk/Dormant
U01080,58,Web,18,14.3,46,9,1,30,6,0,1,Casual Browsers
U01081,62,Android,11,7.3,21,5,1,34,3,0,3,At-Risk/Dormant
U01082,65,Android,23,12.6,72,13,1,15,6,0,2,Steady Engagers
U01083,63,iOS,27,8.5,60,7,1,22,6,0,1,Casual Browsers
U01084,44,Android,32,15.9,114,22,2,8,20,0,0,Power Users
U01085,27,Android,17,9.8,41,7,0,23,5,0,1,Casual Browsers
U01086,58,Web,20,13.2,62,11,1,27,7,0,1,Casual Browsers
U01087,56,iOS,37,18.7,147,46,10,0,11,0,0,Power Users
U01088,65,Android,17,13.0,44,10,0,25,13,0,1,Casual Browsers
U01089,49,Android,15,8.6,44,6,2,33,4,0,1,Casual Browsers
U01090,24,iOS,11,0.8,29,4,1,35,6,0,3,At-Risk/Dormant
U01091,42,Android,14,6.0,34,4,0,32,7,0,1,Casual Browsers
U01092,39,Android,42,16.0,146,35,10,9,3,0,0,Power Users
U01093,58,iOS,15,4.7,35,5,0,33,12,0,1,Casual Browsers
U01094,36,iOS,18,10.2,46,5,0,39,2,0,1,Casual Browsers
U01095,33,Web,21,15.9,65,13,1,13,10,0,2,Steady Engagers
U01096,21,Android,16,6.6,56,9,1,28,3,0,1,Casual Browsers
U01097,58,Android,16,8.8,33,6,1,26,7,0,1,Casual Browsers
U01098,54,iOS,11,7.7,23,4,0,29,13,0,1,Casual Browsers
U01099,19,iOS,45,13.0,182,53,8,0,17,0,0,Power Users
U01100,38,Android,30,13.6,122,40,8,7,16,0,0,Power Users
U01101,41,iOS,25,9.6,68,16,1,13,9,0,2,Steady Engagers
U01102,40,Android,10,7.8,20,4,0,32,1,0,3,At-Risk/Dormant
U01103,62,Web,26,12.3,73,17,1,14,12,0,2,Steady Engagers
U01104,25,Web,4,1.7,8,1,0,51,2,1,3,At-Risk/Dormant
U01105,32,Android,5,4.2,8,1,0,36,4,1,3,At-Risk/Dormant
U01106,26,Web,19,7.7,49,13,2,25,5,0,1,Casual Browsers
U01107,29,Web,4,9.3,10,0,0,38,1,0,3,At-Risk/Dormant
U01108,61,Android,19,14.4,59,17,4,13,9,0,2,Steady Engagers
U01109,63,Android,3,6.6,3,0,0,53,2,0,3,At-Risk/Dormant
U01110,20,iOS,16,3.5,35,7,0,35,2,0,3,At-Risk/Dormant
U01111,48,Android,24,8.6,75,14,2,13,9,0,2,Steady Engagers
U01112,29,Android,10,9.4,20,2,0,31,8,1,1,Casual Browsers
U01113,27,Android,9,4.1,15,1,0,48,5,0,3,At-Risk/Dormant
U01114,32,Web,17,9.3,51,8,1,32,5,0,1,Casual Browsers
U01115,27,Android,15,10.1,34,3,0,30,3,0,1,Casual Browsers
U01116,41,iOS,29,15.5,91,29,6,3,9,0,0,Power Users
U01117,65,Android,22,13.7,63,8,0,11,9,0,2,Steady Engagers
U01118,46,Android,13,6.4,33,2,0,49,2,0,3,At-Risk/Dormant
U01119,52,Web,15,8.1,44,5,1,39,7,0,1,Casual Browsers
U01120,41,Android,15,8.6,31,7,2,25,3,0,1,Casual Browsers
U01121,18,Android,17,13.1,47,8,2,17,7,0,1,Casual Browsers
U01122,22,Android,20,12.4,56,10,3,22,10,0,2,Steady Engagers
U01123,30,iOS,23,5.8,74,9,1,20,9,0,1,Casual Browsers
U01124,29,Android,14,11.2,39,2,0,30,11,0,1,Casual Browsers
U01125,58,Android,22,13.8,78,19,3,17,16,0,2,Steady Engagers
U01126,58,Android,28,17.1,86,21,5,8,6,0,2,Steady Engagers
U01127,58,Android,22,9.7,66,11,1,16,9,0,1,Casual Browsers
U01128,48,Android,2,1.3,3,0,0,50,2,1,3,At-Risk/Dormant
U01129,44,iOS,18,9.4,42,11,1,31,7,0,1,Casual Browsers
U01130,49,Android,15,5.6,38,2,2,28,6,0,1,Casual Browsers
U01131,37,Android,16,10.0,32,3,1,28,8,0,1,Casual Browsers
U01132,50,iOS,19,8.4,43,4,0,32,6,0,1,Casual Browsers
U01133,56,iOS,21,17.4,70,14,2,9,10,0,2,Steady Engagers
U01134,54,Android,8,2.5,12,2,0,43,4,1,3,At-Risk/Dormant
U01135,47,Android,13,5.0,26,5,0,40,2,0,3,At-Risk/Dormant
U01136,20,Android,12,7.2,22,2,0,33,1,0,3,At-Risk/Dormant
U01137,52,Web,4,1.0,14,4,0,40,1,1,3,At-Risk/Dormant
U01138,35,Android,27,17.0,83,28,5,6,12,0,0,Power Users
U01139,53,Android,19,10.0,48,12,1,21,13,0,1,Casual Browsers
U01140,43,Android,17,13.7,65,12,2,11,16,0,2,Steady Engagers
U01141,60,Android,8,0.5,23,2,0,34,4,1,3,At-Risk/Dormant
U01142,34,Android,17,10.7,42,6,2,23,10,0,1,Casual Browsers
U01143,62,Android,22,15.7,76,18,4,18,10,0,2,Steady Engagers
U01144,58,iOS,10,1.6,18,1,0,36,8,0,3,At-Risk/Dormant
U01145,33,iOS,12,6.4,26,2,1,32,2,0,3,At-Risk/Dormant
U01146,41,iOS,10,10.1,30,4,0,26,8,1,1,Casual Browsers
U01147,43,iOS,38,11.9,133,40,10,12,6,0,0,Power Users
U01148,54,Android,2,3.0,2,0,0,43,1,0,3,At-Risk/Dormant
U01149,51,Web,1,4.1,1,0,1,52,2,1,3,At-Risk/Dormant
U01150,58,iOS,40,16.3,148,34,6,0,20,0,0,Power Users
U01151,35,Web,2,3.2,7,1,0,46,1,1,3,At-Risk/Dormant
U01152,42,iOS,14,4.7,33,5,1,35,2,0,3,At-Risk/Dormant
U01153,38,Android,20,12.3,50,13,3,25,4,0,1,Casual Browsers
U01154,61,Android,10,2.5,20,2,0,34,7,0,3,At-Risk/Dormant
U01155,32,Android,5,6.8,13,0,0,46,4,1,3,At-Risk/Dormant
U01156,46,Android,10,7.6,18,3,0,41,3,0,3,At-Risk/Dormant
U01157,23,iOS,22,8.6,48,7,1,21,7,0,1,Casual Browsers
U01158,58,Android,29,14.4,108,26,4,3,17,0,0,Power Users
U01159,36,Android,1,5.9,0,0,0,50,0,1,3,At-Risk/Dormant
U01160,34,Web,8,7.0,17,2,0,32,5,0,3,At-Risk/Dormant
U01161,45,iOS,26,14.6,94,36,9,8,14,0,0,Power Users
U01162,41,iOS,38,13.2,130,37,7,5,12,0,0,Power Users
U01163,58,Android,20,4.3,45,10,0,27,9,0,1,Casual Browsers
U01164,43,iOS,19,7.1,44,12,2,36,10,0,1,Casual Browsers
U01165,42,Web,19,8.1,52,9,1,23,7,0,1,Casual Browsers
U01166,23,iOS,12,5.5,24,3,0,37,1,1,3,At-Risk/Dormant
U01167,19,iOS,29,12.4,83,19,4,11,13,0,2,Steady Engagers
U01168,37,iOS,31,20.3,124,35,7,31,11,1,0,Power Users
U01169,65,Android,37,16.5,134,37,5,6,19,0,0,Power Users
U01170,62,iOS,15,1.7,38,7,0,34,6,0,3,At-Risk/Dormant
U01171,48,Web,23,14.9,66,20,3,9,7,0,2,Steady Engagers
U01172,48,Android,28,15.1,104,24,4,6,7,0,2,Steady Engagers
U01173,36,Android,29,12.5,107,17,2,22,15,0,2,Steady Engagers
U01174,26,Android,17,10.1,46,12,2,29,3,0,1,Casual Browsers
U01175,18,Android,23,11.8,63,9,2,19,3,0,1,Casual Browsers
U01176,34,Web,3,1.2,10,2,0,40,0,1,3,At-Risk/Dormant
U01177,33,iOS,16,10.8,46,13,3,21,9,0,1,Casual Browsers
U01178,27,Android,7,8.2,13,2,0,41,5,1,3,At-Risk/Dormant
U01179,30,Android,19,10.3,56,7,0,21,9,0,1,Casual Browsers
U01180,19,Android,11,5.2,29,7,0,27,10,0,1,Casual Browsers
U01181,47,Android,14,7.6,27,5,0,29,7,0,1,Casual Browsers
U01182,62,iOS,15,9.1,41,7,2,23,12,0,1,Casual Browsers
U01183,51,Web,20,6.9,42,7,0,41,6,0,1,Casual Browsers
U01184,39,iOS,19,9.1,63,17,3,20,12,0,2,Steady Engagers
U01185,38,Android,20,8.5,56,10,2,24,3,0,1,Casual Browsers
U01186,32,iOS,12,2.0,25,4,0,39,2,1,3,At-Risk/Dormant
U01187,24,iOS,14,12.3,37,10,0,20,9,0,1,Casual Browsers
U01188,46,Android,16,8.6,38,3,0,35,2,0,3,At-Risk/Dormant
U01189,45,iOS,25,12.8,78,20,2,12,8,0,2,Steady Engagers
U01190,18,iOS,23,6.1,71,14,2,26,8,0,1,Casual Browsers
U01191,37,Web,26,10.9,102,28,7,11,11,0,0,Power Users
U01192,31,Android,13,10.2,29,5,0,24,6,0,1,Casual Browsers
U01193,26,Android,17,14.0,57,17,3,16,8,0,2,Steady Engagers
U01194,51,iOS,22,7.5,55,7,3,21,9,0,1,Casual Browsers
U01195,43,Android,7,4.4,24,4,0,36,3,1,3,At-Risk/Dormant
U01196,48,Android,16,11.3,31,4,1,27,8,0,1,Casual Browsers
U01197,52,iOS,8,7.8,13,0,0,35,4,1,3,At-Risk/Dormant
U01198,65,Android,13,7.6,28,6,0,27,6,1,1,Casual Browsers
U01199,56,iOS,5,4.8,3,0,0,41,4,0,3,At-Risk/Dormant
U01200,47,Web,20,11.8,64,16,3,28,8,0,2,Steady Engagers
U01201,60,iOS,31,18.7,109,33,7,0,18,0,0,Power Users
U01202,40,iOS,21,7.2,52,8,1,28,6,0,1,Casual Browsers
U01203,65,iOS,14,10.5,41,5,0,26,8,0,1,Casual Browsers
U01204,54,Android,18,12.6,49,7,1,22,7,0,1,Casual Browsers
U01205,49,Android,26,10.9,70,13,1,18,9,0,2,Steady Engagers
U01206,61,iOS,30,18.2,121,37,6,1,15,0,0,Power Users
U01207,42,Android,17,8.5,60,11,2,25,6,0,1,Casual Browsers
U01208,52,Android,26,14.7,91,26,4,13,17,0,2,Steady Engagers
U01209,31,Android,33,9.0,96,18,2,12,10,0,2,Steady Engagers
U01210,64,Web,27,13.5,84,16,3,13,7,0,2,Steady Engagers
U01211,47,Android,24,15.8,67,23,3,13,11,0,2,Steady Engagers
U01212,55,iOS,7,3.5,11,1,0,40,5,0,3,At-Risk/Dormant
U01213,40,Android,30,8.3,84,14,4,20,5,0,2,Steady Engagers
U01214,59,iOS,23,11.8,59,11,2,22,9,0,2,Steady Engagers
U01215,21,Android,9,2.5,9,2,0,38,6,1,3,At-Risk/Dormant
U01216,23,Android,25,12.5,70,17,2,13,7,0,2,Steady Engagers
U01217,42,iOS,20,7.9,50,7,0,19,6,0,1,Casual Browsers
U01218,53,iOS,15,8.1,35,8,1,30,8,0,1,Casual Browsers
U01219,56,Android,14,7.5,28,4,0,30,7,0,1,Casual Browsers
U01220,39,Android,7,0.5,14,3,0,44,0,1,3,At-Risk/Dormant
U01221,49,Android,25,10.6,84,25,4,9,19,0,2,Steady Engagers
U01222,44,Android,19,12.9,64,11,1,13,8,0,2,Steady Engagers
U01223,64,iOS,19,12.4,45,7,2,27,4,0,1,Casual Browsers
U01224,49,Android,7,5.3,17,4,1,38,6,0,3,At-Risk/Dormant
U01225,38,iOS,24,10.6,66,18,2,13,14,0,2,Steady Engagers
U01226,64,Android,6,3.4,12,1,0,50,3,1,3,At-Risk/Dormant
U01227,23,iOS,17,1.6,48,14,3,22,6,0,1,Casual Browsers
U01228,65,Android,11,7.1,20,0,0,39,6,0,3,At-Risk/Dormant
U01229,25,iOS,8,5.6,17,3,0,46,2,1,3,At-Risk/Dormant
U01230,31,Android,12,8.0,29,8,4,28,5,0,1,Casual Browsers
U01231,57,Web,19,14.5,57,12,2,12,6,1,2,Steady Engagers
U01232,53,iOS,18,9.5,38,2,1,22,8,0,1,Casual Browsers
U01233,64,Web,11,4.4,20,4,0,43,4,1,3,At-Risk/Dormant
U01234,53,Android,4,5.4,9,1,0,41,3,1,3,At-Risk/Dormant
U01235,48,Android,41,13.6,130,29,2,11,20,0,0,Power Users
U01236,34,Android,7,3.4,10,1,0,44,4,1,3,At-Risk/Dormant
U01237,18,Android,30,16.2,106,26,3,4,19,0,0,Power Users
U01238,23,iOS,11,5.8,18,4,1,30,3,0,3,At-Risk/Dormant
U01239,32,Web,14,9.1,35,7,2,33,10,0,1,Casual Browsers
U01240,19,iOS,19,5.7,44,10,2,24,8,0,1,Casual Browsers
U01241,42,iOS,24,9.9,85,22,2,10,12,0,2,Steady Engagers
U01242,55,Android,19,6.6,53,9,1,18,9,0,1,Casual Browsers
U01243,64,Android,22,10.5,75,6,1,24,13,0,2,Steady Engagers
U01244,41,iOS,15,9.4,37,8,1,24,4,0,1,Casual Browsers
U01245,60,Android,6,0.8,17,3,0,39,3,1,3,At-Risk/Dormant
U01246,65,Android,19,13.9,70,19,3,12,12,0,2,Steady Engagers
U01247,59,Web,16,5.6,35,8,3,31,8,0,1,Casual Browsers
U01248,40,Web,31,15.1,108,24,3,5,9,0,2,Steady Engagers
U01249,33,iOS,13,6.8,24,3,0,44,2,0,3,At-Risk/Dormant
U01250,64,Android,10,7.5,17,3,0,43,3,1,3,At-Risk/Dormant
U01251,29,Web,5,1.5,9,1,0,47,1,1,3,At-Risk/Dormant
U01252,37,Android,27,12.4,86,18,3,13,9,0,2,Steady Engagers
U01253,21,Android,24,11.7,91,22,5,3,12,0,2,Steady Engagers
U01254,56,Android,22,8.2,74,18,2,24,6,0,1,Casual Browsers
U01255,49,Web,19,13.4,47,5,0,34,11,0,1,Casual Browsers
U01256,22,Web,7,4.1,12,0,0,41,4,1,3,At-Risk/Dormant
U01257,28,iOS,28,14.2,93,21,4,15,9,0,2,Steady Engagers
U01258,44,Android,15,2.5,32,2,0,34,7,0,3,At-Risk/Dormant
U01259,43,iOS,21,10.6,49,5,1,17,10,0,1,Casual Browsers
U01260,56,Android,14,1.5,39,3,0,35,3,1,3,At-Risk/Dormant
U01261,30,Web,7,0.5,17,1,0,49,4,1,3,At-Risk/Dormant
U01262,62,Android,16,4.7,37,5,0,30,6,0,1,Casual Browsers
U01263,39,Android,19,13.6,53,11,3,32,14,1,2,Steady Engagers
U01264,57,iOS,28,15.4,111,32,7,2,11,0,0,Power Users
U01265,29,iOS,4,6.0,7,1,0,44,2,1,3,At-Risk/Dormant
U01266,19,Web,16,4.7,34,4,0,46,1,0,3,At-Risk/Dormant
U01267,20,Android,28,17.5,85,12,0,16,17,0,2,Steady Engagers
U01268,35,Web,8,5.7,13,1,0,55,4,1,3,At-Risk/Dormant
U01269,63,Android,25,16.8,80,24,2,21,15,0,2,Steady Engagers
U01270,20,Android,34,14.1,121,30,2,0,16,0,0,Power Users
U01271,35,iOS,12,8.5,30,1,0,27,7,0,1,Casual Browsers
U01272,23,Android,29,14.7,81,21,1,18,18,0,2,Steady Engagers
U01273,62,iOS,17,16.0,41,7,1,22,6,0,1,Casual Browsers
U01274,50,Android,26,11.1,59,9,2,27,16,0,2,Steady Engagers
U01275,54,Android,18,7.6,50,9,0,24,3,1,1,Casual Browsers
U01276,52,iOS,31,18.4,108,23,6,7,9,0,0,Power Users
U01277,49,Android,24,17.3,83,24,3,18,14,0,2,Steady Engagers
U01278,55,iOS,27,11.4,90,23,4,20,13,0,2,Steady Engagers
U01279,18,iOS,31,13.6,79,17,3,16,16,0,2,Steady Engagers
U01280,59,Android,18,10.8,58,13,1,24,14,0,2,Steady Engagers
U01281,53,iOS,43,12.3,167,38,6,0,20,0,0,Power Users
U01282,53,Android,11,6.9,25,2,0,31,10,0,1,Casual Browsers
U01283,36,Android,12,0.5,30,5,2,45,1,1,3,At-Risk/Dormant
U01284,56,Android,19,6.6,37,4,0,35,5,0,1,Casual Browsers
U01285,36,Web,15,9.4,28,5,0,32,3,0,1,Casual Browsers
U01286,20,iOS,12,8.6,25,3,0,27,9,0,1,Casual Browsers
U01287,61,iOS,12,8.1,33,4,0,30,2,0,3,At-Risk/Dormant
U01288,29,Web,19,6.9,44,3,0,24,3,0,1,Casual Browsers
U01289,22,Android,10,8.7,27,8,1,18,10,0,1,Casual Browsers
U01290,47,Web,13,3.5,35,9,0,35,6,0,3,At-Risk/Dormant
U01291,29,iOS,20,8.6,40,5,0,33,5,0,1,Casual Browsers
U01292,59,Web,13,6.4,31,3,0,29,3,0,3,At-Risk/Dormant
U01293,39,Web,4,4.0,8,2,0,44,1,0,3,At-Risk/Dormant
U01294,18,Web,17,5.1,45,8,0,32,7,0,1,Casual Browsers
U01295,63,Android,35,10.8,114,25,4,6,10,0,0,Power Users
U01296,42,iOS,6,2.8,12,2,0,45,3,1,3,At-Risk/Dormant
U01297,30,Web,8,0.5,17,1,0,38,3,1,3,At-Risk/Dormant
U01298,50,iOS,30,17.9,102,30,2,5,12,0,0,Power Users
U01299,43,Android,23,10.6,63,9,2,22,7,0,1,Casual Browsers
U01300,19,Web,19,14.6,58,7,1,20,12,0,2,Steady Engagers
U01301,54,Android,5,4.0,12,0,0,41,7,1,3,At-Risk/Dormant
U01302,37,iOS,30,10.8,99,22,5,10,8,0,2,Steady Engagers
U01303,51,iOS,11,2.9,20,3,1,39,4,1,3,At-Risk/Dormant
U01304,60,Android,34,14.6,111,38,7,1,7,0,0,Power Users
U01305,47,iOS,20,7.3,45,10,3,21,4,0,1,Casual Browsers
U01306,50,Android,33,11.3,123,22,3,3,14,0,0,Power Users
U01307,30,iOS,17,4.3,37,3,1,31,4,0,3,At-Risk/Dormant
U01308,29,Web,12,11.7,36,7,0,23,9,0,1,Casual Browsers
U01309,37,Android,23,13.4,61,11,2,31,8,0,1,Casual Browsers
U01310,58,iOS,19,11.0,53,11,1,21,12,0,1,Casual Browsers
U01311,43,Android,22,11.7,66,17,0,11,6,0,2,Steady Engagers
U01312,34,Web,5,7.1,9,1,0,40,2,1,3,At-Risk/Dormant
U01313,55,Web,21,8.2,38,7,0,25,5,0,1,Casual Browsers
U01314,58,Android,18,7.6,38,7,0,49,3,1,3,At-Risk/Dormant
U01315,61,iOS,17,7.6,31,2,1,29,7,0,1,Casual Browsers
U01316,32,iOS,10,2.1,23,7,1,31,4,1,3,At-Risk/Dormant
U01317,52,iOS,28,16.6,79,16,0,13,18,0,2,Steady Engagers
U01318,46,iOS,18,11.3,46,8,0,21,5,0,1,Casual Browsers
U01319,39,iOS,19,5.7,41,9,0,23,6,0,1,Casual Browsers
U01320,37,iOS,25,18.1,78,18,1,17,11,0,2,Steady Engagers
U01321,23,Android,32,15.7,109,24,2,3,17,0,0,Power Users
U01322,31,Android,15,8.1,41,5,0,23,6,0,1,Casual Browsers
U01323,44,Web,7,0.5,11,1,0,40,4,0,3,At-Risk/Dormant
U01324,60,Android,16,5.3,29,5,0,27,5,0,1,Casual Browsers
U01325,59,iOS,30,10.4,118,29,4,4,13,0,0,Power Users
U01326,27,Android,9,1.6,15,0,0,43,4,0,3,At-Risk/Dormant
U01327,50,Web,5,3.7,13,0,0,53,3,1,3,At-Risk/Dormant
U01328,22,iOS,22,14.4,79,18,4,14,11,0,2,Steady Engagers
U01329,50,Android,28,10.4,90,29,5,16,19,0,0,Power Users
U01330,34,Android,13,6.1,37,8,1,32,3,0,3,At-Risk/Dormant
U01331,39,Android,25,9.6,77,14,4,13,12,0,2,Steady Engagers
U01332,52,Web,15,10.8,38,8,3,32,11,1,1,Casual Browsers
U01333,38,iOS,11,10.2,29,0,0,26,3,1,1,Casual Browsers
U01334,56,iOS,32,9.9,98,20,3,7,15,0,2,Steady Engagers
U01335,43,iOS,8,5.2,24,4,0,32,2,1,3,At-Risk/Dormant
U01336,65,Android,24,13.4,62,16,3,21,13,0,2,Steady Engagers
U01337,48,Android,37,17.0,126,28,3,3,15,0,0,Power Users
U01338,32,Android,25,11.2,73,13,1,12,11,0,2,Steady Engagers
U01339,55,Android,35,15.4,119,34,8,14,10,0,0,Power Users
U01340,37,iOS,17,11.2,53,16,0,28,6,0,1,Casual Browsers
U01341,43,Web,28,19.0,85,22,2,7,11,0,2,Steady Engagers
U01342,24,Web,27,12.7,86,20,2,11,8,0,2,Steady Engagers
U01343,23,Web,34,18.8,131,36,10,17,13,0,0,Power Users
U01344,45,iOS,29,12.9,105,26,5,13,13,0,0,Power Users
U01345,26,Android,13,4.0,26,2,0,35,4,1,3,At-Risk/Dormant
U01346,65,iOS,30,12.9,75,14,3,6,12,0,2,Steady Engagers
U01347,59,Web,6,5.6,9,3,1,38,4,1,3,At-Risk/Dormant
U01348,51,iOS,14,8.6,37,3,0,32,4,0,1,Casual Browsers
U01349,53,iOS,32,13.9,96,26,3,4,8,0,2,Steady Engagers
U01350,46,iOS,17,8.3,51,11,0,21,15,0,1,Casual Browsers
U01351,20,iOS,15,5.0,27,4,0,32,9,0,1,Casual Browsers
U01352,36,Web,1,3.7,0,0,0,43,0,1,3,At-Risk/Dormant
U01353,41,iOS,24,10.3,69,18,3,40,11,0,2,Steady Engagers
U01354,61,Android,29,15.2,89,21,1,8,9,0,2,Steady Engagers
U01355,28,Android,8,3.7,10,0,0,45,2,1,3,At-Risk/Dormant
U01356,41,iOS,9,8.8,22,4,0,35,3,1,3,At-Risk/Dormant
U01357,34,Android,15,11.0,40,8,0,27,11,0,1,Casual Browsers
U01358,24,Web,24,11.7,75,12,0,19,7,0,1,Casual Browsers
U01359,22,iOS,21,9.9,51,12,3,19,10,0,2,Steady Engagers
U01360,35,iOS,12,3.5,31,3,0,62,6,1,3,At-Risk/Dormant
U01361,21,Android,5,4.2,8,1,0,39,4,1,3,At-Risk/Dormant
U01362,21,iOS,19,9.0,52,15,0,20,9,0,1,Casual Browsers
U01363,34,iOS,34,11.4,101,19,3,15,11,0,2,Steady Engagers
U01364,27,Android,31,14.2,82,22,4,10,9,0,2,Steady Engagers
U01365,44,Web,24,13.4,70,16,0,18,7,0,2,Steady Engagers
U01366,18,Android,25,12.2,96,33,6,8,14,0,0,Power Users
U01367,32,Android,25,19.3,81,25,4,2,12,0,2,Steady Engagers
U01368,39,Android,18,9.1,35,4,0,42,4,0,3,At-Risk/Dormant
U01369,64,iOS,14,9.8,35,8,0,22,7,0,1,Casual Browsers
U01370,48,iOS,32,15.2,113,30,5,22,4,0,0,Power Users
U01371,60,Web,8,5.0,14,2,0,29,4,1,3,At-Risk/Dormant
U01372,34,Android,33,12.2,98,18,2,9,9,0,2,Steady Engagers
U01373,39,Web,24,12.2,91,24,3,17,13,0,2,Steady Engagers
U01374,38,iOS,38,16.4,133,36,7,6,10,0,0,Power Users
U01375,60,Android,20,10.8,52,15,1,21,7,0,1,Casual Browsers
U01376,64,Android,29,23.7,106,27,5,2,19,0,0,Power Users
U01377,64,Android,15,7.7,37,6,1,21,6,0,1,Casual Browsers
U01378,54,Web,5,2.3,7,0,0,47,1,1,3,At-Risk/Dormant
U01379,42,Android,22,12.1,81,20,4,13,13,0,2,Steady Engagers
U01380,43,iOS,28,17.0,102,30,4,1,16,0,0,Power Users
U01381,65,iOS,13,8.1,30,3,0,47,5,0,3,At-Risk/Dormant
U01382,31,Web,6,3.7,11,0,0,50,4,0,3,At-Risk/Dormant
U01383,34,iOS,22,10.4,48,9,0,19,6,0,1,Casual Browsers
U01384,61,iOS,24,9.7,59,11,3,15,10,0,2,Steady Engagers
U01385,36,Android,18,11.9,49,10,0,24,5,0,1,Casual Browsers
U01386,29,Web,12,5.7,28,5,0,33,5,0,3,At-Risk/Dormant
U01387,44,Android,19,2.0,52,11,3,19,9,0,1,Casual Browsers
U01388,33,Android,12,3.0,25,7,1,46,9,0,3,At-Risk/Dormant
U01389,60,Web,7,10.6,15,0,0,36,3,0,3,At-Risk/Dormant
U01390,61,Android,8,0.5,11,0,0,44,3,1,3,At-Risk/Dormant
U01391,32,Android,30,14.0,84,13,2,8,9,0,2,Steady Engagers
U01392,43,iOS,10,5.6,27,9,0,40,4,0,3,At-Risk/Dormant
U01393,65,Android,30,15.8,114,24,4,10,7,0,2,Steady Engagers
U01394,53,Android,27,16.1,93,19,2,7,11,0,2,Steady Engagers
U01395,28,iOS,23,12.1,65,10,1,9,12,0,2,Steady Engagers
U01396,46,iOS,19,16.2,50,10,2,11,8,0,2,Steady Engagers
U01397,47,iOS,10,9.1,25,5,0,30,3,0,3,At-Risk/Dormant
U01398,49,Android,18,12.6,52,7,0,20,9,0,1,Casual Browsers
U01399,19,iOS,27,11.6,78,24,1,22,5,0,2,Steady Engagers
U01400,32,Web,4,1.5,8,0,0,54,1,1,3,At-Risk/Dormant
U01401,59,Android,12,5.7,24,4,1,29,7,0,1,Casual Browsers
U01402,29,Android,6,1.5,12,1,0,37,3,0,3,At-Risk/Dormant
U01403,32,Android,24,15.0,76,14,1,28,9,0,2,Steady Engagers
U01404,33,iOS,17,9.7,33,5,0,27,5,0,1,Casual Browsers
U01405,26,Android,10,8.7,31,0,0,27,5,0,1,Casual Browsers
U01406,25,iOS,29,19.0,114,31,4,0,13,0,0,Power Users
U01407,34,Web,16,5.9,33,5,0,33,3,0,3,At-Risk/Dormant
U01408,59,Android,20,14.4,50,14,3,15,12,0,2,Steady Engagers
U01409,18,iOS,24,8.7,69,16,4,15,7,0,2,Steady Engagers
U01410,31,Android,16,11.5,39,3,1,28,3,0,1,Casual Browsers
U01411,20,Android,26,13.3,94,28,4,10,9,0,2,Steady Engagers
U01412,44,iOS,20,10.2,67,22,2,13,14,0,2,Steady Engagers
U01413,30,Android,23,11.8,78,19,5,12,11,0,2,Steady Engagers
U01414,56,Web,17,11.7,51,9,2,35,3,0,1,Casual Browsers
U01415,46,iOS,9,2.7,21,6,1,40,4,0,3,At-Risk/Dormant
U01416,55,Android,18,11.6,66,18,2,17,11,0,2,Steady Engagers
U01417,48,Android,18,7.0,46,8,0,23,5,0,1,Casual Browsers
U01418,39,Android,19,9.7,43,8,0,42,9,0,1,Casual Browsers
U01419,59,Web,4,5.0,8,0,0,44,4,1,3,At-Risk/Dormant
U01420,40,iOS,19,10.1,50,8,0,27,4,0,1,Casual Browsers
U01421,63,Android,23,6.9,66,7,0,27,8,0,1,Casual Browsers
U01422,65,iOS,13,5.5,28,3,0,34,5,0,3,At-Risk/Dormant
U01423,46,iOS,21,8.3,45,8,0,27,12,0,1,Casual Browsers
U01424,50,iOS,22,12.9,68,13,1,17,8,0,2,Steady Engagers
U01425,30,Android,21,14.6,49,11,2,13,9,0,2,Steady Engagers
U01426,57,Android,4,1.4,12,2,0,43,2,1,3,At-Risk/Dormant
U01427,50,Android,20,7.6,40,8,1,22,8,0,1,Casual Browsers
U01428,61,Android,22,15.6,72,14,2,18,10,0,2,Steady Engagers
U01429,30,iOS,29,18.1,101,29,4,1,21,0,0,Power Users
U01430,55,Android,14,6.9,32,1,0,42,4,0,3,At-Risk/Dormant
U01431,40,Android,12,11.6,41,10,0,28,5,0,1,Casual Browsers
U01432,26,Android,6,0.5,7,1,0,38,4,1,3,At-Risk/Dormant
U01433,26,Android,23,13.4,71,16,1,19,12,0,2,Steady Engagers
U01434,44,Web,21,18.8,56,12,2,13,18,0,2,Steady Engagers
U01435,33,iOS,26,14.3,78,23,4,14,7,0,2,Steady Engagers
U01436,22,Android,26,13.8,81,26,4,21,13,0,2,Steady Engagers
U01437,38,iOS,12,9.2,41,6,0,26,9,0,1,Casual Browsers
U01438,49,Android,22,6.6,56,11,0,21,6,1,1,Casual Browsers
U01439,33,Web,22,8.6,50,9,2,19,6,0,1,Casual Browsers
U01440,63,iOS,21,15.4,66,9,2,11,10,0,2,Steady Engagers
U01441,55,iOS,22,13.4,74,15,3,12,13,0,2,Steady Engagers
U01442,42,Web,24,11.5,90,26,3,8,9,0,2,Steady Engagers
U01443,62,Web,29,10.6,94,30,5,10,8,0,2,Steady Engagers
U01444,38,Web,19,8.6,67,10,1,27,13,0,1,Casual Browsers
U01445,24,Android,29,14.2,86,17,2,15,12,0,2,Steady Engagers
U01446,19,Android,10,4.5,27,4,0,36,2,0,3,At-Risk/Dormant
U01447,63,iOS,18,13.3,61,12,1,19,18,0,2,Steady Engagers
U01448,64,iOS,20,9.7,69,21,2,12,8,0,2,Steady Engagers
U01449,53,iOS,35,19.6,114,27,3,4,15,0,0,Power Users
U01450,22,iOS,13,10.5,48,6,0,21,7,0,1,Casual Browsers
U01451,32,Android,19,6.4,45,5,0,24,9,0,1,Casual Browsers
U01452,19,Android,21,11.9,69,19,6,15,10,0,2,Steady Engagers
U01453,20,iOS,11,4.8,19,3,0,31,3,0,3,At-Risk/Dormant
U01454,29,Android,6,10.2,16,5,1,35,4,1,3,At-Risk/Dormant
U01455,45,iOS,29,17.4,113,33,4,9,8,0,0,Power Users
U01456,21,iOS,12,7.9,32,9,3,23,7,0,1,Casual Browsers
U01457,65,iOS,19,9.4,65,10,1,22,15,0,2,Steady Engagers
U01458,39,iOS,32,11.9,110,33,5,1,12,0,0,Power Users
U01459,30,iOS,17,6.7,52,9,0,17,8,0,1,Casual Browsers
U01460,42,iOS,19,12.2,56,16,1,14,10,0,2,Steady Engagers
U01461,55,Android,9,7.0,19,1,0,27,5,0,3,At-Risk/Dormant
U01462,33,iOS,8,2.3,20,1,1,44,1,0,3,At-Risk/Dormant
U01463,20,iOS,6,1.7,9,3,0,45,1,0,3,At-Risk/Dormant
U01464,20,Android,33,14.4,108,35,7,12,15,0,0,Power Users
U01465,58,iOS,11,7.0,35,6,1,31,2,0,3,At-Risk/Dormant
U01466,23,Web,7,4.5,7,0,0,46,2,1,3,At-Risk/Dormant
U01467,48,Android,12,15.1,30,1,0,28,6,0,1,Casual Browsers
U01468,36,iOS,32,11.5,98,23,1,5,10,0,2,Steady Engagers
U01469,55,Web,11,3.5,21,7,1,46,8,1,3,At-Risk/Dormant
U01470,20,Web,17,12.0,51,4,0,28,5,0,1,Casual Browsers
U01471,61,Android,40,16.4,160,47,9,0,18,0,0,Power Users
U01472,51,iOS,9,7.5,19,3,0,33,2,1,3,At-Risk/Dormant
U01473,39,Web,6,0.5,15,3,0,44,2,1,3,At-Risk/Dormant
U01474,27,iOS,20,9.2,69,13,3,16,11,0,2,Steady Engagers
U01475,64,Android,17,8.1,39,7,1,33,3,0,1,Casual Browsers
U01476,32,Android,9,0.5,19,3,0,44,2,1,3,At-Risk/Dormant
U01477,41,iOS,33,16.9,106,21,3,6,7,0,2,Steady Engagers
U01478,36,Android,16,11.3,49,10,2,27,8,0,1,Casual Browsers
U01479,29,Android,21,10.6,70,13,2,14,5,0,2,Steady Engagers
U01480,37,Android,12,10.9,36,6,1,35,5,0,1,Casual Browsers
U01481,25,iOS,11,6.2,26,3,0,39,6,0,3,At-Risk/Dormant
U01482,18,iOS,7,4.8,13,1,0,41,6,1,3,At-Risk/Dormant
U01483,31,Web,24,12.9,59,13,0,11,10,0,2,Steady Engagers
U01484,23,iOS,23,7.2,83,12,5,12,8,0,2,Steady Engagers
U01485,37,Web,16,5.5,39,10,0,22,10,0,1,Casual Browsers
U01486,59,Web,16,9.8,39,8,1,38,5,1,1,Casual Browsers
U01487,25,Android,11,5.6,21,3,0,35,2,0,3,At-Risk/Dormant
U01488,18,iOS,20,14.4,56,11,2,24,8,0,1,Casual Browsers
U01489,23,Android,38,19.0,158,44,9,0,17,0,0,Power Users
U01490,42,Web,8,1.7,19,1,0,42,1,1,3,At-Risk/Dormant
U01491,31,Android,20,12.8,70,21,6,9,10,0,2,Steady Engagers
U01492,41,iOS,27,11.5,86,23,6,8,11,0,2,Steady Engagers
U01493,19,Web,32,11.5,101,35,10,13,7,0,0,Power Users
U01494,33,Android,29,17.9,125,43,8,0,11,0,0,Power Users
U01495,37,Web,7,7.5,7,2,1,37,8,0,3,At-Risk/Dormant
U01496,38,Android,10,6.0,15,0,0,40,4,0,3,At-Risk/Dormant
U01497,44,Android,28,14.9,94,15,0,14,8,0,2,Steady Engagers
U01498,55,iOS,20,13.9,70,18,4,11,6,0,2,Steady Engagers
U01499,40,Android,10,4.4,16,2,0,33,7,1,3,At-Risk/Dormant
U01500,58,iOS,29,11.4,88,32,5,11,12,0,0,Power Users
U01501,43,Web,17,11.4,41,3,0,21,6,0,1,Casual Browsers
U01502,30,Android,29,12.0,83,13,2,14,7,0,2,Steady Engagers
U01503,28,iOS,12,7.3,23,4,0,33,4,0,3,At-Risk/Dormant
U01504,33,Web,31,12.0,84,28,3,10,14,0,2,Steady Engagers
U01505,46,iOS,36,22.1,131,43,11,0,21,0,0,Power Users
U01506,29,Android,10,13.8,16,3,0,23,6,0,1,Casual Browsers
U01507,61,Web,22,6.5,71,15,1,21,5,0,1,Casual Browsers
U01508,41,Android,12,9.9,30,2,0,24,5,0,1,Casual Browsers
U01509,59,iOS,32,8.5,108,29,4,13,9,0,2,Steady Engagers
U01510,50,iOS,7,1.4,12,0,1,40,2,1,3,At-Risk/Dormant
U01511,34,iOS,22,7.6,57,13,1,23,6,0,1,Casual Browsers
U01512,28,Android,36,12.0,119,39,5,4,15,0,0,Power Users
U01513,53,Android,15,5.6,33,4,0,33,2,0,3,At-Risk/Dormant
U01514,33,iOS,34,13.2,103,23,6,9,13,0,0,Power Users
U01515,29,Android,41,18.4,168,53,14,0,11,0,0,Power Users
U01516,62,iOS,28,11.8,103,24,4,7,8,0,2,Steady Engagers
U01517,41,iOS,23,12.8,65,16,2,21,6,0,2,Steady Engagers
U01518,20,iOS,15,9.7,45,10,1,22,14,0,1,Casual Browsers
U01519,41,Android,21,6.7,42,4,1,42,5,0,1,Casual Browsers
U01520,40,Android,36,17.5,131,39,9,7,23,0,0,Power Users
U01521,59,Web,7,5.4,15,0,0,40,1,0,3,At-Risk/Dormant
U01522,52,Android,27,15.9,106,31,5,8,18,0,0,Power Users
U01523,27,Android,35,18.1,118,26,8,3,15,0,0,Power Users
U01524,25,Android,10,6.8,23,3,0,34,3,0,3,At-Risk/Dormant
U01525,46,Android,25,10.8,75,15,3,19,11,0,2,Steady Engagers
U01526,20,Web,17,7.5,41,8,0,25,10,0,1,Casual Browsers
U01527,33,Android,15,9.1,50,10,2,24,7,0,1,Casual Browsers
U01528,24,Android,11,10.4,18,2,0,26,6,1,1,Casual Browsers
U01529,18,iOS,16,9.6,38,5,1,54,8,1,3,At-Risk/Dormant
U01530,62,Android,30,11.3,86,16,1,10,9,0,2,Steady Engagers
U01531,22,Android,28,14.0,99,24,1,4,12,0,2,Steady Engagers
U01532,18,Web,2,3.1,8,0,0,45,1,1,3,At-Risk/Dormant
U01533,62,iOS,10,4.4,15,3,1,38,3,0,3,At-Risk/Dormant
U01534,27,Android,9,1.8,16,0,0,38,2,1,3,At-Risk/Dormant
U01535,57,Android,26,11.4,84,22,5,15,7,0,2,Steady Engagers
U01536,19,Android,17,12.7,50,6,1,32,10,0,1,Casual Browsers
U01537,25,Android,12,1.7,35,2,0,33,9,1,3,At-Risk/Dormant
U01538,23,iOS,22,10.7,61,5,2,23,7,0,1,Casual Browsers
U01539,51,iOS,18,12.1,56,6,2,20,7,0,1,Casual Browsers
U01540,47,iOS,16,4.6,27,6,0,32,6,1,3,At-Risk/Dormant
U01541,40,Web,17,6.4,49,5,0,25,8,0,1,Casual Browsers
U01542,29,Android,24,10.8,70,16,2,17,9,0,2,Steady Engagers
U01543,22,Web,4,0.5,7,0,0,43,1,0,3,At-Risk/Dormant
U01544,45,iOS,33,11.9,131,38,6,7,13,0,0,Power Users
U01545,29,Android,35,17.9,144,32,3,10,15,0,0,Power Users
U01546,46,Web,25,10.3,68,15,1,15,8,0,2,Steady Engagers
U01547,50,Android,25,8.8,67,13,5,22,5,0,2,Steady Engagers
U01548,58,iOS,16,7.7,31,11,0,27,2,0,1,Casual Browsers
U01549,41,iOS,14,9.9,33,7,0,31,6,0,1,Casual Browsers
U01550,18,Android,24,15.1,61,12,2,15,11,0,2,Steady Engagers
U01551,31,Web,29,12.6,86,23,2,18,10,0,2,Steady Engagers
U01552,58,Android,12,10.0,27,5,1,33,4,1,1,Casual Browsers
U01553,43,Web,12,7.3,38,10,2,26,6,0,1,Casual Browsers
U01554,47,Android,18,11.0,44,11,2,44,6,0,1,Casual Browsers
U01555,39,Android,34,13.0,116,27,1,4,16,0,2,Steady Engagers
U01556,25,Android,28,11.4,81,22,2,11,9,0,2,Steady Engagers
U01557,61,Web,17,12.6,40,7,1,23,10,0,1,Casual Browsers
U01558,55,Android,12,4.7,32,2,0,39,3,1,3,At-Risk/Dormant
U01559,65,Web,12,2.8,30,5,0,33,3,1,3,At-Risk/Dormant
U01560,59,Android,21,4.6,53,10,0,32,9,0,1,Casual Browsers
U01561,31,iOS,25,12.3,91,21,3,11,10,0,2,Steady Engagers
U01562,30,Android,26,12.9,88,26,5,20,10,0,2,Steady Engagers
U01563,29,Android,32,22.3,127,30,6,0,8,0,0,Power Users
U01564,62,Web,8,8.6,13,1,0,40,4,0,3,At-Risk/Dormant
U01565,44,Android,25,8.3,68,21,1,2,8,0,2,Steady Engagers
U01566,39,iOS,18,14.7,56,8,0,20,8,0,1,Casual Browsers
U01567,64,iOS,30,16.2,106,19,4,0,14,0,0,Power Users
U01568,46,iOS,17,11.9,51,6,0,25,7,0,1,Casual Browsers
U01569,61,iOS,23,14.8,62,16,3,13,12,0,2,Steady Engagers
U01570,65,Web,23,14.0,70,10,0,18,11,0,2,Steady Engagers
U01571,21,iOS,21,16.9,72,15,0,12,13,0,2,Steady Engagers
U01572,35,iOS,22,10.9,75,14,2,13,8,0,2,Steady Engagers
U01573,53,iOS,1,1.2,4,0,1,43,2,1,3,At-Risk/Dormant
U01574,57,iOS,24,8.7,58,7,0,27,6,0,1,Casual Browsers
U01575,25,Android,16,8.8,44,6,1,28,8,0,1,Casual Browsers
U01576,33,iOS,15,9.1,35,10,2,26,3,0,1,Casual Browsers
U01577,44,Android,14,5.0,28,4,0,38,3,0,3,At-Risk/Dormant
U01578,56,iOS,10,7.6,22,2,0,35,5,0,3,At-Risk/Dormant
U01579,23,Web,24,8.7,59,16,3,17,4,0,1,Casual Browsers
U01580,46,Web,18,14.6,47,7,1,20,5,0,1,Casual Browsers
U01581,32,Web,2,8.2,6,1,0,51,1,1,3,At-Risk/Dormant
U01582,28,iOS,29,6.2,77,19,2,16,9,0,2,Steady Engagers
U01583,42,iOS,9,11.8,21,4,0,28,0,0,3,At-Risk/Dormant
U01584,37,Android,24,6.8,61,16,4,17,2,0,1,Casual Browsers
U01585,48,iOS,39,20.0,142,41,11,0,12,0,0,Power Users
U01586,33,Android,9,2.8,23,6,0,36,6,1,3,At-Risk/Dormant
U01587,57,Android,21,10.8,52,12,2,39,8,0,1,Casual Browsers
U01588,21,Web,12,2.5,27,4,0,32,1,0,3,At-Risk/Dormant
U01589,59,Web,14,6.8,30,3,0,37,3,0,3,At-Risk/Dormant
U01590,19,iOS,12,4.6,22,0,0,36,3,0,3,At-Risk/Dormant
U01591,53,Android,14,9.6,44,8,2,20,8,0,1,Casual Browsers
U01592,34,iOS,9,8.3,26,6,1,29,3,0,3,At-Risk/Dormant
U01593,36,Android,15,5.0,47,8,1,53,10,0,3,At-Risk/Dormant
U01594,18,Web,6,6.4,11,1,0,49,3,1,3,At-Risk/Dormant
U01595,51,Web,32,15.5,118,25,8,5,12,0,0,Power Users
U01596,25,Android,30,8.6,100,26,3,11,11,0,2,Steady Engagers
U01597,49,Android,22,12.9,54,20,3,16,7,0,2,Steady Engagers
U01598,52,Android,21,10.9,64,18,4,22,14,0,2,Steady Engagers
U01599,58,Android,17,9.1,45,10,2,21,12,0,1,Casual Browsers
U01600,51,Android,34,19.1,138,36,9,0,11,0,0,Power Users
U01601,32,Android,20,11.2,51,11,4,15,15,0,2,Steady Engagers
U01602,53,Android,9,6.5,25,6,2,38,3,1,3,At-Risk/Dormant
U01603,57,Android,16,9.7,38,9,1,24,6,1,1,Casual Browsers
U01604,33,Android,38,15.6,136,42,10,3,12,0,0,Power Users
U01605,23,iOS,14,8.5,30,5,1,32,7,0,1,Casual Browsers
U01606,60,Android,6,5.4,8,0,0,46,1,0,3,At-Risk/Dormant
U01607,25,Web,11,4.4,29,6,0,38,2,0,3,At-Risk/Dormant
U01608,46,Android,31,13.7,100,25,3,10,13,0,2,Steady Engagers
U01609,29,Android,33,15.8,104,26,2,8,9,0,2,Steady Engagers
U01610,24,Android,22,17.3,52,14,1,29,12,0,2,Steady Engagers
U01611,55,iOS,9,7.8,23,4,0,36,3,1,3,At-Risk/Dormant
U01612,24,Android,9,2.2,16,1,0,38,2,0,3,At-Risk/Dormant
U01613,50,iOS,15,5.7,32,5,0,29,10,1,1,Casual Browsers
U01614,51,Android,23,10.3,43,11,2,17,11,0,2,Steady Engagers
U01615,20,Web,22,13.0,55,9,0,27,9,0,1,Casual Browsers
U01616,26,Android,10,4.0,22,0,0,43,1,0,3,At-Risk/Dormant
U01617,56,Android,16,8.1,44,9,1,28,10,0,1,Casual Browsers
U01618,42,Web,28,12.1,87,19,0,18,13,0,2,Steady Engagers
U01619,23,Android,36,15.4,141,45,3,0,20,0,0,Power Users
U01620,65,Android,16,6.8,52,7,0,29,6,0,1,Casual Browsers
U01621,30,Web,12,4.6,23,2,0,41,4,1,3,At-Risk/Dormant
U01622,18,Android,19,5.9,43,6,2,26,7,0,1,Casual Browsers
U01623,62,Android,16,8.7,31,8,1,38,5,0,1,Casual Browsers
U01624,18,Android,29,18.4,112,34,10,7,13,0,0,Power Users
U01625,44,Android,7,0.5,13,3,0,42,3,1,3,At-Risk/Dormant
U01626,65,Web,15,9.9,60,18,1,31,4,0,1,Casual Browsers
U01627,45,iOS,19,7.3,57,12,1,27,5,0,1,Casual Browsers
U01628,46,iOS,19,8.8,55,12,0,17,9,0,1,Casual Browsers
U01629,36,Android,16,10.5,44,7,2,40,9,0,1,Casual Browsers
U01630,24,iOS,32,18.3,140,47,15,2,17,0,0,Power Users
U01631,45,iOS,17,13.0,56,12,1,19,16,1,2,Steady Engagers
U01632,61,Android,9,4.9,12,0,0,37,4,1,3,At-Risk/Dormant
U01633,22,Web,18,11.5,49,10,0,52,6,0,1,Casual Browsers
U01634,60,iOS,21,7.7,65,17,1,22,7,0,1,Casual Browsers
U01635,37,iOS,12,7.2,23,1,0,28,5,0,3,At-Risk/Dormant
U01636,43,Android,19,11.9,40,6,0,32,9,0,1,Casual Browsers
U01637,25,Android,28,8.2,81,11,1,20,7,0,2,Steady Engagers
U01638,47,iOS,19,17.7,54,19,6,9,5,0,2,Steady Engagers
U01639,26,iOS,9,8.9,29,5,0,32,3,0,3,At-Risk/Dormant
U01640,31,Android,9,7.4,20,2,1,31,3,0,3,At-Risk/Dormant
U01641,52,Android,25,15.4,73,18,4,12,12,0,2,Steady Engagers
U01642,20,Web,20,12.3,52,11,2,12,14,0,2,Steady Engagers
U01643,39,Android,24,15.3,72,25,4,20,12,0,2,Steady Engagers
U01644,46,Android,13,6.7,31,3,0,39,3,1,3,At-Risk/Dormant
U01645,24,iOS,26,9.3,91,21,1,9,9,0,2,Steady Engagers
U01646,32,Android,28,12.8,83,21,3,9,4,0,2,Steady Engagers
U01647,34,Android,15,4.6,34,3,2,30,5,0,3,At-Risk/Dormant
U01648,49,Android,32,16.4,96,29,1,11,11,0,2,Steady Engagers
U01649,64,Web,24,9.2,68,7,1,23,10,0,1,Casual Browsers
U01650,58,Android,21,7.9,35,2,0,29,7,0,1,Casual Browsers
U01651,27,iOS,40,14.8,157,41,9,0,12,0,0,Power Users
U01652,18,Web,6,3.0,12,0,1,43,3,1,3,At-Risk/Dormant
U01653,20,iOS,20,12.4,73,13,2,16,13,0,2,Steady Engagers
U01654,46,iOS,30,20.4,102,33,3,3,10,0,0,Power Users
U01655,25,iOS,18,7.5,40,9,0,28,6,0,1,Casual Browsers
U01656,29,Android,15,4.4,34,5,1,47,6,0,3,At-Risk/Dormant
U01657,58,iOS,12,8.2,22,4,0,37,7,1,3,At-Risk/Dormant
U01658,59,Web,36,19.6,116,29,5,4,10,0,0,Power Users
U01659,58,iOS,14,9.0,38,9,0,28,7,0,1,Casual Browsers
U01660,30,Android,20,13.9,64,18,1,14,11,0,2,Steady Engagers
U01661,47,Android,22,12.2,68,18,6,14,10,0,2,Steady Engagers
U01662,47,Web,17,5.6,36,5,0,38,6,0,3,At-Risk/Dormant
U01663,26,Android,9,11.5,14,3,0,31,2,0,3,At-Risk/Dormant
U01664,44,Web,32,14.0,111,31,4,10,9,0,0,Power Users
U01665,43,Android,27,15.7,97,34,5,1,7,0,0,Power Users
U01666,37,iOS,24,7.2,73,18,5,13,7,0,2,Steady Engagers
U01667,54,Web,30,8.5,79,19,0,19,16,0,2,Steady Engagers
U01668,50,iOS,22,11.9,62,17,1,24,7,0,1,Casual Browsers
U01669,43,Android,7,0.5,14,1,0,45,0,0,3,At-Risk/Dormant
U01670,52,Web,3,8.5,5,0,0,41,2,1,3,At-Risk/Dormant
U01671,54,Android,5,1.7,13,2,0,46,2,1,3,At-Risk/Dormant
U01672,45,Android,22,9.3,53,12,1,25,5,0,1,Casual Browsers
U01673,30,iOS,3,5.5,4,0,1,44,1,0,3,At-Risk/Dormant
U01674,54,Android,3,3.1,6,1,0,37,1,1,3,At-Risk/Dormant
U01675,52,iOS,13,10.5,25,7,1,31,4,0,1,Casual Browsers
U01676,65,Android,33,14.4,127,39,5,0,7,0,0,Power Users
U01677,25,Android,18,10.1,54,15,0,21,13,0,1,Casual Browsers
U01678,38,Web,22,9.0,54,9,0,26,6,0,1,Casual Browsers
U01679,62,Android,18,13.5,50,10,3,12,5,0,1,Casual Browsers
U01680,42,iOS,12,9.5,21,2,0,30,1,0,3,At-Risk/Dormant
U01681,63,iOS,22,18.1,61,12,3,10,7,0,2,Steady Engagers
U01682,18,Web,3,1.7,6,0,0,60,3,0,3,At-Risk/Dormant
U01683,19,iOS,14,15.8,46,12,0,15,15,0,2,Steady Engagers
U01684,56,Web,17,11.3,44,11,0,21,9,0,1,Casual Browsers
U01685,35,Android,16,9.8,44,7,1,28,3,0,1,Casual Browsers
U01686,42,Android,13,10.8,32,4,0,23,8,0,1,Casual Browsers
U01687,38,Web,12,8.1,25,6,0,23,7,0,1,Casual Browsers
U01688,37,Web,4,2.7,9,2,0,50,4,0,3,At-Risk/Dormant
U01689,63,iOS,28,14.2,103,31,4,0,17,0,0,Power Users
U01690,22,iOS,16,6.4,38,3,0,34,3,0,3,At-Risk/Dormant
U01691,55,iOS,27,15.4,86,30,7,3,12,0,0,Power Users
U01692,60,Android,21,12.9,67,15,2,22,8,0,2,Steady Engagers
U01693,49,Web,3,1.6,3,0,0,44,0,1,3,At-Risk/Dormant
U01694,36,Web,3,7.9,5,0,0,49,4,0,3,At-Risk/Dormant
U01695,25,iOS,8,1.5,19,3,0,35,3,0,3,At-Risk/Dormant
U01696,50,Android,18,4.4,45,7,0,33,2,0,3,At-Risk/Dormant
U01697,40,Android,14,5.1,36,6,1,29,11,0,1,Casual Browsers
U01698,25,Android,28,16.3,106,26,4,2,11,0,0,Power Users
U01699,35,iOS,19,6.1,65,10,2,36,10,0,1,Casual Browsers
U01700,64,iOS,15,3.1,40,6,0,29,4,0,3,At-Risk/Dormant
U01701,30,Android,13,3.5,20,2,0,42,3,0,3,At-Risk/Dormant
U01702,26,iOS,37,10.9,139,43,6,2,13,0,0,Power Users
U01703,50,Web,1,3.3,5,0,0,50,3,1,3,At-Risk/Dormant
U01704,27,Android,23,16.1,92,31,4,8,12,0,0,Power Users
U01705,62,iOS,25,13.1,79,31,6,2,10,0,0,Power Users
U01706,59,iOS,16,9.8,42,6,0,28,5,0,1,Casual Browsers
U01707,65,Android,21,9.6,73,18,0,17,10,0,2,Steady Engagers
U01708,61,iOS,17,8.9,46,11,0,22,7,0,1,Casual Browsers
U01709,29,iOS,8,5.2,18,1,0,36,1,0,3,At-Risk/Dormant
U01710,28,Android,27,10.5,82,16,3,20,9,0,2,Steady Engagers
U01711,34,Android,19,8.7,69,21,3,14,11,0,2,Steady Engagers
U01712,40,Web,20,11.8,59,9,0,26,11,0,1,Casual Browsers
U01713,60,Android,26,9.8,82,17,2,22,12,0,2,Steady Engagers
U01714,53,iOS,6,8.1,12,1,0,39,1,0,3,At-Risk/Dormant
U01715,48,iOS,5,5.0,11,1,0,62,2,1,3,At-Risk/Dormant
U01716,60,Web,16,10.7,31,4,0,30,7,0,1,Casual Browsers
U01717,49,iOS,33,10.6,84,16,2,9,11,0,2,Steady Engagers
U01718,36,Web,7,0.5,22,2,1,45,3,1,3,At-Risk/Dormant
U01719,37,iOS,17,14.4,43,10,3,18,12,0,2,Steady Engagers
U01720,42,Android,16,8.2,38,4,0,26,3,0,1,Casual Browsers
U01721,22,Android,7,11.5,19,2,0,30,5,0,3,At-Risk/Dormant
U01722,53,Android,19,12.2,50,7,1,26,11,0,1,Casual Browsers
U01723,49,Android,25,15.5,66,17,1,15,12,0,2,Steady Engagers
U01724,53,Android,7,5.8,12,1,0,39,2,1,3,At-Risk/Dormant
U01725,43,Android,12,3.3,31,5,0,32,5,0,3,At-Risk/Dormant
U01726,55,Android,25,11.6,78,19,3,9,4,0,2,Steady Engagers
U01727,63,Android,8,0.5,11,1,0,52,5,1,3,At-Risk/Dormant
U01728,45,Android,15,9.9,48,12,1,21,9,0,1,Casual Browsers
U01729,39,iOS,11,6.6,40,6,2,31,6,0,1,Casual Browsers
U01730,23,iOS,7,4.3,13,0,0,35,4,0,3,At-Risk/Dormant
U01731,55,Web,10,7.6,19,5,1,28,5,0,3,At-Risk/Dormant
U01732,61,iOS,25,9.6,72,15,3,8,13,0,2,Steady Engagers
U01733,51,Web,7,3.7,8,1,0,43,3,1,3,At-Risk/Dormant
U01734,59,iOS,23,16.9,68,19,3,18,9,0,2,Steady Engagers
U01735,59,Android,9,2.9,21,2,1,42,2,1,3,At-Risk/Dormant
U01736,56,Web,20,7.0,59,18,2,17,8,0,1,Casual Browsers
U01737,42,Android,21,6.1,51,9,2,19,7,0,1,Casual Browsers
U01738,22,iOS,12,7.7,34,7,1,26,5,0,1,Casual Browsers
U01739,18,iOS,20,9.9,57,15,0,18,8,0,1,Casual Browsers
U01740,27,Android,5,3.4,8,0,0,48,2,1,3,At-Risk/Dormant
U01741,38,iOS,9,6.0,15,2,0,40,3,0,3,At-Risk/Dormant
U01742,53,Android,6,1.7,17,2,0,41,4,1,3,At-Risk/Dormant
U01743,39,Android,12,7.5,30,8,0,25,13,0,1,Casual Browsers
U01744,19,Android,28,11.5,88,19,3,5,13,0,2,Steady Engagers
U01745,28,Android,18,12.9,53,11,1,21,8,0,1,Casual Browsers
U01746,65,Android,26,12.8,91,17,3,15,12,0,2,Steady Engagers
U01747,65,iOS,7,7.2,18,4,1,27,8,0,1,Casual Browsers
U01748,36,iOS,8,7.6,21,5,1,37,1,0,3,At-Risk/Dormant
U01749,56,iOS,21,10.7,45,4,0,36,12,0,1,Casual Browsers
U01750,52,iOS,16,14.6,47,7,2,19,5,0,1,Casual Browsers
U01751,62,Android,20,13.4,54,13,3,20,14,0,2,Steady Engagers
U01752,60,Android,18,7.6,57,10,1,28,9,0,1,Casual Browsers
U01753,48,iOS,13,4.4,31,4,0,31,4,0,3,At-Risk/Dormant
U01754,36,Web,7,2.5,15,1,0,49,4,1,3,At-Risk/Dormant
U01755,48,Android,16,14.0,39,7,0,18,12,0,1,Casual Browsers
U01756,33,Android,12,3.2,23,3,1,47,6,0,3,At-Risk/Dormant
U01757,34,iOS,16,6.1,35,2,0,28,9,0,1,Casual Browsers
U01758,47,Web,14,5.9,34,3,1,29,5,0,1,Casual Browsers
U01759,45,Android,34,12.4,117,24,0,9,13,0,2,Steady Engagers
U01760,45,Android,14,8.8,28,6,0,30,4,0,1,Casual Browsers
U01761,36,Android,14,4.4,26,4,1,46,1,1,3,At-Risk/Dormant
U01762,37,iOS,13,7.7,26,3,0,32,8,0,1,Casual Browsers
U01763,18,Web,9,3.4,31,3,0,31,4,0,3,At-Risk/Dormant
U01764,46,iOS,21,13.2,54,6,0,18,7,0,1,Casual Browsers
U01765,45,Android,11,8.2,20,2,0,34,3,1,3,At-Risk/Dormant
U01766,62,iOS,9,5.1,21,3,0,35,3,1,3,At-Risk/Dormant
U01767,42,Web,16,6.4,48,9,2,26,7,0,1,Casual Browsers
U01768,40,iOS,15,9.9,40,10,1,45,1,0,3,At-Risk/Dormant
U01769,21,Web,26,15.3,69,19,1,18,6,0,2,Steady Engagers
U01770,27,Android,9,4.1,15,1,0,41,3,0,3,At-Risk/Dormant
U01771,34,Android,15,6.2,43,8,0,42,10,1,1,Casual Browsers
U01772,36,iOS,20,7.1,50,6,1,24,15,0,1,Casual Browsers
U01773,35,iOS,18,9.6,50,14,1,24,3,0,1,Casual Browsers
U01774,36,Web,13,6.0,30,8,2,25,6,0,1,Casual Browsers
U01775,54,iOS,11,4.8,30,5,0,28,4,0,3,At-Risk/Dormant
U01776,24,Android,13,7.3,39,7,0,29,5,1,1,Casual Browsers
U01777,33,Android,36,18.5,113,34,2,2,16,0,0,Power Users
U01778,25,iOS,27,12.8,74,17,2,17,8,0,2,Steady Engagers
U01779,32,Android,25,13.6,74,13,3,15,9,0,2,Steady Engagers
U01780,50,iOS,26,8.7,69,18,4,7,18,0,2,Steady Engagers
U01781,20,Android,13,4.0,21,6,1,20,5,0,1,Casual Browsers
U01782,34,Android,29,10.8,95,20,2,14,10,0,2,Steady Engagers
U01783,19,iOS,17,14.6,45,10,2,23,8,0,1,Casual Browsers
U01784,63,Android,39,12.9,121,35,7,2,15,0,0,Power Users
U01785,52,iOS,4,4.7,8,2,0,43,0,1,3,At-Risk/Dormant
U01786,29,iOS,15,6.4,37,5,1,34,4,0,3,At-Risk/Dormant
U01787,27,iOS,31,11.0,91,23,1,15,14,0,2,Steady Engagers
U01788,22,iOS,30,11.4,86,21,2,9,7,0,2,Steady Engagers
U01789,40,iOS,23,8.2,65,20,2,12,10,0,2,Steady Engagers
U01790,54,Web,16,8.8,35,3,0,43,5,0,3,At-Risk/Dormant
U01791,46,Android,16,8.1,42,7,2,22,4,0,1,Casual Browsers
U01792,60,Android,23,13.9,60,14,0,16,17,0,2,Steady Engagers
U01793,34,iOS,27,11.3,78,18,2,25,10,0,2,Steady Engagers
U01794,31,iOS,30,13.7,109,26,5,5,8,0,0,Power Users
U01795,40,iOS,14,7.2,46,14,1,25,5,0,1,Casual Browsers
U01796,27,iOS,14,12.7,49,8,2,17,12,0,1,Casual Browsers
U01797,64,iOS,26,14.9,85,22,4,7,16,0,2,Steady Engagers
U01798,26,Android,20,11.3,37,1,0,27,4,0,1,Casual Browsers
U01799,40,iOS,15,7.9,39,10,1,34,7,0,1,Casual Browsers
U01800,43,Android,23,12.6,67,15,3,21,5,0,2,Steady Engagers
U01801,20,Android,23,16.2,86,18,2,5,10,0,2,Steady Engagers
U01802,40,iOS,2,0.8,2,0,0,42,0,1,3,At-Risk/Dormant
U01803,39,iOS,25,10.0,76,17,1,17,8,0,2,Steady Engagers
U01804,30,Android,26,12.4,93,16,3,4,9,0,2,Steady Engagers
U01805,24,Web,25,9.2,82,22,2,18,10,0,2,Steady Engagers
U01806,20,iOS,25,10.9,82,23,5,16,5,0,2,Steady Engagers
U01807,18,iOS,17,9.4,38,7,1,25,9,0,1,Casual Browsers
U01808,41,Web,18,10.2,54,15,1,23,8,0,1,Casual Browsers
U01809,22,Android,13,7.0,31,4,1,36,2,0,3,At-Risk/Dormant
U01810,64,iOS,28,17.3,102,29,6,2,12,0,0,Power Users
U01811,29,Android,2,4.5,3,0,0,43,1,1,3,At-Risk/Dormant
U01812,49,Android,9,12.6,41,10,1,17,13,0,1,Casual Browsers
U01813,50,Android,6,1.3,10,0,1,46,4,0,3,At-Risk/Dormant
U01814,41,Android,30,10.9,90,20,3,7,10,0,2,Steady Engagers
U01815,60,iOS,19,13.6,66,17,3,30,16,0,2,Steady Engagers
U01816,23,Android,14,11.5,38,9,1,32,9,0,1,Casual Browsers
U01817,29,iOS,25,14.2,66,13,0,18,9,0,2,Steady Engagers
U01818,30,Android,21,10.3,43,7,0,23,7,0,1,Casual Browsers
U01819,24,Android,2,0.8,6,1,0,59,0,1,3,At-Risk/Dormant
U01820,32,Web,8,3.9,19,2,0,41,3,1,3,At-Risk/Dormant
U01821,33,iOS,26,9.1,67,14,1,20,13,0,2,Steady Engagers
U01822,54,Web,27,10.4,95,28,6,4,10,0,0,Power Users
U01823,32,iOS,18,11.9,49,9,1,25,6,0,1,Casual Browsers
U01824,60,Android,18,8.6,48,13,1,31,6,1,1,Casual Browsers
U01825,55,iOS,12,9.0,24,3,0,71,2,0,3,At-Risk/Dormant
U01826,61,iOS,10,7.1,26,7,2,33,4,0,3,At-Risk/Dormant
U01827,23,Android,17,9.5,44,8,1,21,8,1,1,Casual Browsers
U01828,65,Web,27,11.5,61,13,0,16,10,0,2,Steady Engagers
U01829,47,iOS,11,7.0,21,3,1,36,1,0,3,At-Risk/Dormant
U01830,65,iOS,26,12.5,76,19,3,12,10,0,2,Steady Engagers
U01831,35,iOS,23,11.6,75,19,2,13,6,0,2,Steady Engagers
U01832,63,iOS,16,11.5,56,11,1,32,7,0,1,Casual Browsers
U01833,46,Android,33,20.1,116,36,10,11,16,0,0,Power Users
U01834,21,Web,13,6.0,26,7,0,31,7,0,1,Casual Browsers
U01835,37,Android,29,14.0,102,23,1,8,15,0,2,Steady Engagers
U01836,24,Android,26,11.6,96,24,3,18,14,0,2,Steady Engagers
U01837,63,Android,24,9.6,58,11,1,16,5,0,1,Casual Browsers
U01838,32,iOS,17,11.4,38,10,0,22,8,0,1,Casual Browsers
U01839,28,Web,5,8.3,11,0,0,44,4,1,3,At-Risk/Dormant
U01840,44,Web,6,2.8,6,1,0,44,1,1,3,At-Risk/Dormant
U01841,38,iOS,19,7.6,55,10,1,25,7,0,1,Casual Browsers
U01842,22,Web,15,5.1,37,7,0,27,6,1,1,Casual Browsers
U01843,57,iOS,21,6.7,47,4,1,31,10,0,1,Casual Browsers
U01844,58,Android,23,14.9,67,13,1,13,12,0,2,Steady Engagers
U01845,53,iOS,8,3.7,16,4,1,50,4,1,3,At-Risk/Dormant
U01846,47,Android,12,9.1,29,5,3,28,5,0,1,Casual Browsers
U01847,37,Android,21,17.1,61,13,1,15,10,0,2,Steady Engagers
U01848,44,Android,27,12.3,73,13,2,16,11,0,2,Steady Engagers
U01849,43,Android,18,6.6,56,8,1,28,4,0,1,Casual Browsers
U01850,25,Web,15,5.6,37,8,1,38,3,0,3,At-Risk/Dormant
U01851,21,Web,8,5.9,21,2,0,38,7,0,3,At-Risk/Dormant
U01852,30,Android,21,14.0,67,13,1,31,13,0,2,Steady Engagers
U01853,39,iOS,23,13.8,69,18,4,13,10,0,2,Steady Engagers
U01854,25,Android,19,5.3,55,9,0,23,3,0,1,Casual Browsers
U01855,23,Android,9,5.9,19,5,0,40,2,1,3,At-Risk/Dormant
U01856,58,Android,10,10.1,27,5,0,24,8,0,1,Casual Browsers
U01857,35,Android,27,10.2,88,27,3,9,11,0,2,Steady Engagers
U01858,46,Android,14,6.3,28,2,0,48,6,0,3,At-Risk/Dormant
U01859,43,Android,21,11.6,70,13,3,31,6,1,1,Casual Browsers
U01860,53,Android,4,0.5,8,0,0,54,1,1,3,At-Risk/Dormant
U01861,53,Android,37,16.9,112,26,6,8,10,0,0,Power Users
U01862,32,Web,28,11.2,77,17,2,14,9,0,2,Steady Engagers
U01863,58,Android,11,10.0,30,7,0,25,11,0,1,Casual Browsers
U01864,35,Android,27,15.0,82,17,2,10,11,0,2,Steady Engagers
U01865,58,iOS,31,12.6,114,33,6,10,18,0,0,Power Users
U01866,37,Android,16,4.0,47,11,1,30,7,0,1,Casual Browsers
U01867,23,iOS,12,9.3,36,7,1,22,10,0,1,Casual Browsers
U01868,54,Android,13,7.5,34,4,1,30,3,0,3,At-Risk/Dormant
U01869,19,iOS,19,15.4,56,14,3,14,13,0,2,Steady Engagers
U01870,55,iOS,15,6.3,40,7,1,38,3,1,3,At-Risk/Dormant
U01871,20,iOS,37,15.9,136,39,8,0,13,0,0,Power Users
U01872,27,iOS,9,8.1,14,3,0,31,8,0,3,At-Risk/Dormant
U01873,46,Android,5,4.6,8,2,0,49,4,1,3,At-Risk/Dormant
U01874,63,Android,30,17.6,108,22,2,6,16,0,2,Steady Engagers
U01875,37,Android,22,13.3,66,16,3,28,12,0,2,Steady Engagers
U01876,23,iOS,26,12.8,74,15,4,15,13,0,2,Steady Engagers
U01877,29,Android,20,10.0,57,11,0,19,6,0,1,Casual Browsers
U01878,61,Android,39,16.1,141,44,5,0,12,0,0,Power Users
U01879,52,iOS,17,8.7,45,10,0,24,7,0,1,Casual Browsers
U01880,22,Android,7,3.2,14,1,0,44,1,1,3,At-Risk/Dormant
U01881,36,Android,25,15.7,86,16,3,14,11,0,2,Steady Engagers
U01882,30,iOS,24,6.8,68,18,7,16,8,0,2,Steady Engagers
U01883,26,Android,10,5.4,27,5,0,30,2,0,3,At-Risk/Dormant
U01884,58,Web,24,19.3,86,19,4,4,12,0,2,Steady Engagers
U01885,47,Web,10,4.8,21,4,1,38,6,1,3,At-Risk/Dormant
U01886,26,Web,4,0.5,8,0,0,52,1,0,3,At-Risk/Dormant
U01887,49,Android,11,11.2,29,5,0,25,10,0,1,Casual Browsers
U01888,37,Android,6,3.5,12,1,0,46,1,0,3,At-Risk/Dormant
U01889,20,iOS,14,12.1,47,9,0,20,9,0,1,Casual Browsers
U01890,39,iOS,23,11.8,55,12,3,17,11,0,2,Steady Engagers
U01891,26,iOS,24,9.7,65,8,1,17,10,0,1,Casual Browsers
U01892,29,Android,23,15.1,87,17,3,10,10,0,2,Steady Engagers
U01893,60,Android,9,4.4,15,2,1,36,4,1,3,At-Risk/Dormant
U01894,52,Android,8,2.1,18,2,0,40,1,1,3,At-Risk/Dormant
U01895,24,Android,25,10.6,93,27,5,17,4,0,2,Steady Engagers
U01896,58,Android,24,7.8,56,9,2,30,5,0,1,Casual Browsers
U01897,45,Web,4,0.6,6,1,0,54,3,1,3,At-Risk/Dormant
U01898,59,Android,39,15.6,141,41,10,0,13,0,0,Power Users
U01899,53,iOS,17,3.5,51,9,1,32,7,0,1,Casual Browsers
U01900,34,Web,13,10.3,34,7,0,26,9,0,1,Casual Browsers
U01901,43,Android,10,6.1,18,1,0,41,4,0,3,At-Risk/Dormant
U01902,43,iOS,33,18.7,111,29,6,21,11,0,0,Power Users
U01903,52,iOS,22,10.8,71,16,3,7,6,0,2,Steady Engagers
U01904,29,Android,14,2.1,33,3,0,41,3,0,3,At-Risk/Dormant
U01905,33,iOS,16,11.3,28,4,2,28,5,0,1,Casual Browsers
U01906,29,Web,16,5.3,36,3,1,25,4,0,1,Casual Browsers
U01907,32,iOS,21,7.1,44,8,1,28,5,0,1,Casual Browsers
U01908,25,Web,28,10.5,88,15,0,15,12,0,2,Steady Engagers
U01909,19,Web,30,16.0,92,18,5,10,10,0,2,Steady Engagers
U01910,63,Android,6,4.6,17,4,0,36,1,1,3,At-Risk/Dormant
U01911,21,iOS,24,14.9,73,23,5,8,11,0,2,Steady Engagers
U01912,60,iOS,17,12.0,59,9,2,15,8,0,1,Casual Browsers
U01913,18,iOS,17,4.8,39,7,1,37,7,1,1,Casual Browsers
U01914,55,iOS,20,11.2,79,22,2,12,11,0,2,Steady Engagers
U01915,33,iOS,22,6.5,74,11,2,20,7,0,1,Casual Browsers
U01916,42,Web,22,12.3,49,14,2,21,9,0,2,Steady Engagers
U01917,31,Android,29,18.3,95,29,7,2,17,0,0,Power Users
U01918,41,iOS,28,11.5,84,18,3,9,17,0,2,Steady Engagers
U01919,39,Android,9,5.8,19,3,2,34,1,1,3,At-Risk/Dormant
U01920,43,iOS,23,13.8,71,20,5,11,9,0,2,Steady Engagers
U01921,36,iOS,22,7.6,74,15,1,20,9,0,1,Casual Browsers
U01922,43,iOS,20,14.6,73,17,1,16,20,0,2,Steady Engagers
U01923,57,Android,14,3.0,26,4,0,34,4,1,3,At-Risk/Dormant
U01924,38,iOS,9,3.8,21,4,0,31,7,0,3,At-Risk/Dormant
U01925,35,Android,7,6.5,21,2,0,33,6,1,3,At-Risk/Dormant
U01926,24,Android,17,8.1,42,4,0,31,10,0,1,Casual Browsers
U01927,35,Android,22,13.5,65,19,2,19,13,0,2,Steady Engagers
U01928,24,Web,17,12.5,49,12,1,16,8,0,1,Casual Browsers
U01929,26,Android,28,10.1,76,13,3,15,6,0,2,Steady Engagers
U01930,63,Web,15,10.2,30,4,0,34,6,0,1,Casual Browsers
U01931,22,Android,28,10.7,79,11,2,20,11,0,2,Steady Engagers
U01932,41,iOS,15,7.5,43,11,3,22,7,0,1,Casual Browsers
U01933,58,iOS,26,9.8,55,7,1,23,9,0,1,Casual Browsers
U01934,63,iOS,17,13.5,37,8,0,14,11,0,1,Casual Browsers
U01935,25,iOS,27,18.5,77,15,4,18,12,0,2,Steady Engagers
U01936,25,iOS,14,13.6,39,12,3,31,4,0,1,Casual Browsers
U01937,35,Web,12,3.7,16,1,1,38,3,0,3,At-Risk/Dormant
U01938,44,iOS,14,6.5,38,4,0,22,6,0,1,Casual Browsers
U01939,64,Android,23,6.5,58,5,0,23,3,0,1,Casual Browsers
U01940,27,Android,22,3.9,49,10,1,20,14,0,1,Casual Browsers
U01941,25,iOS,17,9.0,43,3,1,23,6,0,1,Casual Browsers
U01942,30,iOS,10,9.2,15,4,1,30,1,0,3,At-Risk/Dormant
U01943,59,iOS,21,8.0,55,8,0,27,8,0,1,Casual Browsers
U01944,19,iOS,6,5.6,12,1,0,43,2,1,3,At-Risk/Dormant
U01945,36,Android,11,11.5,29,11,0,28,8,0,1,Casual Browsers
U01946,23,iOS,13,12.3,34,5,2,35,5,0,1,Casual Browsers
U01947,25,iOS,35,17.5,132,33,5,0,15,0,0,Power Users
U01948,62,iOS,23,12.4,71,18,2,12,11,0,2,Steady Engagers
U01949,18,iOS,18,7.7,55,8,2,23,6,0,1,Casual Browsers
U01950,33,Web,2,5.9,2,0,0,46,0,1,3,At-Risk/Dormant
U01951,61,iOS,9,3.7,24,3,2,36,1,1,3,At-Risk/Dormant
U01952,47,Web,22,16.1,69,12,2,17,6,0,2,Steady Engagers
U01953,21,Android,24,8.3,53,6,0,22,10,0,1,Casual Browsers
U01954,40,iOS,19,6.3,44,10,0,25,8,0,1,Casual Browsers
U01955,64,iOS,32,14.6,100,24,6,8,11,0,0,Power Users
U01956,37,iOS,15,13.0,46,11,1,21,11,0,1,Casual Browsers
U01957,43,Android,20,4.9,51,9,1,30,9,0,1,Casual Browsers
U01958,43,iOS,12,10.5,36,6,0,24,3,0,1,Casual Browsers
U01959,49,Android,17,4.1,50,13,0,25,8,0,1,Casual Browsers
U01960,26,Web,13,9.9,21,5,0,33,3,0,3,At-Risk/Dormant
U01961,58,Android,8,3.3,29,6,2,31,2,0,3,At-Risk/Dormant
U01962,65,Android,12,8.1,27,5,0,32,3,1,3,At-Risk/Dormant
U01963,24,iOS,14,11.1,43,8,1,21,7,0,1,Casual Browsers
U01964,57,Android,13,12.0,28,5,2,22,9,0,1,Casual Browsers
U01965,57,Android,1,0.5,1,0,0,44,1,1,3,At-Risk/Dormant
U01966,53,iOS,31,18.4,92,25,3,0,16,0,0,Power Users
U01967,35,iOS,21,7.2,59,12,1,22,5,0,1,Casual Browsers
U01968,40,Android,25,11.0,61,9,1,16,6,0,1,Casual Browsers
U01969,58,iOS,11,1.0,15,2,0,33,5,1,3,At-Risk/Dormant
U01970,25,iOS,27,16.1,91,26,3,5,15,0,2,Steady Engagers
U01971,57,iOS,22,14.4,78,14,0,14,11,0,2,Steady Engagers
U01972,62,Android,16,10.8,39,10,0,15,9,0,1,Casual Browsers
U01973,50,Android,16,8.6,41,9,0,28,3,0,1,Casual Browsers
U01974,34,Web,21,12.8,56,12,2,27,7,0,1,Casual Browsers
U01975,44,iOS,14,7.9,27,5,0,30,7,0,1,Casual Browsers
U01976,20,Android,50,14.2,167,55,12,4,13,0,0,Power Users
U01977,62,Web,4,0.5,8,0,0,45,1,1,3,At-Risk/Dormant
U01978,34,Android,11,5.4,24,4,0,44,3,1,3,At-Risk/Dormant
U01979,20,iOS,12,4.5,22,1,0,35,4,1,3,At-Risk/Dormant
U01980,56,iOS,27,11.5,87,20,1,14,7,0,2,Steady Engagers
U01981,49,Web,14,8.2,30,5,2,25,6,0,1,Casual Browsers
U01982,47,Web,12,10.6,27,2,0,28,6,0,1,Casual Browsers
U01983,20,Android,22,10.7,62,11,1,21,7,0,1,Casual Browsers
U01984,54,iOS,26,8.2,87,20,3,28,11,0,2,Steady Engagers
U01985,48,Android,18,11.5,61,20,6,23,12,0,2,Steady Engagers
U01986,56,iOS,37,17.3,134,20,5,11,9,0,0,Power Users
U01987,57,iOS,6,5.4,11,1,0,37,1,0,3,At-Risk/Dormant
U01988,28,Android,29,11.5,90,18,2,15,8,0,2,Steady Engagers
U01989,28,Android,20,9.2,65,11,1,19,9,0,1,Casual Browsers
U01990,62,Android,35,16.1,132,40,3,2,10,0,0,Power Users
U01991,43,Android,32,15.0,103,28,3,7,17,0,0,Power Users
U01992,39,Android,26,5.0,92,19,1,43,9,0,1,Casual Browsers
U01993,31,Web,5,3.4,14,1,0,48,1,1,3,At-Risk/Dormant
U01994,48,iOS,10,4.7,19,1,0,37,3,0,3,At-Risk/Dormant
U01995,54,iOS,7,7.5,15,1,0,42,3,1,3,At-Risk/Dormant
U01996,18,Web,33,8.9,101,15,1,9,13,0,2,Steady Engagers
U01997,44,iOS,16,10.2,45,10,0,14,7,0,1,Casual Browsers
U01998,65,Android,9,7.3,19,1,0,35,10,0,3,At-Risk/Dormant
U01999,31,Web,13,9.4,26,4,0,32,6,0,1,Casual Browsers
U02000,31,iOS,17,7.0,41,7,1,26,5,0,1,Casual Browsers
U02001,60,iOS,22,8.5,55,13,1,19,7,0,1,Casual Browsers
U02002,20,Web,19,10.8,54,11,0,12,4,0,1,Casual Browsers
U02003,37,iOS,8,7.8,19,3,0,54,3,1,3,At-Risk/Dormant
U02004,39,iOS,20,5.7,50,9,0,24,8,0,1,Casual Browsers
U02005,56,Web,9,0.5,15,1,0,42,3,1,3,At-Risk/Dormant
U02006,24,iOS,13,8.5,28,4,0,27,4,0,1,Casual Browsers
U02007,38,Web,15,9.3,45,10,0,20,5,0,1,Casual Browsers
U02008,25,Android,3,4.5,10,1,0,45,0,1,3,At-Risk/Dormant
U02009,55,Android,22,9.4,66,21,1,19,5,0,1,Casual Browsers
U02010,48,iOS,21,10.8,61,18,3,35,5,1,1,Casual Browsers
U02011,41,Android,30,10.0,88,17,3,10,13,0,2,Steady Engagers
U02012,36,Web,17,12.6,42,8,0,21,9,0,1,Casual Browsers
U02013,25,Android,48,17.5,176,53,6,0,9,0,0,Power Users
U02014,62,iOS,11,3.5,36,5,1,32,5,0,3,At-Risk/Dormant
U02015,49,Android,13,5.4,38,5,0,28,8,1,1,Casual Browsers
U02016,33,Web,8,5.3,27,0,0,32,6,1,3,At-Risk/Dormant
U02017,37,Android,16,9.2,43,9,3,30,2,0,1,Casual Browsers
U02018,52,Android,5,2.9,12,0,0,36,3,1,3,At-Risk/Dormant
U02019,52,Android,26,10.9,79,22,2,7,14,0,2,Steady Engagers
U02020,40,iOS,17,9.4,45,5,1,18,11,0,1,Casual Browsers
U02021,32,Web,3,6.2,2,0,1,55,1,1,3,At-Risk/Dormant
U02022,49,Web,15,8.4,37,9,0,25,6,0,1,Casual Browsers
U02023,49,Android,19,6.0,54,11,1,27,8,0,1,Casual Browsers
U02024,46,iOS,17,9.8,39,4,0,33,9,0,1,Casual Browsers
U02025,21,Android,33,11.4,106,30,4,13,11,0,0,Power Users
U02026,40,iOS,18,13.0,54,12,0,28,6,0,1,Casual Browsers
U02027,47,iOS,20,11.2,44,4,0,27,9,0,1,Casual Browsers
U02028,63,Android,6,1.4,9,0,0,47,2,1,3,At-Risk/Dormant
U02029,43,iOS,22,11.1,59,12,0,15,3,0,1,Casual Browsers
U02030,34,Web,16,7.9,39,6,1,37,5,1,1,Casual Browsers
U02031,44,Android,31,12.6,95,18,5,10,9,0,2,Steady Engagers
U02032,26,Android,14,10.7,40,8,2,36,8,0,1,Casual Browsers
U02033,22,Android,17,4.9,45,6,1,26,3,0,1,Casual Browsers
U02034,50,Android,33,12.5,113,24,1,12,9,0,2,Steady Engagers
U02035,65,Android,23,10.0,53,16,1,23,7,0,1,Casual Browsers
U02036,58,iOS,21,11.6,49,4,1,25,2,0,1,Casual Browsers
U02037,46,Android,11,8.4,28,7,0,52,5,0,3,At-Risk/Dormant
U02038,19,iOS,9,2.7,17,3,0,48,2,1,3,At-Risk/Dormant
U02039,65,Web,22,6.5,54,9,1,24,7,0,1,Casual Browsers
U02040,39,Web,4,2.1,10,2,0,40,1,1,3,At-Risk/Dormant
U02041,31,iOS,7,9.6,18,2,0,32,4,0,3,At-Risk/Dormant
U02042,60,Android,15,9.2,52,7,2,42,4,0,1,Casual Browsers
U02043,53,Android,18,14.8,45,8,2,29,6,0,1,Casual Browsers
U02044,53,Android,32,15.5,108,42,8,5,12,0,0,Power Users
U02045,31,Web,15,12.6,36,6,0,28,10,0,1,Casual Browsers
U02046,65,Web,4,1.6,6,1,0,57,1,1,3,At-Risk/Dormant
U02047,39,Android,15,8.1,45,7,1,29,8,0,1,Casual Browsers
U02048,43,Android,15,15.9,35,6,1,24,4,0,1,Casual Browsers
U02049,54,iOS,28,12.2,90,25,3,15,9,0,2,Steady Engagers
U02050,49,Android,56,18.0,205,53,12,0,21,0,0,Power Users
U02051,26,Web,10,5.6,19,0,0,33,2,0,3,At-Risk/Dormant
U02052,32,Android,21,10.7,64,20,1,16,10,0,2,Steady Engagers
U02053,35,Android,14,6.9,32,5,0,36,6,0,3,At-Risk/Dormant
U02054,63,Android,16,8.2,49,7,0,27,9,0,1,Casual Browsers
U02055,52,Android,15,5.9,39,11,1,26,5,0,1,Casual Browsers
U02056,35,Android,9,3.3,21,6,0,37,3,1,3,At-Risk/Dormant
U02057,53,Web,16,8.9,37,7,1,33,8,1,1,Casual Browsers
U02058,53,Android,11,3.9,32,10,0,31,6,0,3,At-Risk/Dormant
U02059,36,iOS,12,8.1,36,5,0,22,9,0,1,Casual Browsers
U02060,37,Android,30,13.9,98,30,7,0,10,0,0,Power Users
U02061,60,Android,18,8.1,41,12,1,19,9,0,1,Casual Browsers
U02062,44,Android,25,10.3,63,10,1,15,13,0,2,Steady Engagers
U02063,25,Android,8,2.0,22,3,0,44,6,0,3,At-Risk/Dormant
U02064,52,Android,19,7.9,45,8,0,23,8,0,1,Casual Browsers
U02065,46,Android,11,8.0,18,4,0,30,7,0,1,Casual Browsers
U02066,42,Web,26,15.4,87,14,5,15,12,0,2,Steady Engagers
U02067,52,iOS,23,13.2,71,21,1,8,14,0,2,Steady Engagers
U02068,61,Web,7,2.7,12,2,0,36,3,0,3,At-Risk/Dormant
U02069,33,Android,12,11.2,24,4,0,24,8,0,1,Casual Browsers
U02070,38,iOS,15,10.0,34,4,0,25,11,0,1,Casual Browsers
U02071,27,iOS,11,6.8,24,2,0,33,4,0,3,At-Risk/Dormant
U02072,49,Android,18,12.0,39,8,1,25,7,0,1,Casual Browsers
U02073,37,Android,25,16.3,73,14,3,8,11,0,2,Steady Engagers
U02074,34,iOS,31,12.4,92,19,3,14,10,0,2,Steady Engagers
U02075,51,iOS,27,10.1,96,24,3,5,11,0,2,Steady Engagers
U02076,37,iOS,23,9.6,62,14,1,15,8,0,2,Steady Engagers
U02077,40,Android,24,6.4,70,14,1,29,10,0,1,Casual Browsers
U02078,39,Web,4,5.8,8,0,1,47,2,0,3,At-Risk/Dormant
U02079,30,Android,8,4.3,12,4,0,36,3,1,3,At-Risk/Dormant
U02080,24,Web,20,4.0,55,7,0,29,2,0,1,Casual Browsers
U02081,57,Web,6,6.4,12,2,0,41,6,0,3,At-Risk/Dormant
U02082,22,Web,26,15.8,96,33,3,6,20,0,0,Power Users
U02083,33,iOS,20,12.7,60,17,2,20,10,0,2,Steady Engagers
U02084,50,Android,13,6.2,32,5,0,34,5,0,3,At-Risk/Dormant
U02085,24,iOS,26,16.6,84,23,1,9,18,0,2,Steady Engagers
U02086,49,iOS,27,12.5,76,18,0,7,13,0,2,Steady Engagers
U02087,53,iOS,8,1.5,17,2,0,35,5,1,3,At-Risk/Dormant
U02088,49,Android,19,8.3,54,12,1,23,7,0,1,Casual Browsers
U02089,32,Android,32,14.3,125,41,4,2,11,0,0,Power Users
U02090,18,Android,6,6.5,7,0,0,43,4,1,3,At-Risk/Dormant
U02091,60,iOS,22,12.0,64,6,1,19,13,0,2,Steady Engagers
U02092,33,iOS,28,14.2,92,25,3,19,17,0,2,Steady Engagers
U02093,56,Web,25,4.3,70,14,0,19,11,0,1,Casual Browsers
U02094,27,iOS,12,13.2,28,6,0,33,4,0,1,Casual Browsers
U02095,25,iOS,17,8.1,43,5,0,28,4,0,1,Casual Browsers
U02096,55,Android,35,10.5,115,29,6,0,10,0,0,Power Users
U02097,63,iOS,8,0.5,8,0,0,36,3,1,3,At-Risk/Dormant
U02098,59,Android,27,13.5,91,29,2,13,16,0,2,Steady Engagers
U02099,54,Android,22,8.0,66,16,0,35,13,0,1,Casual Browsers
U02100,29,Android,20,14.5,58,10,1,16,8,0,2,Steady Engagers
U02101,61,Android,24,9.4,65,13,1,15,11,0,2,Steady Engagers
U02102,50,Android,13,7.5,26,2,0,26,5,0,1,Casual Browsers
U02103,26,iOS,11,7.4,30,2,0,28,6,0,1,Casual Browsers
U02104,24,Android,31,13.2,105,25,4,7,4,0,2,Steady Engagers
U02105,59,Android,28,15.0,101,20,2,21,17,0,2,Steady Engagers
U02106,31,Android,6,7.0,14,4,0,45,2,0,3,At-Risk/Dormant
U02107,54,iOS,32,13.4,108,32,5,8,10,0,0,Power Users
U02108,24,iOS,26,9.1,62,13,2,23,2,0,1,Casual Browsers
U02109,31,Android,15,5.9,42,5,1,47,2,0,3,At-Risk/Dormant
U02110,31,Android,18,12.8,51,9,1,20,12,0,1,Casual Browsers
U02111,31,Web,24,8.3,66,16,4,19,10,0,2,Steady Engagers
U02112,50,iOS,27,14.8,85,20,5,1,18,0,0,Power Users
U02113,61,iOS,19,11.1,44,15,1,22,7,1,1,Casual Browsers
U02114,61,iOS,13,6.3,24,2,0,32,5,0,3,At-Risk/Dormant
U02115,53,Web,10,8.8,29,5,2,21,9,0,1,Casual Browsers
U02116,27,Web,14,0.5,19,0,1,41,2,0,3,At-Risk/Dormant
U02117,64,Android,37,16.6,136,43,7,1,14,0,0,Power Users
U02118,44,iOS,15,12.0,40,10,0,20,10,0,1,Casual Browsers
U02119,44,Android,6,8.1,16,1,0,36,3,0,3,At-Risk/Dormant
U02120,51,iOS,17,8.9,45,10,2,26,9,0,1,Casual Browsers
U02121,54,Android,23,9.6,49,14,2,20,10,0,2,Steady Engagers
U02122,63,Android,12,3.7,24,3,0,35,7,1,3,At-Risk/Dormant
U02123,45,Web,11,10.9,43,11,0,21,7,0,1,Casual Browsers
U02124,47,Web,18,7.9,54,14,2,27,5,0,1,Casual Browsers
U02125,53,Android,14,10.7,38,7,1,26,5,0,1,Casual Browsers
U02126,30,Web,40,17.7,161,52,8,0,14,0,0,Power Users
U02127,32,Android,14,15.7,44,15,2,18,9,0,2,Steady Engagers
U02128,48,iOS,34,14.3,126,34,3,16,9,0,0,Power Users
U02129,21,Web,11,7.8,33,6,1,30,7,1,1,Casual Browsers
U02130,33,Android,26,5.2,67,11,3,25,7,0,1,Casual Browsers
U02131,52,iOS,23,9.9,56,17,2,20,9,0,2,Steady Engagers
U02132,64,iOS,37,17.9,129,28,4,7,14,0,0,Power Users
U02133,42,Android,14,11.7,42,9,0,21,7,0,1,Casual Browsers
U02134,37,Android,4,2.0,12,1,0,46,1,0,3,At-Risk/Dormant
U02135,39,Android,17,12.0,50,10,3,15,11,0,2,Steady Engagers
U02136,50,iOS,23,14.1,60,16,4,23,6,0,2,Steady Engagers
U02137,44,Android,20,8.4,75,12,3,31,14,0,2,Steady Engagers
U02138,19,Android,23,16.4,84,20,2,10,14,0,2,Steady Engagers
U02139,43,iOS,23,14.8,81,16,2,8,8,0,2,Steady Engagers
U02140,37,Android,25,10.2,68,15,2,23,16,0,2,Steady Engagers
U02141,51,Android,4,5.0,8,0,0,56,5,1,3,At-Risk/Dormant
U02142,60,iOS,26,11.6,87,13,2,20,11,0,2,Steady Engagers
U02143,64,iOS,35,10.1,108,28,4,7,5,0,2,Steady Engagers
U02144,47,Android,18,13.5,43,8,0,26,9,0,1,Casual Browsers
U02145,35,Web,6,2.4,14,1,0,46,0,1,3,At-Risk/Dormant
U02146,39,iOS,10,5.4,26,4,2,28,8,1,1,Casual Browsers
U02147,26,Android,14,10.9,32,8,2,35,7,0,1,Casual Browsers
U02148,62,iOS,28,17.8,90,25,6,11,19,0,0,Power Users
U02149,58,iOS,23,13.7,76,13,1,11,8,0,2,Steady Engagers
U02150,58,iOS,30,16.0,87,22,3,9,13,0,2,Steady Engagers
U02151,33,iOS,21,9.8,62,11,1,37,4,0,1,Casual Browsers
U02152,33,iOS,23,16.2,76,17,3,16,14,0,2,Steady Engagers
U02153,59,Web,17,12.9,51,11,0,21,10,0,1,Casual Browsers
U02154,44,iOS,23,10.5,76,16,3,22,10,0,2,Steady Engagers
U02155,51,Web,25,13.9,79,22,4,26,17,0,2,Steady Engagers
U02156,41,iOS,25,13.8,91,22,5,4,10,0,2,Steady Engagers
U02157,39,Web,25,16.5,82,26,2,17,11,0,2,Steady Engagers
U02158,48,Web,11,4.5,33,3,0,31,4,1,3,At-Risk/Dormant
U02159,57,Android,34,17.3,102,28,7,0,21,0,0,Power Users
U02160,34,Android,33,21.6,107,38,3,3,15,0,0,Power Users
U02161,56,iOS,17,3.8,44,4,0,29,2,0,3,At-Risk/Dormant
U02162,29,Android,5,3.1,8,1,0,42,5,0,3,At-Risk/Dormant
U02163,37,iOS,24,19.7,92,28,2,5,13,0,2,Steady Engagers
U02164,61,iOS,17,10.5,59,14,3,20,9,0,2,Steady Engagers
U02165,63,Web,4,4.0,5,0,0,43,3,1,3,At-Risk/Dormant
U02166,62,Android,10,4.5,17,1,0,35,4,0,3,At-Risk/Dormant
U02167,33,iOS,26,7.7,64,14,2,22,11,0,2,Steady Engagers
U02168,58,Android,6,5.0,14,3,1,32,2,0,3,At-Risk/Dormant
U02169,62,iOS,13,8.3,39,7,1,27,4,0,1,Casual Browsers
U02170,64,Android,21,9.0,62,17,3,15,7,0,2,Steady Engagers
U02171,19,iOS,8,7.6,14,2,0,48,3,1,3,At-Risk/Dormant
U02172,53,iOS,7,4.1,8,1,0,43,2,1,3,At-Risk/Dormant
U02173,65,iOS,17,7.9,48,8,1,25,8,0,1,Casual Browsers
U02174,54,iOS,19,8.0,51,10,2,22,12,0,1,Casual Browsers
U02175,29,Android,20,11.0,60,12,2,20,11,0,2,Steady Engagers
U02176,54,Android,5,2.6,15,3,0,38,4,1,3,At-Risk/Dormant
U02177,23,Android,28,10.7,80,20,5,13,15,0,2,Steady Engagers
U02178,41,Web,26,7.6,72,18,6,18,10,0,2,Steady Engagers
U02179,48,Web,26,14.5,71,20,1,13,8,0,2,Steady Engagers
U02180,39,Android,26,9.1,81,17,1,9,12,0,2,Steady Engagers
U02181,51,Android,16,8.7,46,6,0,25,10,0,1,Casual Browsers
U02182,29,Android,22,8.7,58,8,1,24,5,0,1,Casual Browsers
U02183,47,iOS,19,11.1,53,10,1,25,6,0,1,Casual Browsers
U02184,48,Android,17,8.3,45,9,1,24,8,0,1,Casual Browsers
U02185,48,Android,15,7.4,36,5,0,33,3,0,3,At-Risk/Dormant
U02186,31,Android,26,10.9,91,20,1,17,17,0,2,Steady Engagers
U02187,32,Android,35,20.7,127,47,9,0,17,0,0,Power Users
U02188,30,Android,6,0.5,17,2,0,40,2,0,3,At-Risk/Dormant
U02189,40,Android,16,10.4,51,10,0,15,8,0,1,Casual Browsers
U02190,46,iOS,20,9.1,50,10,0,20,8,0,1,Casual Browsers
U02191,35,iOS,30,12.1,96,32,4,12,8,0,2,Steady Engagers
U02192,37,Android,11,5.5,25,1,0,43,3,1,3,At-Risk/Dormant
U02193,31,iOS,13,0.6,28,3,0,39,4,0,3,At-Risk/Dormant
U02194,28,iOS,14,4.8,26,6,0,33,5,0,3,At-Risk/Dormant
U02195,49,iOS,14,4.5,25,2,0,28,7,1,3,At-Risk/Dormant
U02196,57,Web,29,8.5,97,17,1,15,12,0,2,Steady Engagers
U02197,31,Android,27,9.4,77,18,2,32,11,0,2,Steady Engagers
U02198,59,Web,14,11.8,26,6,0,28,3,1,1,Casual Browsers
U02199,45,iOS,15,9.6,48,11,2,26,8,0,1,Casual Browsers
U02200,26,iOS,33,14.0,117,21,4,1,12,0,0,Power Users
U02201,35,Android,17,7.8,57,6,0,24,10,0,1,Casual Browsers
U02202,18,Android,27,8.4,78,18,3,19,16,0,2,Steady Engagers
U02203,19,Android,31,12.6,105,29,6,2,16,0,0,Power Users
U02204,34,Web,24,8.1,75,10,0,17,7,0,1,Casual Browsers
U02205,39,iOS,19,6.9,56,13,2,25,12,0,1,Casual Browsers
U02206,56,Android,5,5.5,10,2,0,42,1,0,3,At-Risk/Dormant
U02207,24,iOS,10,10.2,22,5,1,35,3,0,3,At-Risk/Dormant
U02208,58,Android,16,8.3,32,10,2,39,5,0,1,Casual Browsers
U02209,29,Android,25,12.9,82,15,1,10,8,0,2,Steady Engagers
U02210,24,iOS,29,15.5,98,25,4,16,10,0,2,Steady Engagers
U02211,51,iOS,15,11.5,33,7,1,19,7,0,1,Casual Browsers
U02212,55,iOS,8,6.3,18,2,0,40,4,0,3,At-Risk/Dormant
U02213,47,iOS,29,14.6,82,14,1,16,8,0,2,Steady Engagers
U02214,23,iOS,26,8.6,77,21,4,15,7,0,2,Steady Engagers
U02215,23,Web,13,6.1,21,4,1,43,6,0,3,At-Risk/Dormant
U02216,36,Android,25,15.0,90,31,3,7,9,0,2,Steady Engagers
U02217,39,iOS,28,15.1,93,27,3,10,12,0,2,Steady Engagers
U02218,65,iOS,24,4.4,71,8,1,25,7,0,1,Casual Browsers
U02219,31,Android,18,7.1,56,11,0,17,9,0,1,Casual Browsers
U02220,27,Android,13,10.4,25,1,0,37,5,0,3,At-Risk/Dormant
U02221,63,Android,14,9.7,30,6,1,28,7,0,1,Casual Browsers
U02222,25,Android,20,6.7,63,12,2,20,8,0,1,Casual Browsers
U02223,19,iOS,16,1.7,30,5,0,33,4,0,3,At-Risk/Dormant
U02224,38,Android,15,9.1,29,6,0,28,10,0,1,Casual Browsers
U02225,37,iOS,23,13.2,83,26,4,10,10,0,2,Steady Engagers
U02226,47,Android,6,0.5,8,2,0,59,3,0,3,At-Risk/Dormant
U02227,60,Android,10,11.4,22,3,0,30,4,0,1,Casual Browsers
U02228,62,Android,26,17.2,87,20,1,12,9,0,2,Steady Engagers
U02229,31,Android,8,0.9,19,1,0,38,1,0,3,At-Risk/Dormant
U02230,65,Web,15,13.5,44,8,1,26,2,0,1,Casual Browsers
U02231,48,Android,16,9.0,37,5,1,34,9,0,1,Casual Browsers
U02232,21,Android,14,10.7,38,8,1,27,8,1,1,Casual Browsers
U02233,63,Android,14,7.8,38,6,2,27,6,0,1,Casual Browsers
U02234,24,Android,6,3.8,15,0,0,45,0,1,3,At-Risk/Dormant
U02235,46,iOS,18,15.1,44,11,0,21,8,0,1,Casual Browsers
U02236,55,iOS,11,9.8,26,5,1,31,4,0,1,Casual Browsers
U02237,29,Android,22,13.9,66,19,5,13,9,0,2,Steady Engagers
U02238,30,iOS,23,5.5,58,11,3,18,10,0,1,Casual Browsers
U02239,40,iOS,9,10.0,24,2,0,26,5,0,1,Casual Browsers
U02240,60,Web,11,6.5,22,5,1,39,5,1,3,At-Risk/Dormant
U02241,28,iOS,26,10.8,74,16,1,15,10,0,2,Steady Engagers
U02242,49,Android,24,16.9,105,29,3,0,13,0,0,Power Users
U02243,39,iOS,18,13.3,63,16,3,10,12,0,2,Steady Engagers
U02244,23,Web,21,11.8,56,17,3,25,8,0,2,Steady Engagers
U02245,52,iOS,4,0.5,7,1,1,39,1,1,3,At-Risk/Dormant
U02246,57,Web,19,8.3,39,9,1,34,2,0,1,Casual Browsers
U02247,45,Web,22,15.0,57,11,1,18,8,0,2,Steady Engagers
U02248,26,Android,14,6.5,31,6,1,33,5,0,3,At-Risk/Dormant
U02249,25,iOS,8,4.8,18,2,0,28,8,0,3,At-Risk/Dormant
U02250,38,iOS,25,15.5,94,22,0,6,10,0,2,Steady Engagers
U02251,42,iOS,17,9.4,37,6,1,27,4,0,1,Casual Browsers
U02252,44,iOS,17,10.9,70,21,4,11,16,0,2,Steady Engagers
U02253,29,Web,20,17.1,74,21,4,9,11,0,2,Steady Engagers
U02254,42,iOS,30,15.2,104,25,2,23,15,0,2,Steady Engagers
U02255,32,iOS,9,0.7,16,2,0,38,1,1,3,At-Risk/Dormant
U02256,50,Android,35,20.7,99,27,3,2,14,0,0,Power Users
U02257,56,Android,6,4.7,12,1,0,43,0,1,3,At-Risk/Dormant
U02258,49,Web,19,7.6,36,8,0,33,5,0,1,Casual Browsers
U02259,18,iOS,19,6.2,61,15,0,30,9,0,1,Casual Browsers
U02260,65,Android,25,9.6,62,7,2,30,5,0,1,Casual Browsers
U02261,19,Web,19,12.1,59,16,2,18,9,0,2,Steady Engagers
U02262,65,Web,8,6.9,15,2,0,40,3,1,3,At-Risk/Dormant
U02263,19,iOS,21,14.5,73,17,6,9,13,0,2,Steady Engagers
U02264,42,Android,10,3.0,22,5,0,30,4,0,3,At-Risk/Dormant
U02265,23,iOS,20,10.0,53,9,0,21,8,0,1,Casual Browsers
U02266,22,Android,5,2.9,8,1,0,43,3,0,3,At-Risk/Dormant
U02267,50,Android,18,10.7,47,11,2,36,5,1,1,Casual Browsers
U02268,52,iOS,18,6.8,42,2,0,39,2,0,3,At-Risk/Dormant
U02269,23,Web,10,7.0,20,4,0,31,6,0,3,At-Risk/Dormant
U02270,64,Android,10,5.5,24,3,0,33,5,1,3,At-Risk/Dormant
U02271,33,Web,19,6.2,40,5,1,35,9,0,1,Casual Browsers
U02272,33,Web,11,5.3,25,4,1,35,6,0,3,At-Risk/Dormant
U02273,32,Android,7,3.1,12,1,0,46,2,1,3,At-Risk/Dormant
U02274,40,Android,27,12.1,77,13,3,31,9,0,2,Steady Engagers
U02275,26,iOS,10,6.6,31,5,0,31,4,0,3,At-Risk/Dormant
U02276,38,iOS,26,15.1,64,13,2,14,7,0,2,Steady Engagers
U02277,28,Android,19,10.9,43,5,0,25,6,0,1,Casual Browsers
U02278,20,iOS,18,14.3,51,12,0,15,9,0,1,Casual Browsers
U02279,35,iOS,15,6.4,23,3,0,47,8,0,3,At-Risk/Dormant
U02280,50,iOS,27,10.4,95,20,3,11,15,0,2,Steady Engagers
U02281,54,iOS,13,4.1,35,5,0,33,3,0,3,At-Risk/Dormant
U02282,34,Android,15,10.5,47,14,2,23,8,0,1,Casual Browsers
U02283,33,Android,28,11.9,72,18,2,15,11,0,2,Steady Engagers
U02284,55,Android,34,15.3,114,30,7,0,9,0,0,Power Users
U02285,50,Web,8,4.3,23,4,0,41,1,0,3,At-Risk/Dormant
U02286,57,Web,6,3.5,13,1,0,48,2,0,3,At-Risk/Dormant
U02287,61,iOS,15,6.5,36,7,1,23,4,0,1,Casual Browsers
U02288,57,Android,11,5.4,25,9,2,41,6,0,3,At-Risk/Dormant
U02289,62,iOS,35,14.0,110,35,5,3,16,0,0,Power Users
U02290,37,Android,5,5.9,13,1,0,39,3,1,3,At-Risk/Dormant
U02291,36,Android,22,13.3,57,12,1,31,8,0,1,Casual Browsers
U02292,33,Android,17,3.0,35,5,1,32,7,0,1,Casual Browsers
U02293,29,Web,20,5.6,51,10,2,22,7,0,1,Casual Browsers
U02294,53,Android,6,9.3,21,1,0,31,5,0,3,At-Risk/Dormant
U02295,52,iOS,7,6.3,11,1,0,34,2,1,3,At-Risk/Dormant
U02296,56,Web,13,6.3,30,3,0,34,6,0,3,At-Risk/Dormant
U02297,26,iOS,5,2.8,18,3,1,44,2,1,3,At-Risk/Dormant
U02298,41,Android,13,7.3,33,3,0,24,13,0,1,Casual Browsers
U02299,28,Web,15,5.6,31,5,1,29,2,1,3,At-Risk/Dormant
U02300,60,iOS,29,2.8,64,14,1,21,9,0,1,Casual Browsers
U02301,30,iOS,16,4.6,42,6,0,26,9,0,1,Casual Browsers
U02302,24,iOS,21,7.8,58,16,3,20,6,0,1,Casual Browsers
U02303,45,Web,23,9.7,59,18,6,14,10,0,2,Steady Engagers
U02304,60,iOS,8,3.7,25,5,0,32,5,1,3,At-Risk/Dormant
U02305,61,iOS,20,8.6,58,10,3,17,12,0,2,Steady Engagers
U02306,22,iOS,19,12.4,52,16,2,14,11,0,2,Steady Engagers
U02307,33,Android,11,6.1,27,2,0,40,6,0,3,At-Risk/Dormant
U02308,25,iOS,13,1.2,35,3,0,30,3,0,3,At-Risk/Dormant
U02309,32,Android,15,8.7,46,11,1,17,10,0,1,Casual Browsers
U02310,43,Android,48,15.0,185,61,5,0,15,0,0,Power Users
U02311,31,Android,7,0.5,14,3,0,50,2,1,3,At-Risk/Dormant
U02312,21,Android,8,6.1,16,1,0,41,1,1,3,At-Risk/Dormant
U02313,42,Android,35,13.0,112,26,5,0,9,0,0,Power Users
U02314,20,iOS,24,11.9,69,11,3,28,12,0,2,Steady Engagers
U02315,28,Android,13,2.2,21,4,1,36,6,0,3,At-Risk/Dormant
U02316,18,Android,12,9.8,38,4,0,32,5,0,1,Casual Browsers
U02317,22,Web,26,9.2,69,15,1,14,14,0,2,Steady Engagers
U02318,38,Web,6,0.5,12,3,0,44,1,1,3,At-Risk/Dormant
U02319,58,iOS,19,9.0,56,13,1,27,8,0,1,Casual Browsers
U02320,55,Android,7,9.6,17,3,0,37,3,1,3,At-Risk/Dormant
U02321,22,Android,11,6.8,28,4,2,41,3,1,3,At-Risk/Dormant
U02322,19,Android,10,5.2,27,3,1,32,6,0,3,At-Risk/Dormant
U02323,34,Android,15,10.2,33,8,0,23,10,0,1,Casual Browsers
U02324,49,Web,12,4.9,27,4,0,33,3,0,3,At-Risk/Dormant
U02325,53,iOS,27,17.7,87,16,1,7,9,0,2,Steady Engagers
U02326,57,Android,26,15.8,84,17,3,13,9,0,2,Steady Engagers
U02327,34,Web,25,12.4,75,20,1,11,9,0,2,Steady Engagers
U02328,26,Android,20,9.5,45,8,1,29,8,0,1,Casual Browsers
U02329,19,Android,15,8.8,51,15,1,28,7,0,1,Casual Browsers
U02330,25,Android,9,6.0,22,5,0,32,4,1,3,At-Risk/Dormant
U02331,21,Android,34,17.2,117,29,5,10,11,0,0,Power Users
U02332,59,Web,24,12.9,57,8,0,29,10,0,1,Casual Browsers
U02333,30,Android,23,9.5,73,12,0,16,9,0,1,Casual Browsers
U02334,57,iOS,13,2.1,40,6,0,27,7,0,3,At-Risk/Dormant
U02335,44,Android,28,17.6,93,30,5,4,11,0,0,Power Users
U02336,43,Web,13,3.8,28,4,1,42,10,0,3,At-Risk/Dormant
U02337,39,iOS,29,16.6,104,24,5,17,11,0,0,Power Users
U02338,57,iOS,27,7.6,84,27,6,19,13,0,2,Steady Engagers
U02339,20,Android,29,12.3,94,21,2,15,9,0,2,Steady Engagers
U02340,22,Web,3,3.0,7,0,0,50,5,1,3,At-Risk/Dormant
U02341,38,iOS,11,3.4,24,3,0,42,1,0,3,At-Risk/Dormant
U02342,36,Android,30,20.4,116,31,2,0,11,0,0,Power Users
U02343,44,Web,38,13.7,125,33,9,5,13,0,0,Power Users
U02344,53,Android,22,13.8,76,17,3,19,3,0,2,Steady Engagers
U02345,46,Android,11,12.1,25,6,1,31,2,0,1,Casual Browsers
U02346,30,iOS,20,9.6,54,9,1,14,10,0,1,Casual Browsers
U02347,33,Android,20,8.4,58,9,1,23,4,0,1,Casual Browsers
U02348,54,iOS,46,14.9,143,36,5,1,10,0,0,Power Users
U02349,27,Android,10,4.5,19,5,0,39,4,1,3,At-Risk/Dormant
U02350,42,Android,20,13.4,41,10,1,19,12,0,1,Casual Browsers
U02351,43,Android,9,10.6,17,3,0,39,7,0,3,At-Risk/Dormant
U02352,54,Android,2,1.8,6,0,0,41,2,1,3,At-Risk/Dormant
U02353,52,Web,7,1.4,13,1,0,44,1,1,3,At-Risk/Dormant
U02354,40,iOS,9,5.8,18,3,1,30,4,1,3,At-Risk/Dormant
U02355,32,iOS,22,14.1,62,22,2,10,16,0,2,Steady Engagers
U02356,35,Android,11,6.1,29,3,0,32,6,0,3,At-Risk/Dormant
U02357,37,iOS,21,9.1,52,10,2,12,20,0,2,Steady Engagers
U02358,28,Android,16,8.1,50,9,0,23,9,0,1,Casual Browsers
U02359,48,Android,34,14.8,126,26,6,5,11,0,0,Power Users
U02360,28,iOS,9,1.6,14,2,1,48,5,1,3,At-Risk/Dormant
U02361,49,iOS,11,0.5,25,4,0,39,4,0,3,At-Risk/Dormant
U02362,54,iOS,25,14.4,95,20,2,3,13,0,2,Steady Engagers
U02363,64,Web,21,4.5,48,9,1,25,7,0,1,Casual Browsers
U02364,23,Web,22,10.9,64,19,1,26,12,0,2,Steady Engagers
U02365,54,Android,23,6.2,57,6,0,25,5,0,1,Casual Browsers
U02366,22,Android,30,12.5,82,18,6,13,6,0,2,Steady Engagers
U02367,34,Android,25,10.0,79,19,2,21,12,0,2,Steady Engagers
U02368,26,iOS,23,15.9,79,16,1,19,14,0,2,Steady Engagers
U02369,25,Web,9,4.6,15,0,0,39,2,0,3,At-Risk/Dormant
U02370,26,Web,5,2.0,15,1,0,50,6,0,3,At-Risk/Dormant
U02371,20,Android,4,4.6,6,0,0,36,3,0,3,At-Risk/Dormant
U02372,57,Web,21,12.2,67,16,1,30,10,0,1,Casual Browsers
U02373,20,iOS,23,12.4,88,25,4,12,8,0,2,Steady Engagers
U02374,37,Web,33,14.1,93,24,8,4,13,0,0,Power Users
U02375,51,iOS,20,10.1,59,13,2,16,7,0,1,Casual Browsers
U02376,65,Android,15,12.1,42,10,2,14,15,0,2,Steady Engagers
U02377,58,Android,36,17.1,140,40,8,0,17,0,0,Power Users
U02378,24,Web,40,14.6,149,40,4,8,9,0,0,Power Users
U02379,65,Android,18,6.4,36,8,0,36,4,0,1,Casual Browsers
U02380,49,Android,13,8.4,28,3,0,29,5,0,1,Casual Browsers
U02381,26,Android,13,10.1,33,3,1,27,5,0,1,Casual Browsers
U02382,39,Android,9,3.0,15,1,0,42,1,0,3,At-Risk/Dormant
U02383,62,Web,9,3.5,19,5,1,29,9,0,3,At-Risk/Dormant
U02384,36,Android,22,9.1,35,7,4,34,4,0,1,Casual Browsers
U02385,26,Android,11,12.5,20,1,0,29,7,0,1,Casual Browsers
U02386,60,iOS,38,19.8,133,44,10,0,15,0,0,Power Users
U02387,63,iOS,13,6.9,27,6,0,30,5,0,3,At-Risk/Dormant
U02388,64,Android,31,18.8,118,38,5,1,12,0,0,Power Users
U02389,63,Android,9,5.2,16,3,0,41,1,0,3,At-Risk/Dormant
U02390,59,Android,11,5.5,32,8,0,49,3,1,3,At-Risk/Dormant
U02391,39,Android,38,11.9,115,29,4,8,16,0,0,Power Users
U02392,27,Android,21,13.4,69,10,1,15,14,0,2,Steady Engagers
U02393,47,Android,26,11.8,80,25,4,12,8,0,2,Steady Engagers
U02394,28,iOS,18,14.6,55,11,0,31,7,0,1,Casual Browsers
U02395,40,Web,13,7.2,37,8,2,35,7,0,1,Casual Browsers
U02396,49,Web,8,7.0,13,1,0,38,1,0,3,At-Risk/Dormant
U02397,63,Android,16,10.8,36,6,2,29,8,0,1,Casual Browsers
U02398,31,Android,22,4.2,67,8,2,19,5,0,1,Casual Browsers
U02399,30,Web,3,0.5,5,1,1,47,1,1,3,At-Risk/Dormant
U02400,53,iOS,25,13.0,82,21,3,20,10,0,2,Steady Engagers
U02401,18,iOS,40,20.1,137,31,8,8,12,0,0,Power Users
U02402,45,Android,31,13.2,101,23,2,6,11,0,2,Steady Engagers
U02403,53,Android,19,4.2,45,8,1,27,6,0,1,Casual Browsers
U02404,44,iOS,5,7.2,4,0,0,41,5,1,3,At-Risk/Dormant
U02405,36,iOS,35,20.5,115,30,6,0,11,0,0,Power Users
U02406,57,Android,28,13.5,91,31,8,4,12,0,0,Power Users
U02407,35,Web,12,4.3,24,0,0,34,1,0,3,At-Risk/Dormant
U02408,52,iOS,26,14.5,72,13,1,17,8,0,2,Steady Engagers
U02409,40,iOS,28,10.4,80,15,5,8,11,0,2,Steady Engagers
U02410,19,Android,16,4.0,35,4,0,29,5,0,3,At-Risk/Dormant
U02411,43,iOS,10,6.2,28,6,3,31,7,0,1,Casual Browsers
U02412,20,iOS,10,6.4,26,2,0,38,7,0,3,At-Risk/Dormant
U02413,62,Android,16,7.6,39,2,0,30,3,0,1,Casual Browsers
U02414,46,iOS,18,7.7,50,12,0,23,11,0,1,Casual Browsers
U02415,35,iOS,11,7.4,24,5,0,33,6,1,3,At-Risk/Dormant
U02416,41,Web,19,14.0,46,9,1,19,6,0,1,Casual Browsers
U02417,47,Android,11,10.5,31,8,1,29,4,0,1,Casual Browsers
U02418,30,Web,15,9.3,43,2,0,25,3,0,1,Casual Browsers
U02419,31,iOS,14,7.9,30,4,1,36,7,0,1,Casual Browsers
U02420,38,Android,21,7.2,78,15,1,18,12,0,2,Steady Engagers
U02421,30,Android,24,14.4,70,15,1,24,10,0,2,Steady Engagers
U02422,54,Android,33,18.1,116,36,4,3,15,0,0,Power Users
U02423,22,Android,32,12.6,120,31,3,11,17,0,0,Power Users
U02424,57,iOS,16,7.6,32,7,0,31,3,0,1,Casual Browsers
U02425,34,iOS,14,6.0,31,9,1,35,9,0,1,Casual Browsers
U02426,44,Android,15,10.8,41,8,1,23,15,0,1,Casual Browsers
U02427,25,Web,14,7.6,40,5,0,38,5,1,3,At-Risk/Dormant
U02428,36,Android,15,10.0,41,12,1,24,12,0,1,Casual Browsers
U02429,54,iOS,12,10.2,34,7,1,33,6,0,1,Casual Browsers
U02430,30,Web,10,2.5,20,2,0,33,4,0,3,At-Risk/Dormant
U02431,24,Web,7,3.7,19,2,0,37,2,0,3,At-Risk/Dormant
U02432,43,iOS,16,9.5,50,6,0,22,8,0,1,Casual Browsers
U02433,25,iOS,25,8.9,72,12,1,17,11,0,2,Steady Engagers
U02434,33,Android,10,6.0,16,5,0,48,7,1,3,At-Risk/Dormant
U02435,39,Android,25,11.2,80,21,1,14,11,0,2,Steady Engagers
U02436,45,Android,24,11.3,77,17,4,18,10,0,2,Steady Engagers
U02437,48,Android,26,11.5,84,21,6,11,9,0,2,Steady Engagers
U02438,50,Android,14,8.0,32,3,0,28,4,0,1,Casual Browsers
U02439,58,Android,31,11.6,99,29,3,14,8,0,2,Steady Engagers
U02440,21,Web,27,13.4,96,23,5,10,5,0,2,Steady Engagers
U02441,35,Web,15,5.9,35,7,0,30,10,0,1,Casual Browsers
U02442,18,Web,10,0.5,24,3,0,36,4,1,3,At-Risk/Dormant
U02443,18,iOS,20,10.7,37,7,0,29,8,0,1,Casual Browsers
U02444,28,Android,25,12.9,76,20,8,10,10,0,0,Power Users
U02445,46,Android,26,15.2,117,30,4,14,10,0,0,Power Users
U02446,60,iOS,25,16.8,98,38,7,0,17,0,0,Power Users
U02447,55,iOS,19,16.5,53,7,0,21,13,0,2,Steady Engagers
U02448,49,Android,30,8.2,109,27,3,5,11,0,2,Steady Engagers
U02449,55,iOS,39,13.2,131,26,5,6,14,0,0,Power Users
U02450,26,iOS,19,14.7,70,14,2,11,9,0,2,Steady Engagers
U02451,58,Android,7,1.5,22,1,0,34,4,1,3,At-Risk/Dormant
U02452,60,Android,19,9.0,51,9,1,20,7,0,1,Casual Browsers
U02453,22,Android,9,0.5,22,2,0,46,8,1,3,At-Risk/Dormant
U02454,40,iOS,30,16.3,98,24,4,7,6,0,2,Steady Engagers
U02455,57,Web,18,8.0,47,10,1,37,1,0,1,Casual Browsers
U02456,40,iOS,19,10.5,43,9,0,22,6,0,1,Casual Browsers
U02457,58,iOS,20,15.4,76,19,3,8,12,0,2,Steady Engagers
U02458,62,Web,24,7.4,80,12,2,18,6,0,1,Casual Browsers
U02459,40,Android,13,7.8,24,0,0,34,4,0,3,At-Risk/Dormant
U02460,20,iOS,18,9.0,49,6,1,29,4,0,1,Casual Browsers
U02461,34,iOS,7,0.9,16,1,0,45,1,1,3,At-Risk/Dormant
U02462,28,iOS,37,19.0,130,40,4,0,12,0,0,Power Users
U02463,40,Android,31,18.0,109,35,9,12,11,0,0,Power Users
U02464,46,Web,36,11.6,129,30,4,1,16,0,0,Power Users
U02465,40,Web,4,3.5,9,0,0,40,3,1,3,At-Risk/Dormant
U02466,27,Android,26,9.3,94,17,2,23,12,0,2,Steady Engagers
U02467,32,Android,26,6.9,81,14,1,12,10,0,2,Steady Engagers
U02468,50,Android,23,11.3,77,17,2,19,6,0,2,Steady Engagers
U02469,19,iOS,15,8.3,37,11,1,25,11,0,1,Casual Browsers
U02470,28,iOS,21,17.0,63,15,3,17,8,0,2,Steady Engagers
U02471,60,Android,15,10.3,55,18,2,19,12,0,2,Steady Engagers
U02472,22,Web,18,13.0,59,11,1,11,10,0,2,Steady Engagers
U02473,37,Android,33,15.9,125,38,7,10,10,0,0,Power Users
U02474,27,iOS,12,6.2,29,5,0,30,2,0,3,At-Risk/Dormant
U02475,23,Android,10,6.1,17,3,0,36,3,0,3,At-Risk/Dormant
U02476,38,iOS,22,11.0,75,13,2,17,12,0,2,Steady Engagers
U02477,43,iOS,9,0.5,14,1,0,41,1,0,3,At-Risk/Dormant
U02478,26,Android,22,12.6,60,12,2,11,9,0,2,Steady Engagers
U02479,21,Android,16,8.5,55,11,1,16,8,0,1,Casual Browsers
U02480,24,Web,25,15.5,89,18,1,46,14,0,2,Steady Engagers
U02481,49,iOS,21,8.6,54,12,0,23,8,0,1,Casual Browsers
U02482,59,Web,17,5.9,48,4,0,30,4,0,1,Casual Browsers
U02483,26,iOS,12,9.7,37,4,2,26,5,1,1,Casual Browsers
U02484,33,iOS,10,8.1,21,1,0,22,4,0,3,At-Risk/Dormant
U02485,34,Android,6,0.5,14,3,0,34,7,0,3,At-Risk/Dormant
U02486,35,iOS,15,7.3,32,4,0,27,14,0,1,Casual Browsers
U02487,29,Android,21,16.2,62,18,1,25,9,0,2,Steady Engagers
U02488,20,Android,45,18.1,160,40,7,0,12,0,0,Power Users
U02489,43,Android,7,1.9,15,2,0,41,5,1,3,At-Risk/Dormant
U02490,35,Android,11,2.8,14,4,1,36,4,0,3,At-Risk/Dormant
U02491,34,Web,30,17.1,124,32,7,11,11,0,0,Power Users
U02492,30,Web,13,3.7,37,5,1,30,4,0,3,At-Risk/Dormant
U02493,62,iOS,11,3.4,19,2,0,35,6,0,3,At-Risk/Dormant
U02494,47,Android,22,11.6,59,19,3,16,10,0,2,Steady Engagers
U02495,38,Web,15,9.4,24,3,0,30,7,1,1,Casual Browsers
U02496,27,iOS,10,4.1,25,6,0,33,1,0,3,At-Risk/Dormant
U02497,56,Android,20,6.0,51,8,1,22,10,0,1,Casual Browsers
U02498,60,iOS,15,7.6,42,5,1,30,3,0,1,Casual Browsers
U02499,19,iOS,14,16.2,27,1,0,35,6,0,1,Casual Browsers
U02500,62,Android,14,8.6,26,4,1,26,3,1,1,Casual Browsers
U02501,51,iOS,27,17.6,76,14,1,10,16,0,2,Steady Engagers
U02502,22,iOS,35,13.2,92,25,5,9,12,0,0,Power Users
U02503,54,Android,24,7.9,69,17,2,19,9,0,2,Steady Engagers
U02504,23,Android,10,7.0,20,5,1,23,5,0,1,Casual Browsers
U02505,20,iOS,27,9.2,80,15,1,15,7,0,2,Steady Engagers
U02506,23,iOS,20,12.7,68,13,3,17,16,0,2,Steady Engagers
U02507,40,Web,14,3.0,32,7,0,33,4,0,3,At-Risk/Dormant
U02508,47,Web,13,12.1,38,7,0,20,6,0,1,Casual Browsers
U02509,37,iOS,23,9.1,61,11,0,16,12,0,2,Steady Engagers
U02510,23,iOS,6,3.3,15,1,1,39,3,1,3,At-Risk/Dormant
U02511,27,iOS,18,11.0,41,7,0,26,7,0,1,Casual Browsers
U02512,58,iOS,25,13.6,78,16,2,11,12,0,2,Steady Engagers
U02513,64,Android,19,7.2,59,9,0,24,9,0,1,Casual Browsers
U02514,54,iOS,16,9.9,35,8,1,27,5,0,1,Casual Browsers
U02515,22,iOS,37,14.1,126,29,3,1,19,0,0,Power Users
U02516,57,iOS,3,3.8,14,1,0,44,0,0,3,At-Risk/Dormant
U02517,51,Web,9,7.8,28,7,1,27,10,0,1,Casual Browsers
U02518,43,iOS,24,14.4,78,20,3,9,13,0,2,Steady Engagers
U02519,24,Android,21,12.0,79,18,1,13,11,0,2,Steady Engagers
U02520,65,Android,6,4.0,13,3,0,43,6,1,3,At-Risk/Dormant
U02521,39,Android,22,12.1,53,12,1,20,6,0,1,Casual Browsers
U02522,20,Android,11,8.7,27,5,0,39,4,0,3,At-Risk/Dormant
U02523,28,iOS,19,10.6,57,9,1,21,7,0,1,Casual Browsers
U02524,37,Android,18,5.5,42,5,0,36,13,0,1,Casual Browsers
U02525,20,Android,16,15.6,44,5,0,21,7,0,1,Casual Browsers
U02526,33,Android,24,14.2,84,16,1,16,7,0,2,Steady Engagers
U02527,40,iOS,16,5.3,35,7,1,32,7,0,1,Casual Browsers
U02528,63,iOS,20,11.4,57,8,1,21,10,0,1,Casual Browsers
U02529,22,Android,9,5.7,15,1,0,41,1,1,3,At-Risk/Dormant
U02530,45,Android,5,3.9,8,0,0,41,3,1,3,At-Risk/Dormant
U02531,61,Android,20,7.1,44,10,2,28,10,0,1,Casual Browsers
U02532,56,Android,19,7.9,40,8,0,28,5,0,1,Casual Browsers
U02533,62,Android,27,18.8,88,28,2,0,8,0,2,Steady Engagers
U02534,26,Android,20,9.0,57,15,2,15,7,0,1,Casual Browsers
U02535,56,Android,27,11.5,81,17,2,15,13,0,2,Steady Engagers
U02536,64,Web,8,1.9,13,1,0,38,4,0,3,At-Risk/Dormant
U02537,33,iOS,15,10.8,45,4,0,30,9,0,1,Casual Browsers
U02538,41,Web,16,11.5,45,9,0,24,6,0,1,Casual Browsers
U02539,43,Android,14,6.2,31,5,1,30,4,0,3,At-Risk/Dormant
U02540,41,Android,19,5.7,41,4,0,31,5,0,1,Casual Browsers
U02541,31,Web,8,10.1,19,1,1,43,7,1,3,At-Risk/Dormant
U02542,64,Android,18,11.4,48,8,0,12,9,0,1,Casual Browsers
U02543,63,iOS,13,0.5,31,5,0,34,4,1,3,At-Risk/Dormant
U02544,36,Web,27,16.8,78,21,2,11,7,0,2,Steady Engagers
U02545,56,iOS,21,12.9,58,13,1,29,5,0,1,Casual Browsers
U02546,37,Android,18,9.1,38,2,0,33,5,0,1,Casual Browsers
U02547,56,iOS,15,7.3,42,6,2,30,7,0,1,Casual Browsers
U02548,46,Android,21,10.5,60,10,1,33,7,0,1,Casual Browsers
U02549,40,Android,11,0.5,30,9,0,37,4,0,3,At-Risk/Dormant
U02550,24,Android,24,9.6,58,8,0,16,8,0,1,Casual Browsers
U02551,49,Web,25,8.6,72,13,1,22,6,0,1,Casual Browsers
U02552,33,iOS,5,2.4,20,1,0,46,5,1,3,At-Risk/Dormant
U02553,28,Android,21,12.3,55,9,1,18,7,0,1,Casual Browsers
U02554,27,Android,10,7.5,19,3,0,42,1,1,3,At-Risk/Dormant
U02555,65,iOS,5,2.1,14,1,0,42,1,1,3,At-Risk/Dormant
U02556,22,Web,13,5.9,28,4,0,31,3,0,3,At-Risk/Dormant
U02557,56,Android,17,16.5,53,6,0,14,12,0,2,Steady Engagers
U02558,59,Android,17,7.5,35,5,1,25,8,0,1,Casual Browsers
U02559,19,Web,17,9.7,47,6,0,22,5,0,1,Casual Browsers
U02560,46,Web,17,11.3,36,7,2,20,6,0,1,Casual Browsers
U02561,45,Web,26,10.2,74,16,0,12,11,0,2,Steady Engagers
U02562,35,Android,14,5.6,37,3,1,29,6,0,1,Casual Browsers
U02563,50,Android,18,5.8,41,4,0,31,5,0,1,Casual Browsers
U02564,37,Android,13,8.6,41,8,2,37,4,0,1,Casual Browsers
U02565,39,Android,9,5.3,20,2,0,36,6,1,3,At-Risk/Dormant
U02566,38,Web,12,6.9,30,3,1,29,6,1,1,Casual Browsers
U02567,56,Android,26,16.2,81,19,2,13,13,0,2,Steady Engagers
U02568,48,iOS,29,14.5,113,33,9,2,15,0,0,Power Users
U02569,36,Web,7,4.4,11,1,0,31,3,1,3,At-Risk/Dormant
U02570,62,Web,11,10.4,24,4,0,50,3,1,3,At-Risk/Dormant
U02571,56,iOS,18,8.2,46,7,0,25,7,0,1,Casual Browsers
U02572,62,Web,15,9.3,45,8,1,23,1,1,1,Casual Browsers
U02573,53,Android,23,9.7,69,17,1,20,6,0,1,Casual Browsers
U02574,36,Android,21,6.4,58,12,1,19,8,0,1,Casual Browsers
U02575,55,Android,17,8.2,62,17,5,26,8,0,2,Steady Engagers
U02576,33,Web,11,5.2,34,5,0,29,9,1,1,Casual Browsers
U02577,31,Web,28,16.7,92,17,2,15,13,0,2,Steady Engagers
U02578,39,Android,44,17.8,179,51,6,2,15,0,0,Power Users
U02579,64,Android,15,9.5,35,6,1,29,11,0,1,Casual Browsers
U02580,45,Android,24,7.1,55,12,1,24,7,0,1,Casual Browsers
U02581,36,Android,12,2.1,28,6,1,33,4,1,3,At-Risk/Dormant
U02582,40,Web,31,8.6,84,25,2,5,10,0,2,Steady Engagers
U02583,31,Android,22,15.7,68,15,3,9,14,0,2,Steady Engagers
U02584,49,iOS,12,3.6,17,1,0,34,5,0,3,At-Risk/Dormant
U02585,34,iOS,32,10.3,105,30,3,10,11,0,2,Steady Engagers
U02586,44,Android,29,15.9,97,26,5,21,12,0,0,Power Users
U02587,35,Android,30,17.8,114,29,8,8,15,0,0,Power Users
U02588,33,Web,10,4.2,23,5,0,37,1,0,3,At-Risk/Dormant
U02589,64,iOS,30,10.3,99,29,1,11,16,0,2,Steady Engagers
U02590,34,Android,18,6.4,35,6,1,28,8,0,1,Casual Browsers
U02591,21,Android,4,10.3,11,1,0,44,2,1,3,At-Risk/Dormant
U02592,36,Web,20,8.5,48,7,0,38,6,0,1,Casual Browsers
U02593,43,Web,5,1.7,8,1,0,52,1,1,3,At-Risk/Dormant
U02594,22,Web,14,8.6,40,5,0,43,6,0,3,At-Risk/Dormant
U02595,32,iOS,30,22.4,91,25,5,16,10,0,0,Power Users
U02596,25,Web,16,13.8,34,4,0,29,7,0,1,Casual Browsers
U02597,42,Android,31,12.6,109,37,6,9,14,0,0,Power Users
U02598,52,iOS,29,18.7,105,30,2,4,14,0,0,Power Users
U02599,64,Android,5,3.8,7,0,0,42,2,0,3,At-Risk/Dormant
U02600,36,iOS,10,9.5,19,0,0,37,7,1,3,At-Risk/Dormant
U02601,59,Web,11,2.2,19,3,0,35,6,0,3,At-Risk/Dormant
U02602,28,Web,24,16.1,62,22,3,9,13,0,2,Steady Engagers
U02603,55,iOS,20,14.3,54,14,4,16,11,0,2,Steady Engagers
U02604,45,iOS,18,12.1,57,11,1,30,6,1,1,Casual Browsers
U02605,54,Web,22,6.6,56,11,1,26,8,0,1,Casual Browsers
U02606,54,Web,5,2.4,9,1,0,58,0,1,3,At-Risk/Dormant
U02607,43,iOS,17,8.9,54,5,1,19,10,0,1,Casual Browsers
U02608,30,Android,21,8.6,40,5,0,25,5,0,1,Casual Browsers
U02609,43,Android,7,3.0,13,2,0,43,2,1,3,At-Risk/Dormant
U02610,57,Web,7,8.1,16,4,0,34,4,1,3,At-Risk/Dormant
U02611,64,iOS,19,6.8,33,4,0,40,6,0,1,Casual Browsers
U02612,62,iOS,26,14.1,71,20,0,11,9,0,2,Steady Engagers
U02613,26,iOS,16,11.5,40,8,1,31,9,0,1,Casual Browsers
U02614,46,Android,20,7.5,45,7,0,25,10,0,1,Casual Browsers
U02615,23,Android,28,15.6,93,18,3,19,5,0,2,Steady Engagers
U02616,50,Web,11,5.9,19,1,0,42,2,1,3,At-Risk/Dormant
U02617,65,Android,18,0.5,25,4,0,37,6,0,3,At-Risk/Dormant
U02618,20,iOS,9,5.9,17,1,1,46,5,1,3,At-Risk/Dormant
U02619,49,iOS,28,13.9,107,29,3,10,14,0,0,Power Users
U02620,63,Web,27,14.5,87,21,0,7,9,0,2,Steady Engagers
U02621,58,Android,16,8.3,40,8,1,18,11,0,1,Casual Browsers
U02622,36,iOS,20,6.8,53,8,1,28,10,0,1,Casual Browsers
U02623,22,Android,28,13.7,80,14,1,13,9,0,2,Steady Engagers
U02624,62,Android,3,3.0,2,0,0,41,1,1,3,At-Risk/Dormant
U02625,62,Android,22,4.4,51,10,0,33,8,0,1,Casual Browsers
U02626,45,Android,33,13.8,109,32,3,2,6,0,0,Power Users
U02627,64,Web,15,6.5,39,10,1,36,9,0,1,Casual Browsers
U02628,18,Web,19,8.9,50,9,0,24,6,0,1,Casual Browsers
U02629,47,Android,32,22.3,109,33,7,0,24,0,0,Power Users
U02630,19,Web,4,5.5,6,0,0,41,1,1,3,At-Risk/Dormant
U02631,62,iOS,27,18.4,90,24,4,5,18,0,0,Power Users
U02632,50,iOS,12,9.0,22,2,0,28,6,0,1,Casual Browsers
U02633,61,Web,9,4.1,18,0,0,37,5,1,3,At-Risk/Dormant
U02634,45,iOS,6,9.3,13,2,0,37,1,1,3,At-Risk/Dormant
U02635,21,Android,33,10.2,83,22,2,15,6,0,2,Steady Engagers
U02636,19,Android,8,4.3,18,2,0,41,0,1,3,At-Risk/Dormant
U02637,34,iOS,12,3.8,26,3,0,46,5,1,3,At-Risk/Dormant
U02638,53,Web,10,1.1,22,3,0,45,2,1,3,At-Risk/Dormant
U02639,25,iOS,26,13.8,77,22,3,10,9,0,2,Steady Engagers
U02640,58,Android,18,9.7,41,8,0,26,4,0,1,Casual Browsers
U02641,29,Android,4,4.9,10,1,0,38,4,1,3,At-Risk/Dormant
U02642,41,Web,24,11.5,61,17,0,11,11,0,2,Steady Engagers
U02643,27,Android,5,1.2,13,1,0,40,3,0,3,At-Risk/Dormant
U02644,40,iOS,27,19.3,103,33,6,4,12,0,0,Power Users
U02645,39,iOS,17,11.0,44,10,1,35,8,0,1,Casual Browsers
U02646,18,Android,20,11.3,43,7,1,27,4,0,1,Casual Browsers
U02647,45,Android,11,4.8,15,2,0,32,2,0,3,At-Risk/Dormant
U02648,55,Android,21,11.3,60,14,2,20,6,0,1,Casual Browsers
U02649,62,Android,14,1.3,27,2,0,35,4,1,3,At-Risk/Dormant
U02650,33,iOS,35,12.8,119,35,7,10,7,0,0,Power Users
U02651,60,Web,19,14.9,51,12,3,22,10,0,2,Steady Engagers
U02652,60,Android,28,17.2,91,28,6,5,10,0,0,Power Users
U02653,65,iOS,9,6.1,18,0,0,45,6,1,3,At-Risk/Dormant
U02654,35,Android,6,0.5,15,2,0,37,1,0,3,At-Risk/Dormant
U02655,58,Android,4,5.9,8,1,0,37,5,0,3,At-Risk/Dormant
U02656,45,iOS,36,17.1,128,39,11,0,17,0,0,Power Users
U02657,20,iOS,21,13.0,64,20,2,17,19,0,2,Steady Engagers
U02658,30,iOS,35,6.7,101,21,1,13,7,0,2,Steady Engagers
U02659,50,Android,12,9.9,21,4,2,42,5,0,3,At-Risk/Dormant
U02660,25,iOS,25,13.3,77,14,4,7,14,0,2,Steady Engagers
U02661,38,Android,12,3.0,25,5,1,42,5,1,3,At-Risk/Dormant
U02662,55,Web,9,7.9,22,2,0,29,4,0,3,At-Risk/Dormant
U02663,25,iOS,23,16.0,53,9,2,25,6,0,1,Casual Browsers
U02664,41,Web,29,14.0,89,18,4,13,16,0,2,Steady Engagers
U02665,28,Android,23,10.9,72,17,4,27,9,0,2,Steady Engagers
U02666,43,iOS,30,13.9,112,22,5,6,10,0,0,Power Users
U02667,29,iOS,7,9.1,16,0,0,34,9,1,3,At-Risk/Dormant
U02668,64,Android,15,8.1,33,3,2,29,3,0,1,Casual Browsers
U02669,21,iOS,43,9.9,150,38,8,5,5,0,0,Power Users
U02670,64,iOS,21,11.3,53,14,1,25,9,0,1,Casual Browsers
U02671,56,Web,18,12.9,49,15,4,15,5,0,2,Steady Engagers
U02672,59,Android,13,8.3,27,6,1,24,12,0,1,Casual Browsers
U02673,58,Web,22,12.2,58,11,2,23,10,0,2,Steady Engagers
U02674,27,Android,9,2.1,21,3,0,41,0,1,3,At-Risk/Dormant
U02675,62,iOS,35,12.4,113,22,6,7,11,0,0,Power Users
U02676,46,iOS,22,10.6,62,12,1,17,11,0,2,Steady Engagers
U02677,64,Android,8,5.2,14,1,0,42,4,1,3,At-Risk/Dormant
U02678,60,Web,13,5.8,40,5,1,28,5,0,1,Casual Browsers
U02679,45,Web,8,2.2,16,1,0,44,4,0,3,At-Risk/Dormant
U02680,35,Web,24,14.9,85,23,2,3,10,0,2,Steady Engagers
U02681,23,Web,11,4.5,29,5,1,39,2,1,3,At-Risk/Dormant
U02682,22,iOS,9,7.9,20,3,1,44,4,1,3,At-Risk/Dormant
U02683,36,iOS,27,9.5,95,28,5,5,9,0,2,Steady Engagers
U02684,56,Web,19,13.6,67,15,5,30,16,0,2,Steady Engagers
U02685,42,Android,17,2.9,36,5,0,28,7,0,1,Casual Browsers
U02686,41,Web,13,7.3,34,6,0,30,10,0,1,Casual Browsers
U02687,29,iOS,23,8.8,73,19,6,16,8,0,2,Steady Engagers
U02688,45,iOS,17,8.0,52,12,3,14,12,0,2,Steady Engagers
U02689,48,Android,13,11.2,31,5,0,26,6,0,1,Casual Browsers
U02690,65,Android,23,12.3,62,10,0,21,9,0,1,Casual Browsers
U02691,53,Android,32,13.0,100,25,1,11,16,0,2,Steady Engagers
U02692,47,Android,10,4.0,18,1,0,43,4,0,3,At-Risk/Dormant
U02693,61,Android,17,2.8,20,1,0,57,2,1,3,At-Risk/Dormant
U02694,38,Android,13,5.4,44,9,1,30,4,0,1,Casual Browsers
U02695,62,Android,9,3.5,19,6,0,38,2,0,3,At-Risk/Dormant
U02696,35,iOS,30,16.1,102,32,8,3,11,0,0,Power Users
U02697,24,Android,5,3.9,14,0,0,36,6,0,3,At-Risk/Dormant
U02698,38,Web,30,14.9,86,15,1,14,9,0,2,Steady Engagers
U02699,24,Android,7,5.3,10,2,0,40,3,1,3,At-Risk/Dormant
U02700,23,iOS,14,7.5,34,3,0,29,8,0,1,Casual Browsers
U02701,60,Android,21,9.4,53,18,3,13,11,0,2,Steady Engagers
U02702,56,iOS,28,15.9,110,27,5,7,11,0,0,Power Users
U02703,28,iOS,7,0.5,16,4,0,37,2,0,3,At-Risk/Dormant
U02704,58,iOS,26,10.2,81,20,1,26,8,0,2,Steady Engagers
U02705,21,Android,9,0.5,16,1,0,45,1,1,3,At-Risk/Dormant
U02706,31,iOS,13,4.2,24,5,1,39,2,0,3,At-Risk/Dormant
U02707,51,Android,26,12.2,77,16,2,17,17,0,2,Steady Engagers
U02708,32,iOS,34,16.0,138,48,5,0,17,0,0,Power Users
U02709,53,Android,22,14.3,74,13,5,10,11,0,2,Steady Engagers
U02710,59,iOS,27,15.2,93,25,2,8,4,0,2,Steady Engagers
U02711,21,Android,20,13.5,54,13,0,18,7,0,1,Casual Browsers
U02712,19,iOS,12,5.7,28,2,0,26,4,0,3,At-Risk/Dormant
U02713,63,Android,27,13.3,102,32,9,6,16,0,0,Power Users
U02714,42,Android,25,10.2,76,13,1,27,10,0,2,Steady Engagers
U02715,42,Android,12,7.2,33,7,1,32,4,0,3,At-Risk/Dormant
U02716,40,Android,11,4.1,26,4,0,40,3,0,3,At-Risk/Dormant
U02717,38,iOS,15,11.6,31,4,0,31,2,0,1,Casual Browsers
U02718,51,Web,15,9.4,34,5,1,31,6,0,1,Casual Browsers
U02719,45,iOS,13,11.6,30,5,2,29,10,0,1,Casual Browsers
U02720,25,Android,14,14.3,55,13,1,16,5,0,1,Casual Browsers
U02721,48,Android,8,4.7,17,3,0,36,2,0,3,At-Risk/Dormant
U02722,50,Web,16,1.9,41,11,0,23,7,0,1,Casual Browsers
U02723,23,Android,4,2.7,7,2,0,50,1,0,3,At-Risk/Dormant
U02724,36,Android,12,5.5,32,4,1,36,9,0,3,At-Risk/Dormant
U02725,55,Web,26,13.5,108,30,0,7,10,0,2,Steady Engagers
U02726,47,Android,11,8.2,29,4,1,38,8,0,1,Casual Browsers
U02727,24,Android,28,8.4,78,24,2,14,11,0,2,Steady Engagers
U02728,19,Android,6,6.4,12,3,1,41,5,1,3,At-Risk/Dormant
U02729,45,iOS,16,8.4,41,6,1,30,8,0,1,Casual Browsers
U02730,40,Android,14,9.7,37,3,1,33,7,0,1,Casual Browsers
U02731,64,iOS,29,16.2,75,18,3,18,8,0,2,Steady Engagers
U02732,43,Android,20,6.1,60,5,1,17,13,0,1,Casual Browsers
U02733,62,Android,22,10.8,63,16,4,18,7,0,2,Steady Engagers
U02734,28,Android,10,1.1,20,2,0,35,0,1,3,At-Risk/Dormant
U02735,39,Web,12,8.1,30,4,0,30,11,0,1,Casual Browsers
U02736,24,Android,12,6.2,25,3,1,30,8,1,1,Casual Browsers
U02737,45,iOS,14,6.9,38,9,2,22,5,0,1,Casual Browsers
U02738,27,Android,39,13.1,125,32,2,4,9,0,0,Power Users
U02739,41,Android,13,4.3,27,4,0,34,3,0,3,At-Risk/Dormant
U02740,34,Android,8,4.5,21,1,0,38,2,0,3,At-Risk/Dormant
U02741,26,iOS,23,11.4,58,17,1,22,9,0,2,Steady Engagers
U02742,22,iOS,27,18.5,89,21,2,15,10,0,2,Steady Engagers
U02743,42,Web,17,7.7,46,10,0,20,7,0,1,Casual Browsers
U02744,63,Web,23,11.6,74,21,2,13,5,0,2,Steady Engagers
U02745,27,iOS,26,15.4,103,31,6,1,19,0,0,Power Users
U02746,37,iOS,22,4.2,53,9,0,28,5,1,1,Casual Browsers
U02747,28,iOS,9,0.5,18,1,0,33,3,1,3,At-Risk/Dormant
U02748,56,iOS,32,11.9,114,26,10,9,13,0,0,Power Users
U02749,37,Android,16,6.2,40,5,0,25,4,0,1,Casual Browsers
U02750,64,Web,11,6.1,27,3,1,30,4,0,3,At-Risk/Dormant
U02751,29,Web,28,5.9,82,6,1,17,7,0,1,Casual Browsers
U02752,21,Android,24,9.7,75,17,3,17,6,0,2,Steady Engagers
U02753,45,Web,22,16.0,94,30,9,6,8,0,0,Power Users
U02754,49,Web,21,7.3,48,9,1,22,13,0,1,Casual Browsers
U02755,65,Android,9,5.9,16,1,1,39,3,0,3,At-Risk/Dormant
U02756,59,Web,25,11.2,77,20,2,3,11,0,2,Steady Engagers
U02757,60,Android,24,14.3,79,18,6,10,10,0,2,Steady Engagers
U02758,48,Android,20,9.0,54,10,0,23,7,0,1,Casual Browsers
U02759,35,Android,25,12.1,81,19,5,18,11,0,2,Steady Engagers
U02760,38,iOS,14,8.8,29,7,1,27,7,0,1,Casual Browsers
U02761,24,Android,21,12.9,70,18,5,18,8,0,2,Steady Engagers
U02762,38,Web,6,0.5,16,0,0,48,5,1,3,At-Risk/Dormant
U02763,35,Android,17,7.6,49,7,0,26,12,0,1,Casual Browsers
U02764,19,Android,12,7.8,23,2,0,28,11,0,1,Casual Browsers
U02765,27,iOS,25,12.4,74,15,6,22,12,0,2,Steady Engagers
U02766,43,Android,15,7.7,38,7,1,39,8,0,1,Casual Browsers
U02767,35,iOS,7,1.4,19,2,0,38,2,1,3,At-Risk/Dormant
U02768,65,Android,14,12.0,47,7,1,19,11,0,1,Casual Browsers
U02769,40,Web,5,3.6,7,0,0,60,0,1,3,At-Risk/Dormant
U02770,64,iOS,36,9.7,115,20,5,7,17,0,0,Power Users
U02771,49,Android,22,8.1,57,10,2,27,8,0,1,Casual Browsers
U02772,19,Android,10,4.7,25,6,1,34,6,0,3,At-Risk/Dormant
U02773,27,Android,8,1.6,18,1,0,41,3,1,3,At-Risk/Dormant
U02774,51,Web,27,10.3,65,13,1,17,5,0,1,Casual Browsers
U02775,44,iOS,25,16.7,64,21,5,13,9,0,2,Steady Engagers
U02776,32,Android,4,2.9,13,2,1,34,4,0,3,At-Risk/Dormant
U02777,43,Android,22,9.0,53,3,1,21,7,0,1,Casual Browsers
U02778,61,Web,7,4.2,18,4,0,34,4,1,3,At-Risk/Dormant
U02779,36,Android,44,20.3,172,59,14,0,14,0,0,Power Users
U02780,20,iOS,27,10.6,61,9,1,20,6,0,1,Casual Browsers
U02781,32,iOS,25,7.8,64,11,0,31,12,0,1,Casual Browsers
U02782,62,Android,30,19.0,93,20,3,3,16,0,2,Steady Engagers
U02783,54,iOS,13,8.2,24,3,0,30,5,1,3,At-Risk/Dormant
U02784,58,Android,16,9.5,47,15,2,21,10,0,1,Casual Browsers
U02785,61,Android,13,11.8,46,8,1,24,7,1,1,Casual Browsers
U02786,23,Web,15,5.5,34,8,2,33,11,0,1,Casual Browsers
U02787,31,iOS,14,12.1,35,7,1,33,9,0,1,Casual Browsers
U02788,20,Web,32,16.4,104,27,6,3,10,0,0,Power Users
U02789,18,iOS,31,15.8,96,28,7,10,15,0,0,Power Users
U02790,58,Android,17,6.5,49,13,0,24,8,0,1,Casual Browsers
U02791,62,iOS,11,1.2,18,1,0,37,5,1,3,At-Risk/Dormant
U02792,25,iOS,24,13.9,76,14,3,11,11,0,2,Steady Engagers
U02793,52,Android,21,7.8,54,8,1,30,6,0,1,Casual Browsers
U02794,43,Android,18,8.3,56,14,0,34,9,0,1,Casual Browsers
U02795,21,iOS,34,13.1,108,25,0,14,13,0,2,Steady Engagers
U02796,61,iOS,29,11.9,86,18,3,18,11,0,2,Steady Engagers
U02797,59,Android,26,9.8,66,8,1,19,4,0,1,Casual Browsers
U02798,45,Web,6,7.5,18,2,0,44,5,1,3,At-Risk/Dormant
U02799,51,Android,34,14.6,102,24,6,5,14,0,0,Power Users
U02800,37,Android,16,15.1,66,15,3,17,4,0,2,Steady Engagers
U02801,56,Android,10,6.8,18,3,0,35,4,0,3,At-Risk/Dormant
U02802,39,Web,18,6.6,57,16,3,32,3,0,1,Casual Browsers
U02803,65,Android,16,11.1,52,13,4,20,5,0,1,Casual Browsers
U02804,21,iOS,32,13.9,112,30,8,18,16,0,0,Power Users
U02805,26,Android,19,6.8,41,5,1,21,7,0,1,Casual Browsers
U02806,64,iOS,11,5.8,18,1,0,40,6,0,3,At-Risk/Dormant
U02807,31,iOS,13,8.4,38,5,2,26,2,0,1,Casual Browsers
U02808,32,Android,15,10.4,39,7,0,23,5,0,1,Casual Browsers
U02809,55,Web,19,3.4,48,7,0,27,2,0,3,At-Risk/Dormant
U02810,27,Android,18,5.7,43,10,0,15,10,0,1,Casual Browsers
U02811,42,Android,18,6.1,34,7,1,28,5,0,1,Casual Browsers
U02812,31,iOS,16,9.0,48,11,0,20,6,0,1,Casual Browsers
U02813,27,iOS,20,11.7,59,16,4,19,13,0,2,Steady Engagers
U02814,64,Android,10,0.5,18,1,0,35,1,1,3,At-Risk/Dormant
U02815,27,iOS,14,7.5,33,9,1,29,2,0,1,Casual Browsers
U02816,22,Android,11,8.9,34,4,1,33,5,0,1,Casual Browsers
U02817,50,iOS,11,7.1,20,3,0,42,2,0,3,At-Risk/Dormant
U02818,59,iOS,25,13.9,79,17,0,15,11,0,2,Steady Engagers
U02819,24,Web,26,10.0,101,28,3,15,10,0,2,Steady Engagers
U02820,51,iOS,10,3.8,22,2,0,36,1,1,3,At-Risk/Dormant
U02821,43,iOS,28,14.6,91,25,6,7,13,0,0,Power Users
U02822,57,iOS,28,12.5,93,23,4,9,11,0,2,Steady Engagers
U02823,24,Android,18,7.3,44,6,1,19,8,0,1,Casual Browsers
U02824,64,Android,6,6.0,8,2,0,37,6,1,3,At-Risk/Dormant
U02825,47,Web,16,8.6,39,5,2,27,8,0,1,Casual Browsers
U02826,58,Android,20,10.8,48,15,0,22,12,0,1,Casual Browsers
U02827,35,iOS,10,5.8,17,1,0,44,2,0,3,At-Risk/Dormant
U02828,63,Android,28,12.3,83,19,1,16,9,0,2,Steady Engagers
U02829,48,Web,12,2.2,23,0,0,42,2,1,3,At-Risk/Dormant
U02830,24,Android,13,5.4,23,3,0,37,5,1,3,At-Risk/Dormant
U02831,62,Web,2,2.6,5,0,0,51,0,1,3,At-Risk/Dormant
U02832,56,iOS,26,12.6,93,31,6,4,10,0,0,Power Users
U02833,32,Android,13,9.1,34,2,0,34,8,0,1,Casual Browsers
U02834,44,iOS,13,7.4,24,3,0,38,3,0,3,At-Risk/Dormant
U02835,36,iOS,13,6.8,26,2,0,36,4,0,3,At-Risk/Dormant
U02836,44,Android,29,15.9,101,25,6,21,15,0,0,Power Users
U02837,64,Android,15,7.9,49,4,0,27,5,0,1,Casual Browsers
U02838,61,iOS,13,6.2,22,5,0,28,10,0,1,Casual Browsers
U02839,28,iOS,30,14.4,73,18,4,23,13,0,2,Steady Engagers
U02840,64,Android,14,8.5,34,6,1,25,7,0,1,Casual Browsers
U02841,39,Web,13,8.1,42,7,1,31,4,0,1,Casual Browsers
U02842,51,Android,22,15.7,84,17,1,13,11,0,2,Steady Engagers
U02843,54,Android,29,11.5,98,31,2,2,11,0,2,Steady Engagers
U02844,41,iOS,33,15.5,109,28,5,4,8,0,0,Power Users
U02845,39,Android,25,8.8,85,23,2,16,6,0,2,Steady Engagers
U02846,39,Android,24,14.3,89,27,5,8,10,0,2,Steady Engagers
U02847,59,iOS,29,10.1,75,17,4,12,10,0,2,Steady Engagers
U02848,36,Android,24,13.2,65,14,0,23,13,0,2,Steady Engagers
U02849,31,Android,9,6.3,15,1,0,47,6,0,3,At-Risk/Dormant
U02850,35,iOS,7,5.4,27,4,0,41,8,1,3,At-Risk/Dormant
U02851,27,iOS,34,10.9,111,30,4,1,21,0,0,Power Users
U02852,36,Web,7,0.5,8,1,0,49,0,1,3,At-Risk/Dormant
U02853,23,iOS,16,8.1,46,6,2,21,12,0,1,Casual Browsers
U02854,22,iOS,17,9.4,40,6,1,33,4,0,1,Casual Browsers
U02855,52,Android,18,8.1,42,6,0,23,4,0,1,Casual Browsers
U02856,21,iOS,17,7.1,43,6,2,24,7,1,1,Casual Browsers
U02857,45,Android,24,5.4,76,16,3,17,8,0,2,Steady Engagers
U02858,55,Android,30,18.2,107,30,6,0,8,0,0,Power Users
U02859,52,Web,29,12.9,113,33,5,3,12,0,0,Power Users
U02860,39,iOS,24,7.2,63,10,4,20,8,0,2,Steady Engagers
U02861,27,iOS,17,9.3,34,6,0,24,5,0,1,Casual Browsers
U02862,62,Android,15,7.8,34,2,1,34,4,0,3,At-Risk/Dormant
U02863,58,Android,17,8.3,33,3,1,23,4,0,1,Casual Browsers
U02864,47,iOS,22,9.4,55,13,2,23,4,0,1,Casual Browsers
U02865,22,iOS,15,10.4,38,10,1,29,8,0,1,Casual Browsers
U02866,19,iOS,41,6.2,135,21,2,8,8,0,2,Steady Engagers
U02867,33,Android,20,11.2,73,14,0,21,6,0,1,Casual Browsers
U02868,25,Android,8,0.5,23,2,0,35,2,0,3,At-Risk/Dormant
U02869,59,iOS,31,13.2,103,21,5,4,11,0,0,Power Users
U02870,27,iOS,12,6.7,23,3,0,35,6,1,3,At-Risk/Dormant
U02871,31,Android,19,7.3,46,11,2,21,9,0,1,Casual Browsers
U02872,64,Android,23,11.7,61,13,0,19,6,0,1,Casual Browsers
U02873,57,Android,25,4.5,77,18,4,15,8,0,2,Steady Engagers
U02874,28,Android,12,4.3,31,5,1,32,6,0,3,At-Risk/Dormant
U02875,36,iOS,21,8.0,60,12,2,18,6,0,1,Casual Browsers
U02876,42,Android,10,1.3,21,3,0,42,3,0,3,At-Risk/Dormant
U02877,49,iOS,27,9.1,69,11,2,22,3,0,1,Casual Browsers
U02878,62,iOS,30,18.4,84,22,1,13,17,0,2,Steady Engagers
U02879,59,Web,13,8.8,27,2,0,29,8,0,1,Casual Browsers
U02880,64,Web,16,10.3,44,5,2,24,8,0,1,Casual Browsers
U02881,19,Android,5,3.8,9,0,0,41,5,1,3,At-Risk/Dormant
U02882,29,Android,25,6.8,67,16,4,17,9,0,2,Steady Engagers
U02883,45,Android,14,12.0,34,4,0,24,5,0,1,Casual Browsers
U02884,20,iOS,18,13.0,53,10,2,19,9,0,1,Casual Browsers
U02885,35,Android,19,12.7,60,17,4,15,12,0,2,Steady Engagers
U02886,25,Android,19,12.3,52,8,0,20,12,0,1,Casual Browsers
U02887,62,Android,36,18.3,131,36,6,0,16,0,0,Power Users
U02888,21,Android,29,15.1,98,21,1,12,25,0,2,Steady Engagers
U02889,25,iOS,20,10.0,60,13,1,16,5,0,1,Casual Browsers
U02890,27,iOS,29,13.3,86,19,6,3,10,0,2,Steady Engagers
U02891,25,iOS,20,6.1,56,8,1,22,7,0,1,Casual Browsers
U02892,45,Web,18,0.5,57,17,2,24,13,1,1,Casual Browsers
U02893,35,Android,15,8.3,40,8,1,23,4,1,1,Casual Browsers
U02894,61,Android,24,9.8,71,11,1,23,6,0,1,Casual Browsers
U02895,30,Android,20,16.8,77,24,6,9,7,0,2,Steady Engagers
U02896,43,iOS,15,6.6,39,8,2,29,6,0,1,Casual Browsers
U02897,49,iOS,17,10.6,51,8,3,17,7,0,1,Casual Browsers
U02898,48,Android,25,10.7,87,20,1,40,9,0,2,Steady Engagers
U02899,56,Web,23,13.1,86,20,1,11,11,0,2,Steady Engagers
U02900,27,Android,11,3.6,19,3,1,40,10,0,3,At-Risk/Dormant
U02901,42,Android,17,5.1,38,4,2,28,6,0,1,Casual Browsers
U02902,56,iOS,15,4.0,33,4,0,29,1,0,3,At-Risk/Dormant
U02903,59,Web,25,15.3,84,26,3,13,13,0,2,Steady Engagers
U02904,47,iOS,15,4.0,40,7,0,26,7,0,1,Casual Browsers
U02905,49,Web,13,6.9,29,4,0,31,6,1,3,At-Risk/Dormant
U02906,59,Android,21,12.9,60,10,0,16,4,0,1,Casual Browsers
U02907,47,iOS,15,2.7,44,3,0,33,5,0,3,At-Risk/Dormant
U02908,63,Web,29,13.3,108,42,9,33,10,0,0,Power Users
U02909,24,iOS,15,6.9,33,6,2,28,6,0,1,Casual Browsers
U02910,34,Android,37,17.7,129,31,2,5,14,0,0,Power Users
U02911,23,Web,15,10.0,30,4,1,30,2,1,1,Casual Browsers
U02912,22,Android,29,16.6,89,25,4,17,8,0,2,Steady Engagers
U02913,40,Android,19,9.1,39,4,0,25,11,0,1,Casual Browsers
U02914,28,Web,15,10.2,35,5,0,25,5,0,1,Casual Browsers
U02915,37,Web,33,13.5,85,24,4,18,10,0,2,Steady Engagers
U02916,39,Web,14,16.0,36,7,0,24,6,0,1,Casual Browsers
U02917,47,Web,10,6.9,24,6,0,29,1,0,3,At-Risk/Dormant
U02918,63,Android,25,5.8,73,14,3,14,6,0,2,Steady Engagers
U02919,58,Web,13,4.5,26,1,0,36,1,0,3,At-Risk/Dormant
U02920,36,Android,24,13.9,79,21,1,12,14,0,2,Steady Engagers
U02921,33,iOS,19,11.1,52,11,1,19,12,0,1,Casual Browsers
U02922,54,Android,17,9.3,30,5,1,31,3,0,1,Casual Browsers
U02923,23,Web,11,6.2,29,4,0,26,6,1,1,Casual Browsers
U02924,43,iOS,11,9.5,32,8,0,39,5,1,3,At-Risk/Dormant
U02925,38,Web,15,3.0,31,3,0,28,7,0,3,At-Risk/Dormant
U02926,26,Android,18,9.7,38,4,1,22,8,1,1,Casual Browsers
U02927,47,Android,4,0.6,7,2,0,49,2,1,3,At-Risk/Dormant
U02928,33,Android,19,6.8,50,14,0,19,8,0,1,Casual Browsers
U02929,26,Android,11,6.2,25,3,0,33,3,0,3,At-Risk/Dormant
U02930,49,iOS,12,4.6,34,2,1,27,1,0,3,At-Risk/Dormant
U02931,26,Android,21,13.7,61,12,2,16,4,0,1,Casual Browsers
U02932,50,iOS,10,6.2,28,1,0,37,2,1,3,At-Risk/Dormant
U02933,25,Android,11,7.5,16,3,0,40,5,1,3,At-Risk/Dormant
U02934,38,Android,38,14.9,124,22,4,5,11,0,0,Power Users
U02935,56,iOS,12,6.1,19,3,0,39,2,1,3,At-Risk/Dormant
U02936,28,Android,18,8.0,53,9,0,31,7,0,1,Casual Browsers
U02937,54,Android,12,10.0,20,4,0,31,6,0,1,Casual Browsers
U02938,52,Android,25,16.3,62,13,3,21,13,0,2,Steady Engagers
U02939,61,Android,17,3.4,32,5,1,31,6,0,3,At-Risk/Dormant
U02940,26,iOS,7,11.4,16,3,1,34,9,0,1,Casual Browsers
U02941,52,Android,12,5.1,31,2,0,29,2,0,3,At-Risk/Dormant
U02942,62,Android,23,12.8,60,15,1,11,15,0,2,Steady Engagers
U02943,54,iOS,21,13.1,57,5,0,41,7,0,1,Casual Browsers
U02944,27,iOS,11,4.7,33,14,1,29,3,0,3,At-Risk/Dormant
U02945,57,iOS,28,17.4,106,27,5,3,19,0,0,Power Users
U02946,23,Android,7,4.8,11,1,1,40,2,1,3,At-Risk/Dormant
U02947,46,Web,2,2.2,3,0,0,44,4,1,3,At-Risk/Dormant
U02948,41,Android,23,9.6,61,14,2,17,10,0,2,Steady Engagers
U02949,43,Android,12,6.0,24,1,0,32,10,0,1,Casual Browsers
U02950,42,Web,19,9.8,41,9,2,25,12,0,1,Casual Browsers
U02951,19,iOS,31,18.0,125,43,6,0,15,0,0,Power Users
U02952,42,iOS,21,13.5,57,8,1,28,8,0,1,Casual Browsers
U02953,62,Web,19,15.5,51,16,2,12,17,0,2,Steady Engagers
U02954,38,Android,16,6.8,43,6,0,21,4,1,1,Casual Browsers
U02955,31,Web,11,4.4,26,5,2,26,9,0,1,Casual Browsers
U02956,65,iOS,12,9.5,38,11,1,33,5,0,1,Casual Browsers
U02957,22,Android,17,6.0,38,7,1,27,6,0,1,Casual Browsers
U02958,41,Android,29,16.4,100,30,3,0,17,0,0,Power Users
U02959,42,Android,32,12.1,102,23,3,5,12,0,2,Steady Engagers
U02960,40,Web,26,17.4,78,12,2,11,15,0,2,Steady Engagers
U02961,62,Android,25,15.2,71,18,2,11,7,0,2,Steady Engagers
U02962,38,Android,10,4.1,20,1,1,31,3,0,3,At-Risk/Dormant
U02963,64,iOS,11,5.0,28,5,1,27,5,0,3,At-Risk/Dormant
U02964,21,iOS,20,9.0,48,4,2,17,11,0,1,Casual Browsers
U02965,53,Android,26,7.7,81,19,2,15,14,0,2,Steady Engagers
U02966,46,Web,10,5.5,17,0,0,37,4,1,3,At-Risk/Dormant
U02967,29,iOS,31,12.9,85,21,3,13,10,0,2,Steady Engagers
U02968,28,Web,23,9.3,59,12,1,17,10,0,2,Steady Engagers
U02969,52,Android,13,4.6,24,7,0,33,3,0,3,At-Risk/Dormant
U02970,48,Android,28,11.9,102,25,3,4,7,0,2,Steady Engagers
U02971,47,iOS,24,8.9,63,11,2,20,8,0,1,Casual Browsers
U02972,20,Android,26,15.9,65,9,0,11,7,0,2,Steady Engagers
U02973,46,iOS,20,12.1,55,13,1,8,6,0,2,Steady Engagers
U02974,65,Android,12,4.1,36,5,1,39,2,0,3,At-Risk/Dormant
U02975,18,iOS,27,12.9,106,29,2,13,14,0,2,Steady Engagers
U02976,40,Web,19,8.3,61,12,0,18,10,0,1,Casual Browsers
U02977,41,Web,20,10.4,57,12,1,25,9,0,1,Casual Browsers
U02978,61,Web,36,13.3,131,30,5,0,16,0,0,Power Users
U02979,31,Web,37,14.5,117,29,4,4,12,0,0,Power Users
U02980,40,Android,35,15.7,156,51,7,0,10,0,0,Power Users
U02981,52,Android,12,10.8,39,8,1,31,6,1,1,Casual Browsers
U02982,20,Web,34,8.9,94,19,4,13,12,0,2,Steady Engagers
U02983,56,Web,36,10.4,96,20,6,15,17,0,0,Power Users
U02984,57,Web,12,7.3,25,7,0,38,11,0,1,Casual Browsers
U02985,52,iOS,12,9.0,31,3,0,28,10,1,1,Casual Browsers
U02986,49,Android,35,20.8,133,36,8,0,15,0,0,Power Users
U02987,53,Web,9,5.4,36,3,2,32,4,1,3,At-Risk/Dormant
U02988,55,Web,10,7.4,28,3,0,30,4,1,3,At-Risk/Dormant
U02989,61,iOS,15,6.7,39,7,0,31,8,0,1,Casual Browsers
U02990,38,Web,9,9.6,19,0,0,36,9,0,3,At-Risk/Dormant
U02991,39,iOS,11,9.9,29,4,0,30,6,0,1,Casual Browsers
U02992,48,Web,8,6.7,12,0,0,40,2,1,3,At-Risk/Dormant
U02993,27,Android,20,12.7,51,9,1,18,6,0,1,Casual Browsers
U02994,59,Web,9,6.3,21,2,0,33,6,1,3,At-Risk/Dormant
U02995,54,Android,16,7.3,40,6,0,30,7,1,1,Casual Browsers
U02996,48,Android,29,8.0,84,20,1,19,9,0,2,Steady Engagers
U02997,32,Android,19,8.4,46,10,0,23,7,0,1,Casual Browsers
U02998,34,iOS,9,6.9,15,4,0,38,6,0,3,At-Risk/Dormant
U02999,38,Android,36,18.3,122,32,5,17,20,0,0,Power Users
U03000,49,Web,23,10.3,52,8,1,28,8,0,1,Casual Browsers
U03001,55,iOS,24,12.1,79,25,2,13,16,0,2,Steady Engagers
U03002,50,Web,20,13.2,38,6,0,24,8,0,1,Casual Browsers
U03003,62,Android,18,12.1,52,15,1,17,11,0,2,Steady Engagers
U03004,64,Android,23,12.5,54,13,0,15,17,0,2,Steady Engagers
U03005,51,iOS,11,13.4,19,5,0,32,7,0,1,Casual Browsers
U03006,35,iOS,23,11.1,65,13,2,17,20,0,2,Steady Engagers
U03007,46,iOS,9,6.0,30,2,0,47,8,1,3,At-Risk/Dormant
U03008,38,Web,32,9.0,97,22,2,13,13,0,2,Steady Engagers
U03009,48,Web,20,11.2,58,13,1,20,10,0,1,Casual Browsers
U03010,56,iOS,30,13.4,87,20,3,11,11,0,2,Steady Engagers
U03011,35,Web,25,10.9,64,13,3,12,14,0,2,Steady Engagers
U03012,42,iOS,18,11.9,48,12,2,18,8,0,1,Casual Browsers
U03013,20,iOS,32,19.5,109,35,9,0,15,0,0,Power Users
U03014,53,Android,22,12.3,61,12,3,12,9,0,2,Steady Engagers
U03015,41,Android,47,12.1,152,49,9,0,20,0,0,Power Users
U03016,40,Android,9,15.8,28,3,0,24,11,0,1,Casual Browsers
U03017,43,iOS,10,2.7,24,3,0,32,1,1,3,At-Risk/Dormant
U03018,28,iOS,31,12.2,101,23,1,5,8,0,2,Steady Engagers
U03019,46,Android,4,0.6,13,1,0,37,0,0,3,At-Risk/Dormant
U03020,53,iOS,24,10.2,74,12,1,21,16,0,2,Steady Engagers
U03021,34,Android,28,15.5,94,30,5,2,9,0,0,Power Users
U03022,24,Android,12,6.6,27,4,0,35,1,0,3,At-Risk/Dormant
U03023,36,Web,29,10.2,82,16,4,16,8,0,2,Steady Engagers
U03024,27,Android,10,6.3,27,3,0,39,2,0,3,At-Risk/Dormant
U03025,35,Android,35,17.4,129,50,7,0,9,0,0,Power Users
U03026,48,iOS,25,7.4,57,9,0,18,9,0,1,Casual Browsers
U03027,23,Android,8,0.5,17,1,0,44,1,1,3,At-Risk/Dormant
U03028,53,iOS,25,10.4,80,22,3,10,6,0,2,Steady Engagers
U03029,28,Web,9,7.3,27,3,0,37,3,0,3,At-Risk/Dormant
U03030,60,iOS,6,0.5,8,0,0,53,2,1,3,At-Risk/Dormant
U03031,53,iOS,24,6.3,56,9,2,22,8,0,1,Casual Browsers
U03032,31,Android,38,14.8,132,28,5,2,16,0,0,Power Users
U03033,45,iOS,9,6.9,22,1,0,33,9,0,3,At-Risk/Dormant
U03034,23,Android,20,11.4,65,16,2,7,15,0,2,Steady Engagers
U03035,22,Android,31,16.6,104,27,6,4,7,0,0,Power Users
U03036,63,Web,33,14.0,117,30,2,17,14,0,2,Steady Engagers
U03037,56,Android,28,11.1,73,21,4,9,5,0,2,Steady Engagers
U03038,25,iOS,34,10.5,124,37,7,21,14,0,0,Power Users
U03039,31,Android,22,15.7,62,17,2,10,8,0,2,Steady Engagers
U03040,27,Web,11,8.2,17,2,0,38,3,0,3,At-Risk/Dormant
U03041,36,Android,41,16.3,125,32,10,1,16,0,0,Power Users
U03042,31,Android,24,9.6,73,21,5,11,5,0,2,Steady Engagers
U03043,33,Web,23,21.3,103,29,4,5,9,0,0,Power Users
U03044,43,iOS,21,6.0,48,9,1,28,11,0,1,Casual Browsers
U03045,27,Web,21,8.4,58,8,0,24,7,0,1,Casual Browsers
U03046,60,Android,18,11.6,42,5,0,34,4,0,1,Casual Browsers
U03047,52,iOS,9,7.3,21,2,0,31,6,0,3,At-Risk/Dormant
U03048,54,Web,12,9.8,33,4,2,34,5,1,1,Casual Browsers
U03049,26,iOS,13,6.0,38,6,1,23,3,0,1,Casual Browsers
U03050,51,iOS,6,0.5,12,1,0,53,1,0,3,At-Risk/Dormant
U03051,58,Android,23,12.2,64,11,1,16,11,0,2,Steady Engagers
U03052,26,iOS,17,5.4,40,7,1,35,4,0,3,At-Risk/Dormant
U03053,54,Web,12,12.4,30,6,0,34,1,0,3,At-Risk/Dormant
U03054,35,iOS,26,7.4,74,15,4,20,7,0,2,Steady Engagers
U03055,55,Web,14,9.0,31,8,0,20,7,0,1,Casual Browsers
U03056,40,iOS,11,7.1,23,3,0,32,3,0,3,At-Risk/Dormant
U03057,56,iOS,13,6.8,39,6,1,28,10,0,1,Casual Browsers
U03058,25,Android,21,12.6,57,12,2,10,14,0,2,Steady Engagers
U03059,36,iOS,24,8.8,60,11,2,21,9,0,1,Casual Browsers
U03060,31,Web,16,16.0,50,7,2,18,7,0,1,Casual Browsers
U03061,29,iOS,13,3.5,31,5,0,38,4,1,3,At-Risk/Dormant
U03062,32,Android,20,4.7,53,17,3,28,8,0,1,Casual Browsers
U03063,36,iOS,3,3.9,10,2,0,46,2,1,3,At-Risk/Dormant
U03064,24,iOS,31,15.5,113,40,5,0,11,0,0,Power Users
U03065,51,Web,20,5.2,41,7,3,24,6,0,1,Casual Browsers
U03066,44,Android,40,17.8,132,34,6,0,14,0,0,Power Users
U03067,57,Android,24,13.7,75,18,3,15,13,0,2,Steady Engagers
U03068,51,Android,6,2.5,9,1,1,40,2,1,3,At-Risk/Dormant
U03069,25,Android,30,12.2,107,24,5,0,11,0,0,Power Users
U03070,21,Web,7,4.1,6,0,0,48,1,1,3,At-Risk/Dormant
U03071,38,Android,17,10.3,63,9,0,28,10,0,1,Casual Browsers
U03072,41,iOS,28,11.1,71,12,3,16,12,0,2,Steady Engagers
U03073,29,Android,12,8.6,27,4,0,27,7,0,1,Casual Browsers
U03074,55,Android,9,6.5,14,1,0,33,3,1,3,At-Risk/Dormant
U03075,45,Web,40,16.5,154,45,8,5,22,0,0,Power Users
U03076,53,iOS,35,19.3,125,31,5,5,20,0,0,Power Users
U03077,23,Android,25,13.9,80,13,2,11,15,0,2,Steady Engagers
U03078,57,Android,34,10.5,127,39,5,1,15,0,0,Power Users
U03079,27,Web,12,5.1,25,1,0,32,3,1,3,At-Risk/Dormant
U03080,39,Web,22,7.0,59,5,0,34,3,0,1,Casual Browsers
U03081,39,Android,8,5.0,14,1,0,32,4,0,3,At-Risk/Dormant
U03082,57,iOS,33,18.5,115,33,9,1,13,0,0,Power Users
U03083,31,Android,28,14.9,94,26,2,6,10,0,2,Steady Engagers
U03084,29,iOS,32,13.1,101,33,4,0,12,0,0,Power Users
U03085,34,Android,21,9.6,60,16,1,20,7,0,1,Casual Browsers
U03086,35,Web,20,7.9,56,10,1,44,11,1,1,Casual Browsers
U03087,26,Web,4,2.2,11,2,0,41,6,1,3,At-Risk/Dormant
U03088,26,Android,26,18.0,88,22,5,4,8,0,2,Steady Engagers
U03089,29,iOS,5,5.6,17,2,0,38,2,0,3,At-Risk/Dormant
U03090,40,Android,33,16.1,134,32,5,5,14,0,0,Power Users
U03091,34,Android,17,9.0,37,6,2,30,1,0,1,Casual Browsers
U03092,36,Android,27,13.6,83,18,2,16,4,0,2,Steady Engagers
U03093,52,Android,16,10.8,42,8,0,26,4,0,1,Casual Browsers
U03094,29,Web,10,9.8,27,6,0,33,1,0,3,At-Risk/Dormant
U03095,61,Android,20,14.1,68,17,4,10,8,0,2,Steady Engagers
U03096,54,Web,2,0.5,2,1,0,46,0,1,3,At-Risk/Dormant
U03097,26,Android,9,12.9,18,6,0,27,5,0,1,Casual Browsers
U03098,33,iOS,7,6.1,11,1,0,36,3,1,3,At-Risk/Dormant
U03099,26,iOS,14,2.5,29,4,0,33,3,0,3,At-Risk/Dormant
U03100,31,Web,20,9.6,61,15,3,20,13,0,2,Steady Engagers
U03101,35,Android,15,6.4,29,5,0,30,3,1,3,At-Risk/Dormant
U03102,24,Android,7,5.7,22,1,0,52,1,1,3,At-Risk/Dormant
U03103,18,iOS,14,4.4,27,3,0,34,9,0,3,At-Risk/Dormant
U03104,39,iOS,16,5.7,48,6,0,23,8,0,1,Casual Browsers
U03105,51,iOS,9,5.4,16,1,0,48,4,1,3,At-Risk/Dormant
U03106,32,Android,29,11.9,95,29,1,8,13,0,2,Steady Engagers
U03107,59,Android,33,12.2,112,37,3,13,17,0,0,Power Users
U03108,35,Web,5,6.4,11,0,0,39,4,0,3,At-Risk/Dormant
U03109,61,iOS,11,2.5,29,2,0,31,6,1,3,At-Risk/Dormant
U03110,29,iOS,14,5.5,44,4,0,34,1,0,3,At-Risk/Dormant
U03111,43,Android,16,5.2,31,7,1,34,8,0,1,Casual Browsers
U03112,54,Android,15,5.0,21,1,0,49,1,0,3,At-Risk/Dormant
U03113,20,Web,3,1.3,7,2,0,41,0,1,3,At-Risk/Dormant
U03114,62,iOS,10,6.4,22,3,1,37,4,1,3,At-Risk/Dormant
U03115,35,Android,38,17.0,140,37,3,4,17,0,0,Power Users
U03116,41,Web,10,5.9,25,4,1,26,7,0,1,Casual Browsers
U03117,48,iOS,24,14.1,92,25,5,7,13,0,0,Power Users
U03118,48,Android,23,8.4,67,11,2,29,9,0,1,Casual Browsers
U03119,19,Android,15,12.1,33,12,0,29,6,0,1,Casual Browsers
U03120,59,iOS,14,8.5,38,3,1,34,6,0,1,Casual Browsers
U03121,47,Android,19,3.7,48,11,0,26,5,0,1,Casual Browsers
U03122,65,iOS,14,15.6,50,12,2,24,6,0,1,Casual Browsers
U03123,40,iOS,29,14.3,85,15,1,10,10,0,2,Steady Engagers
U03124,47,Android,18,8.2,46,7,1,43,8,0,1,Casual Browsers
U03125,39,Web,13,6.6,27,3,0,28,5,0,3,At-Risk/Dormant
U03126,60,Android,11,9.4,31,6,0,29,6,0,1,Casual Browsers
U03127,57,Android,23,14.2,75,18,2,11,8,0,2,Steady Engagers
U03128,61,iOS,18,17.0,58,19,2,7,11,0,2,Steady Engagers
U03129,42,iOS,34,9.7,92,24,0,15,9,0,2,Steady Engagers
U03130,55,Android,36,7.9,101,25,4,7,8,0,2,Steady Engagers
U03131,35,iOS,12,9.7,33,8,2,25,7,0,1,Casual Browsers
U03132,40,Web,6,2.9,17,2,0,48,2,1,3,At-Risk/Dormant
U03133,54,Web,11,5.3,25,7,0,37,3,0,3,At-Risk/Dormant
U03134,21,Web,17,7.9,45,4,0,36,5,0,1,Casual Browsers
U03135,52,Android,14,3.8,32,2,0,36,3,0,3,At-Risk/Dormant
U03136,18,Android,15,13.6,38,8,2,19,13,0,1,Casual Browsers
U03137,45,iOS,19,10.6,46,16,3,27,4,0,1,Casual Browsers
U03138,40,Android,19,10.9,61,9,1,17,11,0,1,Casual Browsers
U03139,40,iOS,12,0.5,24,3,0,39,2,0,3,At-Risk/Dormant
U03140,41,Android,7,1.1,19,2,0,46,3,1,3,At-Risk/Dormant
U03141,41,Android,21,11.5,65,6,2,24,8,0,1,Casual Browsers
U03142,37,Android,23,9.4,71,16,2,13,15,0,2,Steady Engagers
U03143,39,Android,19,12.7,51,17,2,14,13,0,2,Steady Engagers
U03144,45,Android,30,15.8,91,17,3,12,7,0,2,Steady Engagers
U03145,54,iOS,31,14.8,112,29,6,12,17,0,0,Power Users
U03146,44,iOS,31,15.8,122,35,8,2,10,0,0,Power Users
U03147,48,Android,9,9.7,25,4,1,42,5,0,3,At-Risk/Dormant
U03148,58,Android,21,13.2,78,25,2,14,13,0,2,Steady Engagers
U03149,65,Web,15,10.1,31,8,3,21,7,0,1,Casual Browsers
U03150,23,Android,15,9.2,47,10,0,21,7,0,1,Casual Browsers
U03151,52,iOS,8,5.7,13,3,0,42,4,0,3,At-Risk/Dormant
U03152,28,iOS,50,17.7,167,49,6,0,15,0,0,Power Users
U03153,27,iOS,13,7.9,27,5,0,41,4,1,3,At-Risk/Dormant
U03154,56,Web,18,6.2,48,9,0,27,6,0,1,Casual Browsers
U03155,21,iOS,13,3.2,15,2,0,32,5,0,3,At-Risk/Dormant
U03156,58,Web,9,6.2,13,2,0,41,0,1,3,At-Risk/Dormant
U03157,54,Web,17,3.8,39,7,0,29,3,0,3,At-Risk/Dormant
U03158,65,Android,25,11.5,82,22,1,7,10,0,2,Steady Engagers
U03159,50,Android,28,14.0,86,28,5,9,15,0,0,Power Users
U03160,59,Android,6,5.1,11,2,0,49,1,1,3,At-Risk/Dormant
U03161,23,Android,26,16.0,96,27,6,8,12,0,0,Power Users
U03162,60,iOS,22,9.2,73,16,5,13,4,0,2,Steady Engagers
U03163,25,Android,13,6.9,35,10,1,28,7,0,1,Casual Browsers
U03164,33,Android,20,7.8,41,6,0,23,7,0,1,Casual Browsers
U03165,24,Android,15,4.9,30,6,1,31,3,0,3,At-Risk/Dormant
U03166,37,iOS,39,10.6,154,41,10,2,15,0,0,Power Users
U03167,53,iOS,16,9.9,36,5,0,43,7,0,1,Casual Browsers
U03168,30,Web,24,9.4,83,19,2,20,7,0,2,Steady Engagers
U03169,57,Android,28,11.2,78,22,1,9,9,0,2,Steady Engagers
U03170,47,Android,24,13.8,55,10,0,13,12,0,2,Steady Engagers
U03171,48,Web,26,10.5,84,22,6,22,13,0,2,Steady Engagers
U03172,63,iOS,37,20.2,131,29,6,6,19,0,0,Power Users
U03173,38,iOS,24,10.8,76,17,0,12,10,0,2,Steady Engagers
U03174,34,iOS,25,8.3,63,14,0,19,10,0,1,Casual Browsers
U03175,65,Android,11,7.4,34,8,0,36,10,1,1,Casual Browsers
U03176,44,Web,8,8.3,21,3,0,37,5,0,3,At-Risk/Dormant
U03177,47,iOS,23,12.1,76,18,2,9,12,0,2,Steady Engagers
U03178,32,iOS,9,1.7,14,2,0,42,6,1,3,At-Risk/Dormant
U03179,28,iOS,14,8.7,35,4,0,30,5,0,1,Casual Browsers
U03180,26,Android,13,13.3,59,16,4,17,9,0,2,Steady Engagers
U03181,28,Android,19,8.8,54,15,2,26,9,0,1,Casual Browsers
U03182,27,iOS,23,9.9,63,2,0,21,8,0,1,Casual Browsers
U03183,53,iOS,12,8.2,34,5,0,25,5,0,1,Casual Browsers
U03184,20,Android,22,11.7,60,9,1,39,11,0,1,Casual Browsers
U03185,48,Android,48,18.5,162,39,2,0,15,0,0,Power Users
U03186,63,Web,28,14.2,93,25,4,5,12,0,2,Steady Engagers
U03187,54,Android,14,2.4,39,7,0,35,5,1,3,At-Risk/Dormant
U03188,37,Android,22,10.1,61,10,1,22,9,0,1,Casual Browsers
U03189,20,iOS,18,13.6,47,7,1,34,13,0,1,Casual Browsers
U03190,58,Web,0,4.0,1,0,1,46,1,0,3,At-Risk/Dormant
U03191,18,iOS,8,1.5,19,3,1,50,3,0,3,At-Risk/Dormant
U03192,50,Web,29,14.9,93,21,2,21,10,0,2,Steady Engagers
U03193,50,Android,8,2.7,18,2,0,54,3,0,3,At-Risk/Dormant
U03194,27,Web,13,11.1,32,3,1,42,2,1,3,At-Risk/Dormant
U03195,53,Web,17,11.3,40,3,0,49,5,1,3,At-Risk/Dormant
U03196,26,iOS,4,3.0,7,0,0,39,0,1,3,At-Risk/Dormant
U03197,28,iOS,17,5.7,44,14,1,24,4,0,1,Casual Browsers
U03198,56,Android,21,6.7,59,12,1,32,15,0,1,Casual Browsers
U03199,64,Android,23,9.4,61,14,1,19,12,0,2,Steady Engagers
U03200,30,Android,13,9.9,16,3,1,32,8,1,1,Casual Browsers
U03201,62,Android,10,6.6,16,1,1,29,3,0,3,At-Risk/Dormant
U03202,61,Web,22,11.1,69,10,4,16,8,0,2,Steady Engagers
U03203,54,Android,30,13.3,112,35,6,8,3,0,0,Power Users
U03204,24,iOS,16,9.4,54,12,0,20,3,0,1,Casual Browsers
U03205,32,Android,11,1.8,16,3,0,41,4,0,3,At-Risk/Dormant
U03206,50,Android,9,8.2,29,5,0,37,4,0,3,At-Risk/Dormant
U03207,65,Android,20,15.9,63,26,5,11,7,0,2,Steady Engagers
U03208,57,Android,24,5.2,62,10,0,29,6,0,1,Casual Browsers
U03209,38,iOS,10,2.5,28,3,0,30,5,1,3,At-Risk/Dormant
U03210,29,Web,18,13.9,42,9,1,21,8,0,1,Casual Browsers
U03211,64,Android,30,13.3,85,17,5,23,8,0,2,Steady Engagers
U03212,31,Web,11,5.2,39,6,1,28,7,0,1,Casual Browsers
U03213,34,iOS,10,2.8,15,1,0,42,3,0,3,At-Risk/Dormant
U03214,64,iOS,24,12.7,53,11,1,18,10,0,2,Steady Engagers
U03215,44,Android,8,6.9,13,1,1,37,4,0,3,At-Risk/Dormant
U03216,30,Android,26,12.4,89,22,4,19,10,0,2,Steady Engagers
U03217,18,Web,12,9.4,24,4,0,27,4,0,1,Casual Browsers
U03218,38,iOS,27,13.0,73,18,1,11,8,0,2,Steady Engagers
U03219,65,Android,37,12.0,122,32,3,7,19,0,0,Power Users
U03220,38,Web,9,8.9,19,5,0,43,3,0,3,At-Risk/Dormant
U03221,51,Android,19,12.1,64,19,2,10,11,0,2,Steady Engagers
U03222,30,iOS,12,4.2,26,5,0,36,5,0,3,At-Risk/Dormant
U03223,55,Android,18,12.4,32,6,3,39,8,0,1,Casual Browsers
U03224,55,Web,19,7.0,46,10,0,24,7,0,1,Casual Browsers
U03225,47,Android,19,12.6,47,7,0,31,5,0,1,Casual Browsers
U03226,55,Android,27,14.3,94,27,4,7,8,0,2,Steady Engagers
U03227,45,iOS,9,5.2,23,2,0,41,4,1,3,At-Risk/Dormant
U03228,36,Android,26,15.7,80,19,1,6,14,0,2,Steady Engagers
U03229,53,Web,13,7.9,21,5,0,52,7,1,3,At-Risk/Dormant
U03230,58,iOS,28,14.8,85,11,1,17,15,0,2,Steady Engagers
U03231,58,Android,18,10.4,42,9,0,17,12,0,1,Casual Browsers
U03232,28,Android,23,9.8,66,9,3,25,9,0,1,Casual Browsers
U03233,50,Web,1,0.7,2,0,0,50,1,0,3,At-Risk/Dormant
U03234,18,iOS,31,11.3,77,16,1,14,7,0,2,Steady Engagers
U03235,45,Web,9,4.9,18,3,0,54,2,1,3,At-Risk/Dormant
U03236,45,Android,12,7.0,33,2,2,33,2,0,3,At-Risk/Dormant
U03237,35,Web,10,3.2,21,4,1,36,3,0,3,At-Risk/Dormant
U03238,65,iOS,32,12.9,111,29,4,0,16,0,0,Power Users
U03239,60,iOS,19,8.3,56,12,2,16,11,0,1,Casual Browsers
U03240,19,Android,18,10.4,63,11,1,19,13,0,2,Steady Engagers
U03241,28,Android,15,13.9,51,14,1,22,10,0,1,Casual Browsers
U03242,27,Web,4,2.2,8,2,0,38,5,0,3,At-Risk/Dormant
U03243,61,Web,21,8.4,55,7,0,33,4,0,1,Casual Browsers
U03244,42,Android,9,9.7,14,1,0,41,4,1,3,At-Risk/Dormant
U03245,52,Web,27,11.0,94,30,2,13,9,0,2,Steady Engagers
U03246,56,Android,31,17.1,95,29,3,5,14,0,0,Power Users
U03247,54,Android,20,13.9,62,14,1,16,8,0,2,Steady Engagers
U03248,22,Android,24,13.5,75,23,3,5,13,0,2,Steady Engagers
U03249,24,Android,16,9.7,52,12,3,19,6,0,1,Casual Browsers
U03250,36,Android,7,1.9,16,1,0,41,2,1,3,At-Risk/Dormant
U03251,34,Android,12,7.7,25,4,0,27,8,0,1,Casual Browsers
U03252,53,Android,12,6.2,22,1,0,38,5,0,3,At-Risk/Dormant
U03253,25,iOS,13,5.4,37,8,1,29,2,1,3,At-Risk/Dormant
U03254,35,Web,13,8.4,40,5,0,28,6,0,1,Casual Browsers
U03255,29,iOS,15,7.9,37,7,0,27,6,0,1,Casual Browsers
U03256,27,Android,30,12.9,94,26,3,9,13,0,2,Steady Engagers
U03257,26,iOS,5,4.9,12,1,0,37,1,1,3,At-Risk/Dormant
U03258,27,Android,9,7.4,19,1,0,38,4,0,3,At-Risk/Dormant
U03259,45,iOS,14,4.7,25,2,1,33,9,0,1,Casual Browsers
U03260,37,iOS,29,17.7,125,33,6,8,17,0,0,Power Users
U03261,38,Android,9,2.5,18,2,0,51,2,1,3,At-Risk/Dormant
U03262,41,Android,25,13.9,73,22,1,18,7,0,2,Steady Engagers
U03263,53,Web,10,9.4,22,3,0,32,2,0,3,At-Risk/Dormant
U03264,59,Web,4,4.6,8,1,0,42,1,0,3,At-Risk/Dormant
U03265,43,iOS,8,2.5,10,3,0,38,4,0,3,At-Risk/Dormant
U03266,48,Web,3,3.8,9,0,0,44,1,1,3,At-Risk/Dormant
U03267,53,Web,18,11.9,58,6,0,29,2,0,1,Casual Browsers
U03268,51,Android,31,17.8,101,26,6,15,9,0,0,Power Users
U03269,24,iOS,13,11.1,39,8,1,27,7,0,1,Casual Browsers
U03270,65,Android,15,6.7,27,3,1,27,8,0,1,Casual Browsers
U03271,25,iOS,6,5.9,8,1,0,43,0,0,3,At-Risk/Dormant
U03272,37,Android,23,14.5,65,17,0,11,10,0,2,Steady Engagers
U03273,49,Web,10,3.7,37,3,0,30,5,0,3,At-Risk/Dormant
U03274,37,iOS,13,9.0,20,3,0,50,6,1,3,At-Risk/Dormant
U03275,29,Android,24,13.3,80,18,4,10,13,0,2,Steady Engagers
U03276,62,Android,15,8.0,43,11,0,30,7,0,1,Casual Browsers
U03277,21,Android,21,14.7,70,19,3,14,14,0,2,Steady Engagers
U03278,29,iOS,23,8.1,58,15,1,20,9,0,1,Casual Browsers
U03279,65,Web,28,16.8,92,18,5,6,10,0,2,Steady Engagers
U03280,53,Android,11,4.2,25,1,0,36,4,1,3,At-Risk/Dormant
U03281,22,iOS,16,7.4,35,8,0,18,10,0,1,Casual Browsers
U03282,54,iOS,16,9.2,54,10,2,16,6,0,1,Casual Browsers
U03283,64,Android,24,6.5,83,21,1,15,6,0,2,Steady Engagers
U03284,22,iOS,15,4.3,34,2,0,25,5,0,3,At-Risk/Dormant
U03285,37,Android,13,10.3,37,6,1,32,7,0,1,Casual Browsers
U03286,40,Android,18,0.9,31,5,0,35,4,0,3,At-Risk/Dormant
U03287,24,Android,22,14.6,66,18,1,13,7,0,2,Steady Engagers
U03288,27,Web,3,0.5,6,1,0,47,1,1,3,At-Risk/Dormant
U03289,26,Android,13,9.9,22,4,0,32,3,0,3,At-Risk/Dormant
U03290,26,Android,12,3.5,21,1,0,39,4,0,3,At-Risk/Dormant
U03291,37,iOS,6,1.8,9,3,1,36,7,1,3,At-Risk/Dormant
U03292,40,Web,11,10.6,26,5,2,23,3,0,1,Casual Browsers
U03293,29,iOS,20,5.7,41,3,0,33,2,0,3,At-Risk/Dormant
U03294,31,Android,36,15.9,109,23,4,4,13,0,0,Power Users
U03295,27,iOS,5,4.0,11,1,0,44,4,1,3,At-Risk/Dormant
U03296,56,Android,5,4.5,11,2,0,36,9,1,3,At-Risk/Dormant
U03297,28,iOS,13,4.7,35,1,0,33,4,0,3,At-Risk/Dormant
U03298,61,Android,12,4.7,22,2,0,37,5,0,3,At-Risk/Dormant
U03299,43,Android,25,12.0,78,16,3,16,14,0,2,Steady Engagers
U03300,56,Android,12,6.2,18,1,1,36,5,0,3,At-Risk/Dormant
U03301,48,iOS,8,4.7,23,7,0,36,5,0,3,At-Risk/Dormant
U03302,30,Android,17,10.1,36,10,1,27,13,0,1,Casual Browsers
U03303,46,Android,11,3.9,22,2,0,37,3,1,3,At-Risk/Dormant
U03304,31,iOS,30,8.0,98,24,1,22,9,0,2,Steady Engagers
U03305,23,iOS,28,6.1,76,12,2,20,10,0,2,Steady Engagers
U03306,30,Android,17,8.4,52,8,1,14,8,0,1,Casual Browsers
U03307,31,iOS,10,14.7,14,2,1,33,7,1,1,Casual Browsers
U03308,24,iOS,17,9.9,55,9,1,22,5,0,1,Casual Browsers
U03309,19,Android,13,10.4,41,6,1,28,12,0,1,Casual Browsers
U03310,63,Web,26,16.1,92,17,0,10,14,0,2,Steady Engagers
U03311,42,Web,24,18.8,84,17,3,17,6,0,2,Steady Engagers
U03312,37,Android,27,13.7,99,37,6,13,12,0,0,Power Users
U03313,62,Android,12,3.3,22,2,0,34,3,0,3,At-Risk/Dormant
U03314,28,Android,30,12.3,92,26,3,6,12,0,2,Steady Engagers
U03315,37,Android,11,3.3,20,3,0,43,2,1,3,At-Risk/Dormant
U03316,58,iOS,15,5.0,40,6,1,22,4,0,1,Casual Browsers
U03317,48,Web,7,9.2,25,5,1,40,4,0,3,At-Risk/Dormant
U03318,37,Web,12,5.7,25,4,1,34,5,0,3,At-Risk/Dormant
U03319,30,Android,22,11.2,63,13,0,17,11,0,2,Steady Engagers
U03320,19,Android,10,2.1,21,5,0,33,6,0,3,At-Risk/Dormant
U03321,22,Android,20,13.6,57,11,2,20,11,0,2,Steady Engagers
U03322,25,iOS,19,9.2,44,9,2,28,10,0,1,Casual Browsers
U03323,55,Android,19,12.1,48,12,2,31,3,1,1,Casual Browsers
U03324,48,Web,15,7.5,34,2,1,25,3,0,1,Casual Browsers
U03325,38,Web,23,9.4,59,14,3,21,8,0,2,Steady Engagers
U03326,55,Android,31,11.3,103,21,2,7,12,0,2,Steady Engagers
U03327,25,iOS,6,6.7,14,0,0,38,5,0,3,At-Risk/Dormant
U03328,28,iOS,10,0.5,24,3,0,36,3,1,3,At-Risk/Dormant
U03329,36,Web,5,5.8,16,0,0,52,4,1,3,At-Risk/Dormant
U03330,62,iOS,24,15.0,68,16,1,13,11,0,2,Steady Engagers
U03331,47,Android,13,3.6,34,4,0,28,5,1,3,At-Risk/Dormant
U03332,58,iOS,13,10.9,31,3,0,26,6,0,1,Casual Browsers
U03333,29,Android,28,19.8,98,28,10,2,7,0,0,Power Users
U03334,58,iOS,8,4.0,15,3,0,41,2,0,3,At-Risk/Dormant
U03335,21,Android,15,7.9,37,3,0,37,3,0,3,At-Risk/Dormant
U03336,28,iOS,14,11.3,36,5,1,21,10,0,1,Casual Browsers
U03337,43,Web,4,2.0,11,1,0,55,1,0,3,At-Risk/Dormant
U03338,20,Android,33,12.3,109,27,3,5,12,0,0,Power Users
U03339,59,Android,38,18.6,117,34,2,0,7,0,0,Power Users
U03340,59,iOS,7,3.4,14,4,0,54,4,1,3,At-Risk/Dormant
U03341,43,Android,12,10.5,29,2,1,43,4,1,3,At-Risk/Dormant
U03342,32,iOS,13,10.5,46,12,1,20,9,0,1,Casual Browsers
U03343,22,iOS,20,12.7,58,19,4,14,8,0,2,Steady Engagers
U03344,47,Android,18,7.5,40,5,0,26,3,0,1,Casual Browsers
U03345,43,Web,24,15.1,90,24,2,10,15,0,2,Steady Engagers
U03346,54,iOS,31,12.9,118,28,3,6,19,0,0,Power Users
U03347,46,iOS,35,15.7,85,18,4,7,11,0,2,Steady Engagers
U03348,24,Android,21,11.7,68,18,0,14,12,0,2,Steady Engagers
U03349,23,Android,10,9.0,13,0,0,30,7,1,3,At-Risk/Dormant
U03350,55,Android,25,8.0,68,14,1,17,7,0,1,Casual Browsers
U03351,25,Web,14,6.6,35,6,1,35,3,0,3,At-Risk/Dormant
U03352,63,Web,19,11.4,50,8,2,26,4,0,1,Casual Browsers
U03353,23,Web,6,12.2,14,2,1,40,7,0,3,At-Risk/Dormant
U03354,52,Android,31,15.3,106,29,4,22,14,0,0,Power Users
U03355,64,iOS,18,10.3,55,11,1,14,4,0,1,Casual Browsers
U03356,39,iOS,20,7.7,73,12,1,19,12,0,2,Steady Engagers
U03357,20,iOS,13,8.0,35,6,0,38,6,0,3,At-Risk/Dormant
U03358,60,Android,14,8.7,25,2,0,49,4,1,3,At-Risk/Dormant
U03359,26,Web,24,11.1,84,20,5,12,10,0,2,Steady Engagers
U03360,43,Android,14,6.3,32,7,2,28,5,0,1,Casual Browsers
U03361,65,Android,20,8.9,46,8,0,23,8,0,1,Casual Browsers
U03362,53,Web,17,11.3,38,6,0,34,4,1,1,Casual Browsers
U03363,20,iOS,27,13.1,87,20,5,18,10,0,2,Steady Engagers
U03364,57,Android,7,4.6,11,3,0,39,5,0,3,At-Risk/Dormant
U03365,25,iOS,15,6.7,48,6,1,38,11,0,1,Casual Browsers
U03366,53,Web,3,3.4,4,1,0,48,1,1,3,At-Risk/Dormant
U03367,47,Android,22,13.4,59,15,2,17,3,1,1,Casual Browsers
U03368,31,iOS,37,12.1,135,29,5,4,16,0,0,Power Users
U03369,38,Android,16,10.2,46,6,1,33,5,0,1,Casual Browsers
U03370,23,Android,5,5.9,13,2,0,50,0,1,3,At-Risk/Dormant
U03371,65,Android,26,11.1,81,19,0,13,18,0,2,Steady Engagers
U03372,29,iOS,21,10.2,48,8,0,28,7,0,1,Casual Browsers
U03373,32,Android,13,13.3,26,6,0,40,10,0,1,Casual Browsers
U03374,42,Android,18,5.0,47,6,0,26,11,0,1,Casual Browsers
U03375,50,iOS,23,13.5,77,22,3,16,12,0,2,Steady Engagers
U03376,42,iOS,18,8.5,50,9,1,37,8,0,1,Casual Browsers
U03377,42,iOS,13,6.1,27,1,0,33,5,0,3,At-Risk/Dormant
U03378,45,Web,19,10.0,45,11,1,12,7,0,1,Casual Browsers
U03379,59,Android,9,1.8,18,2,0,44,5,0,3,At-Risk/Dormant
U03380,36,Android,16,4.5,45,6,0,30,8,1,1,Casual Browsers
U03381,57,iOS,19,10.1,45,6,0,20,10,0,1,Casual Browsers
U03382,55,iOS,20,7.5,55,12,1,21,7,0,1,Casual Browsers
U03383,64,Android,24,17.4,96,28,3,8,10,0,2,Steady Engagers
U03384,61,Android,16,14.0,55,13,1,19,5,0,1,Casual Browsers
U03385,56,Android,39,14.2,165,37,5,0,18,0,0,Power Users
U03386,29,Android,31,14.0,95,27,6,7,10,0,0,Power Users
U03387,55,Web,22,11.7,71,12,2,19,6,0,2,Steady Engagers
U03388,53,iOS,32,19.3,118,20,2,9,12,0,2,Steady Engagers
U03389,31,Android,6,3.6,10,0,0,36,4,1,3,At-Risk/Dormant
U03390,50,iOS,8,3.9,13,1,0,42,1,1,3,At-Risk/Dormant
U03391,30,iOS,25,17.5,86,18,3,16,8,0,2,Steady Engagers
U03392,43,Android,11,0.5,13,2,0,45,2,1,3,At-Risk/Dormant
U03393,56,Android,21,16.8,77,16,6,10,8,0,2,Steady Engagers
U03394,27,iOS,25,10.9,74,21,1,13,6,0,2,Steady Engagers
U03395,34,Android,16,2.1,33,8,1,31,5,0,3,At-Risk/Dormant
U03396,56,iOS,28,15.5,84,20,5,10,12,0,2,Steady Engagers
U03397,39,iOS,6,7.6,12,1,0,30,3,0,3,At-Risk/Dormant
U03398,64,iOS,6,4.9,12,1,0,44,3,1,3,At-Risk/Dormant
U03399,18,Web,7,8.6,21,1,0,32,5,0,3,At-Risk/Dormant
U03400,52,iOS,11,7.4,27,7,0,29,9,1,1,Casual Browsers
U03401,57,iOS,31,18.1,98,16,4,12,13,0,2,Steady Engagers
U03402,62,Android,17,13.3,44,14,1,21,10,0,1,Casual Browsers
U03403,25,iOS,4,3.8,6,0,0,42,1,1,3,At-Risk/Dormant
U03404,65,Web,5,5.3,6,0,0,38,4,1,3,At-Risk/Dormant
U03405,36,Web,32,18.0,107,24,4,6,6,0,0,Power Users
U03406,34,Web,6,4.5,14,0,1,42,2,0,3,At-Risk/Dormant
U03407,35,Android,12,5.1,24,4,0,26,7,0,3,At-Risk/Dormant
U03408,48,iOS,4,3.5,15,1,0,41,0,1,3,At-Risk/Dormant
U03409,49,Web,3,1.1,5,1,0,46,0,1,3,At-Risk/Dormant
U03410,40,iOS,27,11.2,65,15,3,15,6,0,2,Steady Engagers
U03411,21,iOS,8,3.6,16,3,0,34,2,1,3,At-Risk/Dormant
U03412,65,iOS,15,5.9,38,8,0,29,11,0,1,Casual Browsers
U03413,28,iOS,19,11.5,46,6,0,31,5,0,1,Casual Browsers
U03414,22,Android,16,5.6,44,10,0,31,7,0,1,Casual Browsers
U03415,46,Android,11,9.0,31,7,1,24,9,0,1,Casual Browsers
U03416,37,Web,37,12.7,128,38,4,18,18,0,0,Power Users
U03417,47,Web,14,6.8,43,5,0,30,6,0,1,Casual Browsers
U03418,60,Web,11,6.4,23,4,0,32,5,0,3,At-Risk/Dormant
U03419,22,Android,8,0.5,14,1,0,40,1,1,3,At-Risk/Dormant
U03420,31,Android,26,12.5,84,26,4,10,15,0,2,Steady Engagers
U03421,42,Android,3,2.8,3,0,0,52,1,0,3,At-Risk/Dormant
U03422,55,Web,3,2.7,4,0,0,47,0,1,3,At-Risk/Dormant
U03423,46,iOS,24,7.6,65,13,2,23,7,0,1,Casual Browsers
U03424,36,Web,27,12.2,63,14,0,11,13,0,2,Steady Engagers
U03425,47,Android,14,9.6,41,9,2,25,12,0,1,Casual Browsers
U03426,65,iOS,22,10.8,66,14,1,19,17,0,2,Steady Engagers
U03427,41,iOS,9,4.0,21,3,0,36,4,0,3,At-Risk/Dormant
U03428,60,Android,7,4.1,17,2,0,57,3,1,3,At-Risk/Dormant
U03429,55,Web,16,7.9,40,6,0,30,8,0,1,Casual Browsers
U03430,32,iOS,26,16.5,96,23,6,12,14,0,0,Power Users
U03431,29,Android,12,14.2,35,13,1,24,3,0,1,Casual Browsers
U03432,54,Android,24,14.9,67,23,3,9,5,0,2,Steady Engagers
U03433,27,Web,34,14.9,120,42,4,11,13,0,0,Power Users
U03434,34,iOS,5,9.7,9,0,0,36,4,0,3,At-Risk/Dormant
U03435,29,iOS,9,5.0,25,5,0,35,4,1,3,At-Risk/Dormant
U03436,47,iOS,16,7.9,38,9,0,27,8,0,1,Casual Browsers
U03437,32,Android,10,5.9,28,5,1,36,6,0,3,At-Risk/Dormant
U03438,49,iOS,18,11.9,54,6,1,22,8,0,1,Casual Browsers
U03439,62,Web,6,3.0,12,0,0,43,5,1,3,At-Risk/Dormant
U03440,57,Android,4,4.6,11,0,0,49,3,1,3,At-Risk/Dormant
U03441,63,iOS,15,8.9,32,7,2,33,9,0,1,Casual Browsers
U03442,19,Android,16,6.9,28,5,1,32,6,0,1,Casual Browsers
U03443,39,Android,31,12.4,107,33,5,7,14,0,0,Power Users
U03444,28,Android,12,8.7,32,7,0,32,3,0,3,At-Risk/Dormant
U03445,62,Web,30,18.7,115,32,3,3,16,0,0,Power Users
U03446,52,Android,34,16.1,117,31,6,10,17,0,0,Power Users
U03447,33,Android,16,15.0,48,6,0,18,8,0,1,Casual Browsers
U03448,45,iOS,20,14.8,54,11,0,14,8,0,1,Casual Browsers
U03449,47,Android,36,19.1,115,28,8,0,16,0,0,Power Users
U03450,41,iOS,6,8.4,9,2,0,37,0,1,3,At-Risk/Dormant
U03451,40,Web,20,16.5,65,19,5,15,9,0,2,Steady Engagers
U03452,20,Android,30,14.6,102,30,5,13,13,0,0,Power Users
U03453,39,Android,21,10.9,55,8,2,29,8,0,1,Casual Browsers
U03454,34,Web,10,10.1,24,5,0,29,2,0,3,At-Risk/Dormant
U03455,57,Android,20,10.3,66,22,4,16,9,0,2,Steady Engagers
U03456,59,Android,11,13.1,24,0,0,20,6,1,1,Casual Browsers
U03457,54,Web,26,14.4,56,8,0,14,4,0,1,Casual Browsers
U03458,19,Web,17,11.2,46,9,0,25,10,0,1,Casual Browsers
U03459,58,iOS,22,7.8,56,14,1,22,12,0,1,Casual Browsers
U03460,37,iOS,17,10.8,43,9,2,19,7,0,1,Casual Browsers
U03461,37,Web,12,10.8,29,6,3,30,6,0,1,Casual Browsers
U03462,63,iOS,18,13.6,51,10,2,15,9,0,2,Steady Engagers
U03463,59,iOS,15,10.5,41,6,1,25,8,0,1,Casual Browsers
U03464,20,Web,9,3.3,18,0,1,40,2,1,3,At-Risk/Dormant
U03465,35,iOS,28,20.2,88,20,4,12,10,0,2,Steady Engagers
U03466,53,iOS,44,14.1,158,50,6,8,15,0,0,Power Users
U03467,43,Android,12,8.1,42,11,4,20,4,0,1,Casual Browsers
U03468,30,iOS,8,5.0,16,2,1,36,7,1,3,At-Risk/Dormant
U03469,43,iOS,16,17.5,51,10,3,19,9,0,2,Steady Engagers
U03470,59,Android,28,16.6,97,27,5,9,10,0,0,Power Users
U03471,28,Android,5,1.0,8,0,0,47,2,1,3,At-Risk/Dormant
U03472,53,Web,9,10.1,14,1,1,40,4,0,3,At-Risk/Dormant
U03473,53,Android,8,3.9,20,2,0,41,8,1,3,At-Risk/Dormant
U03474,60,Android,6,2.7,15,2,1,38,3,0,3,At-Risk/Dormant
U03475,32,Android,16,8.9,49,12,2,17,9,0,1,Casual Browsers
U03476,28,Android,30,16.5,104,28,5,3,14,0,0,Power Users
U03477,44,iOS,12,10.4,33,11,0,28,7,0,1,Casual Browsers
U03478,43,Android,6,4.8,9,1,0,41,4,1,3,At-Risk/Dormant
U03479,37,Android,9,11.9,16,1,0,26,3,0,1,Casual Browsers
U03480,55,Web,21,10.0,39,5,0,22,11,0,1,Casual Browsers
U03481,56,Android,12,7.6,27,4,0,28,3,0,3,At-Risk/Dormant
U03482,29,Android,18,13.6,48,12,2,12,9,0,2,Steady Engagers
U03483,56,Web,21,13.0,48,4,0,28,9,1,1,Casual Browsers
U03484,29,iOS,31,13.3,82,20,3,12,15,0,2,Steady Engagers
U03485,37,iOS,29,14.1,90,20,7,16,10,0,0,Power Users
U03486,19,Web,19,14.8,51,11,1,49,11,0,1,Casual Browsers
U03487,34,Web,31,10.8,76,19,4,14,10,0,2,Steady Engagers
U03488,64,Android,32,17.5,120,29,7,7,15,0,0,Power Users
U03489,39,iOS,12,8.5,28,4,0,25,5,0,1,Casual Browsers
U03490,52,iOS,16,7.1,34,5,1,23,11,0,1,Casual Browsers
U03491,23,Android,18,6.4,52,2,0,29,4,0,1,Casual Browsers
U03492,48,Web,21,12.1,48,7,0,24,11,0,1,Casual Browsers
U03493,35,Android,35,16.0,102,34,6,3,11,0,0,Power Users
U03494,53,Web,10,9.6,30,4,0,26,4,0,1,Casual Browsers
U03495,62,iOS,20,14.1,60,13,3,11,16,0,2,Steady Engagers
U03496,43,iOS,13,6.3,36,9,1,28,5,0,1,Casual Browsers
U03497,22,Android,29,13.4,88,23,5,14,6,0,2,Steady Engagers
U03498,40,Web,21,10.2,45,11,0,16,9,0,1,Casual Browsers
U03499,23,iOS,8,6.4,15,3,0,52,4,1,3,At-Risk/Dormant
U03500,39,Android,30,12.1,110,29,4,8,15,0,0,Power Users
U03501,20,Android,8,7.9,26,3,0,32,3,0,3,At-Risk/Dormant
U03502,48,iOS,11,5.9,22,2,1,32,1,0,3,At-Risk/Dormant
U03503,32,Android,14,10.0,47,8,1,16,9,0,1,Casual Browsers
U03504,27,iOS,6,7.9,24,7,0,30,9,0,1,Casual Browsers
U03505,18,iOS,24,10.2,77,13,3,20,11,0,2,Steady Engagers
U03506,60,Android,10,7.4,18,4,1,35,4,0,3,At-Risk/Dormant
U03507,58,iOS,16,5.7,37,5,0,30,5,0,1,Casual Browsers
U03508,56,Android,16,6.4,31,6,0,25,5,0,1,Casual Browsers
U03509,20,Web,6,0.5,15,1,0,42,1,1,3,At-Risk/Dormant
U03510,34,Web,5,4.0,11,0,1,38,0,0,3,At-Risk/Dormant
U03511,64,Android,20,14.2,56,13,2,16,11,0,2,Steady Engagers
U03512,45,iOS,34,16.5,123,38,0,6,15,0,0,Power Users
U03513,24,iOS,18,6.6,35,7,0,25,7,1,1,Casual Browsers
U03514,24,Web,18,8.3,57,3,0,22,12,0,1,Casual Browsers
U03515,30,Android,26,14.4,75,25,5,19,8,0,2,Steady Engagers
U03516,64,iOS,15,13.9,31,3,0,34,8,0,1,Casual Browsers
U03517,26,Web,6,7.0,15,2,0,31,4,0,3,At-Risk/Dormant
U03518,61,Android,12,4.2,26,5,0,36,1,0,3,At-Risk/Dormant
U03519,50,iOS,13,8.4,23,4,0,37,9,0,1,Casual Browsers
U03520,62,Android,25,13.9,64,15,3,12,7,0,2,Steady Engagers
U03521,57,iOS,24,11.1,65,11,1,26,11,0,2,Steady Engagers
U03522,33,Android,11,8.3,22,3,0,44,4,0,3,At-Risk/Dormant
U03523,57,Web,15,16.5,48,6,0,25,11,0,1,Casual Browsers
U03524,26,Android,26,10.3,86,20,1,15,8,0,2,Steady Engagers
U03525,31,Android,30,13.6,97,21,2,6,15,0,2,Steady Engagers
U03526,28,Web,5,5.8,14,2,0,33,5,1,3,At-Risk/Dormant
U03527,24,Web,25,10.0,85,21,6,14,14,0,2,Steady Engagers
U03528,22,iOS,18,5.9,65,14,0,23,4,0,1,Casual Browsers
U03529,26,iOS,12,8.0,34,9,4,26,5,1,1,Casual Browsers
U03530,23,Android,29,10.7,86,22,3,16,8,0,2,Steady Engagers
U03531,36,iOS,15,8.4,51,3,0,20,6,0,1,Casual Browsers
U03532,21,Android,15,4.8,28,6,0,23,5,0,1,Casual Browsers
U03533,20,Android,20,9.4,47,11,1,17,7,0,1,Casual Browsers
U03534,65,Web,15,4.9,36,3,1,31,6,0,1,Casual Browsers
U03535,22,iOS,24,13.9,84,23,1,17,11,0,2,Steady Engagers
U03536,21,Android,20,9.1,51,7,1,42,10,0,1,Casual Browsers
U03537,19,Android,19,9.2,53,7,0,19,5,0,1,Casual Browsers
U03538,24,Web,2,0.6,1,0,1,44,3,1,3,At-Risk/Dormant
U03539,43,Android,27,12.4,70,9,3,15,8,0,2,Steady Engagers
U03540,57,Android,5,3.3,8,1,0,51,2,1,3,At-Risk/Dormant
U03541,53,Android,17,7.9,43,13,1,24,5,0,1,Casual Browsers
U03542,45,Android,18,11.9,47,9,1,32,7,0,1,Casual Browsers
U03543,22,Android,28,10.1,84,23,4,3,16,0,2,Steady Engagers
U03544,55,Web,13,7.6,35,7,1,47,6,1,3,At-Risk/Dormant
U03545,19,Android,25,10.6,52,10,1,24,8,0,1,Casual Browsers
U03546,48,iOS,25,14.3,71,14,2,15,13,0,2,Steady Engagers
U03547,37,iOS,18,11.5,50,11,1,17,8,0,1,Casual Browsers
U03548,60,iOS,13,2.3,28,4,0,31,7,1,3,At-Risk/Dormant
U03549,32,iOS,18,14.4,49,10,0,21,4,0,1,Casual Browsers
U03550,48,iOS,14,2.6,24,3,0,34,4,0,3,At-Risk/Dormant
U03551,39,iOS,4,2.1,8,1,0,36,1,0,3,At-Risk/Dormant
U03552,43,iOS,30,11.5,113,31,5,13,13,0,0,Power Users
U03553,63,iOS,30,10.2,84,31,5,8,10,0,0,Power Users
U03554,52,iOS,16,4.9,28,7,0,24,5,1,1,Casual Browsers
U03555,37,iOS,14,3.7,35,10,0,33,2,0,3,At-Risk/Dormant
U03556,39,Android,12,3.8,28,4,0,26,5,0,3,At-Risk/Dormant
U03557,51,iOS,21,9.6,56,12,2,22,6,0,1,Casual Browsers
U03558,34,iOS,37,12.9,111,25,6,10,5,0,0,Power Users
U03559,26,Android,17,6.6,42,4,0,37,2,0,3,At-Risk/Dormant
U03560,40,Web,15,5.5,36,6,0,33,6,0,1,Casual Browsers
U03561,21,Android,7,3.4,9,0,0,42,1,1,3,At-Risk/Dormant
U03562,26,Android,12,7.5,41,2,1,24,4,0,1,Casual Browsers
U03563,38,Web,24,10.0,61,5,0,20,4,0,1,Casual Browsers
U03564,56,Android,14,6.1,45,12,2,30,6,0,1,Casual Browsers
U03565,55,Android,11,4.1,36,5,0,34,5,0,3,At-Risk/Dormant
U03566,30,Android,18,12.9,54,10,2,17,14,0,2,Steady Engagers
U03567,38,Web,8,7.1,12,3,0,38,7,0,3,At-Risk/Dormant
U03568,25,iOS,38,17.1,147,41,9,0,18,0,0,Power Users
U03569,54,iOS,30,14.6,95,24,4,8,11,0,2,Steady Engagers
U03570,29,iOS,30,11.8,105,23,5,10,11,0,0,Power Users
U03571,56,iOS,16,8.8,45,7,0,29,8,0,1,Casual Browsers
U03572,58,Web,0,2.6,1,0,0,45,1,1,3,At-Risk/Dormant
U03573,51,Web,26,11.0,71,11,3,20,8,0,2,Steady Engagers
U03574,33,Android,11,6.5,30,4,0,40,8,1,3,At-Risk/Dormant
U03575,63,Web,5,0.6,10,0,0,61,1,1,3,At-Risk/Dormant
U03576,50,iOS,22,9.2,75,13,3,49,7,1,1,Casual Browsers
U03577,49,Android,34,11.5,94,25,7,12,12,0,0,Power Users
U03578,59,Android,4,7.0,6,0,0,40,4,1,3,At-Risk/Dormant
U03579,60,iOS,32,16.3,95,25,3,8,20,0,0,Power Users
U03580,21,Android,20,9.5,74,12,2,22,9,0,1,Casual Browsers
U03581,60,iOS,27,14.0,62,15,0,22,9,0,2,Steady Engagers
U03582,54,Android,19,3.2,53,12,1,34,4,1,1,Casual Browsers
U03583,27,iOS,19,12.2,63,9,0,22,13,0,1,Casual Browsers
U03584,32,Android,7,4.6,11,0,0,36,4,0,3,At-Risk/Dormant
U03585,54,Web,16,6.9,29,5,1,29,8,0,1,Casual Browsers
U03586,28,Android,15,10.9,38,9,0,29,6,0,1,Casual Browsers
U03587,39,Android,12,5.2,20,1,0,43,4,1,3,At-Risk/Dormant
U03588,51,Android,12,5.3,27,4,0,32,4,1,3,At-Risk/Dormant
U03589,49,iOS,25,11.7,81,18,0,20,5,0,2,Steady Engagers
U03590,61,iOS,12,6.6,26,2,0,27,6,0,3,At-Risk/Dormant
U03591,23,iOS,31,14.8,89,25,6,6,11,0,0,Power Users
U03592,32,Android,22,10.0,52,7,2,17,4,0,1,Casual Browsers
U03593,65,Web,8,5.3,16,4,1,37,3,1,3,At-Risk/Dormant
U03594,45,iOS,23,14.2,88,21,3,1,11,0,2,Steady Engagers
U03595,29,Android,23,11.6,66,12,3,30,12,0,2,Steady Engagers
U03596,31,iOS,19,5.7,62,14,4,19,10,0,2,Steady Engagers
U03597,34,iOS,18,7.5,44,6,0,28,3,0,1,Casual Browsers
U03598,44,iOS,27,14.2,91,28,3,13,7,0,2,Steady Engagers
U03599,31,Android,10,15.4,20,5,0,30,5,0,1,Casual Browsers
U03600,47,Android,11,9.8,33,5,0,28,2,1,1,Casual Browsers
U03601,39,iOS,13,10.9,34,4,1,29,0,0,1,Casual Browsers
U03602,47,Android,22,13.8,79,22,5,12,13,0,2,Steady Engagers
U03603,25,Android,5,3.6,5,0,0,52,2,1,3,At-Risk/Dormant
U03604,47,Web,4,1.6,9,1,0,57,0,1,3,At-Risk/Dormant
U03605,62,iOS,10,7.7,21,5,0,32,5,1,3,At-Risk/Dormant
U03606,24,Android,13,8.4,23,4,1,27,7,0,1,Casual Browsers
U03607,33,Android,14,8.3,39,11,1,31,6,0,1,Casual Browsers
U03608,51,iOS,18,12.9,51,11,0,23,2,0,1,Casual Browsers
U03609,47,Android,11,7.6,37,7,0,36,3,0,3,At-Risk/Dormant
U03610,50,Android,12,5.8,36,7,0,27,3,0,3,At-Risk/Dormant
U03611,44,Android,19,9.6,39,6,1,25,8,0,1,Casual Browsers
U03612,50,iOS,10,7.2,19,3,0,38,2,0,3,At-Risk/Dormant
U03613,47,iOS,20,9.6,72,12,0,13,15,0,2,Steady Engagers
U03614,21,Android,16,15.3,36,7,1,13,10,0,1,Casual Browsers
U03615,54,Android,16,12.1,47,6,1,25,4,0,1,Casual Browsers
U03616,39,iOS,23,11.4,72,9,0,17,4,0,1,Casual Browsers
U03617,20,iOS,7,7.8,16,2,0,38,1,1,3,At-Risk/Dormant
U03618,37,iOS,11,7.9,22,5,0,48,6,0,3,At-Risk/Dormant
U03619,38,Android,11,6.1,27,4,0,33,4,0,3,At-Risk/Dormant
U03620,22,iOS,14,8.4,35,11,1,30,10,0,1,Casual Browsers
U03621,65,Web,32,17.7,105,32,8,11,11,0,0,Power Users
U03622,28,iOS,23,14.1,75,21,7,7,5,0,2,Steady Engagers
U03623,33,Android,10,3.0,19,2,0,39,3,0,3,At-Risk/Dormant
U03624,39,iOS,16,9.9,48,10,1,32,8,0,1,Casual Browsers
U03625,57,Android,12,6.4,20,3,0,32,3,1,3,At-Risk/Dormant
U03626,53,Android,4,8.3,10,0,0,54,1,1,3,At-Risk/Dormant
U03627,55,Android,20,15.3,48,16,2,14,7,0,2,Steady Engagers
U03628,29,Web,18,11.7,41,7,1,33,9,1,1,Casual Browsers
U03629,58,Android,24,15.3,79,17,1,26,8,0,2,Steady Engagers
U03630,57,Web,26,17.5,92,24,1,0,14,0,2,Steady Engagers
U03631,40,iOS,22,6.4,50,12,3,16,7,0,1,Casual Browsers
U03632,44,iOS,16,10.5,37,7,0,20,11,0,1,Casual Browsers
U03633,19,Android,13,1.6,22,3,1,56,3,1,3,At-Risk/Dormant
U03634,54,iOS,38,12.8,144,34,7,0,12,0,0,Power Users
U03635,64,Android,10,8.5,21,4,2,38,6,1,3,At-Risk/Dormant
U03636,40,iOS,9,1.3,21,0,0,37,3,0,3,At-Risk/Dormant
U03637,43,Android,26,14.2,84,20,3,21,15,0,2,Steady Engagers
U03638,41,Android,35,13.8,107,30,3,3,15,0,0,Power Users
U03639,21,iOS,23,11.3,60,11,1,23,10,0,1,Casual Browsers
U03640,47,Android,26,11.4,64,14,1,13,12,0,2,Steady Engagers
U03641,52,Android,31,12.6,99,16,2,19,8,0,2,Steady Engagers
U03642,62,Web,7,6.9,18,5,0,34,2,0,3,At-Risk/Dormant
U03643,62,Android,17,4.3,51,7,0,33,12,0,1,Casual Browsers
U03644,41,Android,5,8.1,12,3,0,44,3,0,3,At-Risk/Dormant
U03645,64,Android,37,14.8,119,38,10,0,22,0,0,Power Users
U03646,43,Android,30,9.8,85,15,2,11,12,0,2,Steady Engagers
U03647,48,iOS,12,9.9,29,3,0,36,4,0,3,At-Risk/Dormant
U03648,46,Android,18,13.8,52,14,4,13,4,0,2,Steady Engagers
U03649,65,iOS,19,17.3,66,21,7,8,5,0,2,Steady Engagers
U03650,53,iOS,21,11.1,54,11,0,27,4,0,1,Casual Browsers
U03651,23,Android,25,12.0,71,13,3,20,9,0,2,Steady Engagers
U03652,21,Web,19,6.5,50,11,2,25,9,0,1,Casual Browsers
U03653,37,Web,8,2.8,16,1,0,40,1,1,3,At-Risk/Dormant
U03654,42,Android,30,17.9,80,22,3,8,17,0,2,Steady Engagers
U03655,50,Android,23,7.6,51,11,0,31,4,0,1,Casual Browsers
U03656,41,Android,31,17.5,118,39,10,0,13,0,0,Power Users
U03657,42,Android,21,11.1,63,12,2,19,6,0,1,Casual Browsers
U03658,62,iOS,37,16.5,129,39,9,0,18,0,0,Power Users
U03659,34,iOS,33,13.8,135,43,8,12,10,0,0,Power Users
U03660,41,Android,35,17.9,135,29,14,0,15,0,0,Power Users
U03661,44,Android,29,12.9,97,19,3,13,13,0,2,Steady Engagers
U03662,40,Android,17,7.6,45,5,0,20,8,0,1,Casual Browsers
U03663,64,Web,25,16.2,76,25,5,6,11,0,2,Steady Engagers
U03664,64,Web,5,5.2,8,0,0,46,4,1,3,At-Risk/Dormant
U03665,42,Android,21,0.5,54,16,0,24,10,0,1,Casual Browsers
U03666,39,iOS,16,9.1,28,8,1,25,6,1,1,Casual Browsers
U03667,46,iOS,33,3.6,89,21,2,14,8,0,2,Steady Engagers
U03668,26,iOS,17,11.4,57,6,1,28,2,0,1,Casual Browsers
U03669,38,iOS,11,10.1,35,8,2,20,6,0,1,Casual Browsers
U03670,28,Web,1,1.9,2,0,0,48,0,1,3,At-Risk/Dormant
U03671,24,Android,5,0.5,11,3,0,41,0,0,3,At-Risk/Dormant
U03672,22,Android,29,19.5,105,24,3,4,13,0,0,Power Users
U03673,46,Web,18,14.8,49,9,1,24,7,0,1,Casual Browsers
U03674,18,Android,8,2.7,18,4,0,41,0,1,3,At-Risk/Dormant
U03675,49,Android,31,11.8,103,23,5,9,11,0,0,Power Users
U03676,38,iOS,17,16.4,62,18,4,15,12,0,2,Steady Engagers
U03677,35,iOS,10,9.7,28,3,0,31,7,1,1,Casual Browsers
U03678,54,iOS,12,8.7,37,8,1,24,5,0,1,Casual Browsers
U03679,43,iOS,10,1.5,21,5,0,38,3,1,3,At-Risk/Dormant
U03680,53,iOS,33,16.3,99,22,4,13,20,0,0,Power Users
U03681,52,Android,21,8.7,64,15,4,25,7,0,2,Steady Engagers
U03682,19,iOS,19,11.9,61,11,0,11,10,0,2,Steady Engagers
U03683,28,iOS,21,8.1,55,6,0,23,5,0,1,Casual Browsers
U03684,45,Web,16,2.7,31,3,1,29,2,0,3,At-Risk/Dormant
U03685,64,Android,12,5.5,30,6,1,29,8,0,1,Casual Browsers
U03686,25,Android,38,9.2,103,22,3,13,16,0,2,Steady Engagers
U03687,23,iOS,18,3.9,43,6,1,23,5,0,1,Casual Browsers
U03688,63,Android,14,5.3,36,8,1,28,6,0,1,Casual Browsers
U03689,64,Android,7,5.6,16,3,0,36,5,0,3,At-Risk/Dormant
U03690,26,Web,41,13.1,140,25,5,0,14,0,0,Power Users
U03691,37,iOS,19,8.7,59,10,0,29,6,0,1,Casual Browsers
U03692,48,Android,13,7.4,43,7,0,32,7,0,1,Casual Browsers
U03693,27,Android,13,8.3,30,7,0,31,3,0,3,At-Risk/Dormant
U03694,33,Android,17,8.6,39,10,1,31,3,1,1,Casual Browsers
U03695,36,iOS,16,8.6,36,8,0,39,8,0,1,Casual Browsers
U03696,48,iOS,30,12.4,80,18,1,22,14,0,2,Steady Engagers
U03697,32,Android,28,15.1,85,20,3,8,15,0,2,Steady Engagers
U03698,37,Android,11,4.9,25,6,0,36,6,0,3,At-Risk/Dormant
U03699,31,Android,25,8.3,70,11,1,16,7,0,1,Casual Browsers
U03700,54,Android,6,4.8,14,2,0,37,0,1,3,At-Risk/Dormant
U03701,25,Android,29,11.7,97,28,2,9,7,0,2,Steady Engagers
U03702,29,iOS,8,6.5,22,2,0,46,1,0,3,At-Risk/Dormant
U03703,29,Android,19,19.3,65,21,2,8,10,0,2,Steady Engagers
U03704,61,Android,14,15.4,37,4,0,23,7,0,1,Casual Browsers
U03705,63,iOS,41,18.2,136,30,6,1,14,0,0,Power Users
U03706,42,Android,20,14.6,58,17,4,9,10,0,2,Steady Engagers
U03707,25,Android,25,8.4,70,21,1,15,14,0,2,Steady Engagers
U03708,54,Android,24,11.0,83,12,1,19,8,0,2,Steady Engagers
U03709,41,Android,22,6.2,57,12,1,31,5,0,1,Casual Browsers
U03710,58,Android,22,12.9,75,23,6,8,11,0,2,Steady Engagers
U03711,35,iOS,16,13.0,42,7,0,39,9,0,1,Casual Browsers
U03712,65,Android,18,10.6,42,9,0,28,3,0,1,Casual Browsers
U03713,56,iOS,21,7.2,44,9,0,39,5,0,1,Casual Browsers
U03714,28,iOS,25,9.9,71,8,0,14,9,0,1,Casual Browsers
U03715,52,Android,12,4.7,23,7,0,33,6,0,3,At-Risk/Dormant
U03716,31,Android,16,3.9,34,8,1,25,4,0,1,Casual Browsers
U03717,34,Android,20,12.4,52,9,1,49,10,1,1,Casual Browsers
U03718,30,Android,34,19.4,129,43,7,0,22,0,0,Power Users
U03719,50,iOS,29,15.8,123,39,6,0,24,0,0,Power Users
U03720,30,Android,16,4.5,36,9,2,30,6,0,1,Casual Browsers
U03721,48,Web,9,9.8,22,3,1,45,3,0,3,At-Risk/Dormant
U03722,45,iOS,28,20.9,113,36,6,2,16,0,0,Power Users
U03723,54,iOS,25,17.8,81,15,1,19,9,0,2,Steady Engagers
U03724,65,iOS,11,8.2,32,3,0,21,8,1,1,Casual Browsers
U03725,18,iOS,25,12.4,68,12,1,30,8,0,1,Casual Browsers
U03726,65,Web,10,4.3,25,6,0,30,5,0,3,At-Risk/Dormant
U03727,23,Web,2,2.3,3,1,0,46,0,1,3,At-Risk/Dormant
U03728,43,Android,30,5.6,97,22,5,23,6,0,2,Steady Engagers
U03729,34,Android,20,8.6,44,4,0,20,7,0,1,Casual Browsers
U03730,48,Android,18,10.1,45,10,1,20,7,0,1,Casual Browsers
U03731,52,Android,33,12.1,101,21,3,8,8,0,2,Steady Engagers
U03732,59,iOS,17,11.9,47,11,1,22,12,0,1,Casual Browsers
U03733,37,Android,15,5.5,38,7,1,32,3,1,3,At-Risk/Dormant
U03734,62,iOS,11,5.9,26,2,0,37,2,1,3,At-Risk/Dormant
U03735,33,iOS,21,12.6,76,19,4,17,10,0,2,Steady Engagers
U03736,27,Android,7,2.7,16,2,0,47,0,1,3,At-Risk/Dormant
U03737,36,iOS,10,7.2,14,1,0,49,5,1,3,At-Risk/Dormant
U03738,43,Android,25,13.8,89,23,3,3,10,0,2,Steady Engagers
U03739,50,iOS,18,9.1,42,8,0,20,6,0,1,Casual Browsers
U03740,57,iOS,16,8.8,51,8,1,22,8,0,1,Casual Browsers
U03741,28,Android,17,10.0,31,5,2,45,5,0,1,Casual Browsers
U03742,32,iOS,30,14.8,108,34,9,13,10,0,0,Power Users
U03743,63,Android,23,16.0,65,13,2,4,9,0,2,Steady Engagers
U03744,39,iOS,30,13.6,105,24,1,5,11,0,2,Steady Engagers
U03745,29,iOS,17,13.7,49,10,0,16,8,0,1,Casual Browsers
U03746,65,Android,31,11.6,96,17,2,9,16,0,2,Steady Engagers
U03747,39,iOS,9,4.8,26,4,0,38,9,0,3,At-Risk/Dormant
U03748,65,Web,6,3.0,12,0,0,45,0,1,3,At-Risk/Dormant
U03749,62,iOS,22,12.5,72,12,2,13,12,0,2,Steady Engagers
U03750,61,iOS,24,13.9,66,13,0,15,5,0,2,Steady Engagers
U03751,45,iOS,16,6.7,36,7,1,29,10,0,1,Casual Browsers
U03752,56,Android,8,2.8,14,0,0,33,6,0,3,At-Risk/Dormant
U03753,64,iOS,16,6.0,37,6,0,20,7,0,1,Casual Browsers
U03754,30,Web,7,11.3,22,4,1,46,2,0,3,At-Risk/Dormant
U03755,19,Android,32,14.4,130,46,10,6,14,0,0,Power Users
U03756,33,Android,24,13.4,62,12,0,22,12,0,2,Steady Engagers
U03757,48,Android,8,6.0,16,3,0,33,6,1,3,At-Risk/Dormant
U03758,44,Android,16,7.1,39,5,1,21,5,0,1,Casual Browsers
U03759,21,Android,25,10.6,66,14,1,27,10,0,2,Steady Engagers
U03760,44,Android,13,8.3,34,3,0,28,9,1,1,Casual Browsers
U03761,26,iOS,8,7.7,25,6,1,29,8,0,1,Casual Browsers
U03762,42,Android,29,14.0,98,31,2,3,13,0,2,Steady Engagers
U03763,45,Android,12,0.5,18,4,1,37,4,0,3,At-Risk/Dormant
U03764,48,iOS,21,11.0,51,12,4,28,9,0,1,Casual Browsers
U03765,37,Android,11,4.4,17,1,0,48,3,1,3,At-Risk/Dormant
U03766,37,Android,33,13.4,127,41,6,0,8,0,0,Power Users
U03767,50,iOS,12,6.8,34,2,1,31,7,0,1,Casual Browsers
U03768,53,Web,9,5.1,13,0,0,36,3,0,3,At-Risk/Dormant
U03769,56,iOS,12,8.9,17,1,0,32,4,0,3,At-Risk/Dormant
U03770,34,Android,22,8.6,70,10,0,19,5,0,1,Casual Browsers
U03771,38,Android,17,13.0,26,5,0,27,6,0,1,Casual Browsers
U03772,33,Web,6,3.0,9,0,0,43,2,1,3,At-Risk/Dormant
U03773,43,iOS,32,14.7,138,52,5,0,20,0,0,Power Users
U03774,24,iOS,30,15.1,79,16,2,8,12,0,2,Steady Engagers
U03775,38,iOS,4,1.3,8,0,0,44,3,1,3,At-Risk/Dormant
U03776,27,Android,22,9.4,77,25,3,9,14,0,2,Steady Engagers
U03777,43,Android,15,7.8,32,4,0,27,7,1,1,Casual Browsers
U03778,58,iOS,17,8.5,45,10,0,24,6,0,1,Casual Browsers
U03779,65,Web,9,7.2,21,4,1,33,2,0,3,At-Risk/Dormant
U03780,39,Android,18,6.0,43,7,1,28,9,0,1,Casual Browsers
U03781,20,iOS,7,2.8,21,3,0,36,3,1,3,At-Risk/Dormant
U03782,28,Android,6,5.0,15,2,0,48,4,0,3,At-Risk/Dormant
U03783,23,Web,7,6.1,10,1,0,47,3,1,3,At-Risk/Dormant
U03784,54,Android,24,7.3,58,13,3,23,10,0,2,Steady Engagers
U03785,65,iOS,22,5.5,49,8,1,19,8,0,1,Casual Browsers
U03786,44,Android,13,3.9,33,5,0,45,3,1,3,At-Risk/Dormant
U03787,26,iOS,12,10.8,25,3,0,44,3,1,3,At-Risk/Dormant
U03788,19,iOS,5,0.5,13,2,1,42,2,0,3,At-Risk/Dormant
U03789,64,Android,34,17.0,145,51,19,0,12,0,0,Power Users
U03790,33,Web,23,13.9,63,14,2,27,6,0,1,Casual Browsers
U03791,23,Web,13,9.9,35,1,0,22,5,0,1,Casual Browsers
U03792,26,Web,20,11.2,61,15,3,19,6,0,2,Steady Engagers
U03793,30,Android,28,14.8,88,18,1,9,9,0,2,Steady Engagers
U03794,49,iOS,9,7.0,30,5,0,33,8,0,3,At-Risk/Dormant
U03795,60,iOS,3,2.9,8,0,0,45,1,1,3,At-Risk/Dormant
U03796,31,iOS,11,7.9,34,8,0,34,2,1,3,At-Risk/Dormant
U03797,50,iOS,6,7.9,11,0,0,41,1,0,3,At-Risk/Dormant
U03798,21,iOS,20,7.6,71,21,4,10,11,0,2,Steady Engagers
U03799,18,Android,34,13.4,125,35,6,2,15,0,0,Power Users
U03800,20,Android,17,10.9,48,9,3,19,7,0,1,Casual Browsers
U03801,62,Android,11,4.2,19,3,0,35,1,0,3,At-Risk/Dormant
U03802,45,Android,26,12.6,53,11,0,15,5,0,1,Casual Browsers
U03803,56,Android,12,9.8,42,9,0,24,7,0,1,Casual Browsers
U03804,19,Android,25,11.9,73,13,4,5,12,0,2,Steady Engagers
U03805,19,iOS,39,20.1,141,37,9,0,28,0,0,Power Users
U03806,58,iOS,14,7.8,37,6,0,24,7,0,1,Casual Browsers
U03807,22,Android,6,7.4,7,0,0,37,1,0,3,At-Risk/Dormant
U03808,25,iOS,23,13.9,55,13,1,14,8,0,2,Steady Engagers
U03809,42,Web,16,5.7,26,7,0,29,4,1,3,At-Risk/Dormant
U03810,47,Web,6,6.2,12,1,0,37,1,1,3,At-Risk/Dormant
U03811,28,Web,13,2.5,34,5,1,26,4,0,3,At-Risk/Dormant
U03812,39,Web,16,4.4,48,7,2,20,14,0,1,Casual Browsers
U03813,50,iOS,5,6.2,9,0,0,44,3,1,3,At-Risk/Dormant
U03814,39,Web,16,7.2,36,3,0,50,8,1,3,At-Risk/Dormant
U03815,36,Web,16,12.3,33,8,2,24,10,0,1,Casual Browsers
U03816,21,Android,25,17.8,93,25,1,5,9,0,2,Steady Engagers
U03817,39,Web,16,3.6,29,6,0,27,7,0,1,Casual Browsers
U03818,56,iOS,27,12.3,68,14,6,16,16,0,2,Steady Engagers
U03819,48,iOS,7,5.2,14,2,0,31,5,0,3,At-Risk/Dormant
U03820,60,Web,7,1.1,10,0,0,67,0,1,3,At-Risk/Dormant
U03821,24,Android,14,0.6,18,2,0,41,3,0,3,At-Risk/Dormant
U03822,18,Android,29,16.8,91,26,6,5,16,0,0,Power Users
U03823,44,iOS,24,13.1,67,10,2,24,6,0,1,Casual Browsers
U03824,26,iOS,14,3.5,27,6,0,35,7,0,3,At-Risk/Dormant
U03825,46,Web,25,7.1,76,16,1,23,5,0,1,Casual Browsers
U03826,61,Web,9,7.6,24,3,0,38,4,1,3,At-Risk/Dormant
U03827,34,iOS,8,0.5,13,5,0,48,2,1,3,At-Risk/Dormant
U03828,44,Web,15,4.7,30,5,2,43,7,0,3,At-Risk/Dormant
U03829,50,Android,23,9.9,60,12,2,14,13,0,2,Steady Engagers
U03830,25,Web,23,7.6,64,16,2,35,4,0,1,Casual Browsers
U03831,61,Android,30,17.2,108,29,4,2,12,0,0,Power Users
U03832,27,iOS,19,8.6,55,12,1,31,5,0,1,Casual Browsers
U03833,56,Android,15,8.2,39,5,1,33,8,0,1,Casual Browsers
U03834,49,iOS,21,6.3,54,9,3,24,10,0,1,Casual Browsers
U03835,24,Android,16,6.9,50,7,1,37,8,0,1,Casual Browsers
U03836,52,Android,9,4.1,22,1,0,53,6,1,3,At-Risk/Dormant
U03837,27,iOS,25,11.1,68,13,1,20,8,0,2,Steady Engagers
U03838,46,iOS,29,8.6,91,20,2,14,10,0,2,Steady Engagers
U03839,64,Android,22,15.8,78,17,0,15,19,0,2,Steady Engagers
U03840,63,iOS,23,11.5,78,21,3,12,14,0,2,Steady Engagers
U03841,59,Android,28,16.9,94,28,6,5,11,0,0,Power Users
U03842,41,Android,15,13.9,52,14,2,21,9,0,1,Casual Browsers
U03843,44,Android,35,13.2,106,29,5,6,5,0,0,Power Users
U03844,32,iOS,11,13.4,22,3,0,27,6,0,1,Casual Browsers
U03845,62,iOS,6,7.3,17,4,0,32,6,1,3,At-Risk/Dormant
U03846,40,iOS,25,13.6,99,24,7,1,11,0,0,Power Users
U03847,55,Web,18,11.6,40,5,2,27,8,0,1,Casual Browsers
U03848,35,iOS,9,9.9,24,4,0,49,3,0,3,At-Risk/Dormant
U03849,53,iOS,22,14.9,71,21,2,4,17,0,2,Steady Engagers
U03850,28,Web,18,6.7,40,8,1,22,3,0,1,Casual Browsers
U03851,53,Android,22,10.4,55,13,0,22,9,0,1,Casual Browsers
U03852,20,Android,8,5.0,11,0,0,42,3,1,3,At-Risk/Dormant
U03853,23,Android,19,9.1,60,15,1,19,10,0,1,Casual Browsers
U03854,34,iOS,27,13.6,105,29,8,1,9,0,0,Power Users
U03855,41,iOS,25,14.4,80,15,4,8,18,0,2,Steady Engagers
U03856,52,Android,19,9.8,60,11,1,21,8,0,1,Casual Browsers
U03857,35,Web,13,8.5,30,4,0,29,5,0,1,Casual Browsers
U03858,18,Web,17,12.1,39,3,0,17,10,0,1,Casual Browsers
U03859,33,Android,14,9.7,36,6,1,33,5,0,1,Casual Browsers
U03860,39,Android,18,4.9,43,9,1,21,14,0,1,Casual Browsers
U03861,44,Android,26,16.2,89,20,2,13,6,0,2,Steady Engagers
U03862,48,Android,25,12.3,77,17,2,14,6,0,2,Steady Engagers
U03863,29,Web,23,10.7,88,18,2,17,15,0,2,Steady Engagers
U03864,47,iOS,10,4.3,12,2,0,41,2,0,3,At-Risk/Dormant
U03865,48,Android,3,4.5,7,1,0,46,2,0,3,At-Risk/Dormant
U03866,55,iOS,32,16.3,97,26,4,2,14,0,0,Power Users
U03867,43,Android,36,16.6,113,26,7,11,17,0,0,Power Users
U03868,56,Android,20,10.3,57,11,0,19,7,0,1,Casual Browsers
U03869,28,Android,16,12.9,39,6,0,28,5,0,1,Casual Browsers
U03870,52,iOS,25,12.5,76,17,1,18,20,0,2,Steady Engagers
U03871,20,iOS,25,14.4,75,17,1,18,9,0,2,Steady Engagers
U03872,22,Web,23,16.9,76,15,2,18,11,0,2,Steady Engagers
U03873,59,Android,14,9.4,24,2,0,34,6,0,1,Casual Browsers
U03874,40,iOS,18,9.7,60,12,4,23,8,0,1,Casual Browsers
U03875,47,Android,15,3.6,44,5,0,40,8,0,3,At-Risk/Dormant
U03876,46,Android,11,8.8,38,10,1,23,6,0,1,Casual Browsers
U03877,51,Web,2,7.2,3,0,0,46,0,0,3,At-Risk/Dormant
U03878,29,iOS,16,10.4,33,6,0,22,9,0,1,Casual Browsers
U03879,26,Android,32,13.2,127,34,7,5,14,0,0,Power Users
U03880,20,iOS,11,10.1,26,5,2,21,8,0,1,Casual Browsers
U03881,59,iOS,28,12.2,101,30,3,8,6,0,2,Steady Engagers
U03882,28,Web,22,6.5,45,6,2,28,4,0,1,Casual Browsers
U03883,45,iOS,11,3.9,21,0,0,37,4,1,3,At-Risk/Dormant
U03884,39,Android,17,8.1,31,4,1,27,6,0,1,Casual Browsers
U03885,25,iOS,8,3.5,13,0,0,40,2,1,3,At-Risk/Dormant
U03886,37,Android,9,0.5,21,4,0,37,5,0,3,At-Risk/Dormant
U03887,21,Android,14,12.0,37,7,0,41,10,0,1,Casual Browsers
U03888,26,iOS,19,12.5,41,8,0,22,4,0,1,Casual Browsers
U03889,24,iOS,11,1.9,24,3,0,32,6,0,3,At-Risk/Dormant
U03890,57,Android,12,8.3,21,3,1,33,8,0,1,Casual Browsers
U03891,45,iOS,19,12.3,68,13,1,22,10,0,2,Steady Engagers
U03892,62,iOS,27,16.4,96,30,7,11,9,0,0,Power Users
U03893,38,iOS,27,9.6,72,18,1,27,11,0,2,Steady Engagers
U03894,27,Android,34,17.9,137,36,6,0,15,0,0,Power Users
U03895,47,Android,33,19.0,122,41,1,0,6,0,0,Power Users
U03896,62,Android,24,10.6,72,15,3,18,6,0,2,Steady Engagers
U03897,43,Android,11,12.8,29,4,1,32,3,1,1,Casual Browsers
U03898,18,Android,12,6.1,26,2,0,32,5,0,3,At-Risk/Dormant
U03899,32,Android,21,12.7,47,4,0,25,9,0,1,Casual Browsers
U03900,62,Android,10,3.9,27,2,0,59,4,1,3,At-Risk/Dormant
U03901,42,Android,23,11.0,68,12,1,15,11,0,2,Steady Engagers
U03902,63,Web,8,6.9,21,3,0,38,3,1,3,At-Risk/Dormant
U03903,42,iOS,25,13.3,74,13,4,14,8,0,2,Steady Engagers
U03904,18,Android,29,19.6,92,27,6,4,15,0,0,Power Users
U03905,59,Web,10,4.9,30,4,1,34,10,0,3,At-Risk/Dormant
U03906,54,Android,8,7.0,16,1,0,39,2,0,3,At-Risk/Dormant
U03907,52,Android,27,14.0,86,24,3,11,12,0,2,Steady Engagers
U03908,64,Web,25,11.8,78,23,2,13,9,0,2,Steady Engagers
U03909,27,Android,15,3.9,32,3,0,32,7,0,3,At-Risk/Dormant
U03910,61,Android,15,9.6,41,9,0,28,5,0,1,Casual Browsers
U03911,29,Android,29,10.6,101,25,5,19,12,0,2,Steady Engagers
U03912,64,iOS,5,6.9,19,3,0,44,2,1,3,At-Risk/Dormant
U03913,27,iOS,13,4.5,19,3,0,39,6,1,3,At-Risk/Dormant
U03914,44,Android,15,9.2,32,2,0,27,3,0,1,Casual Browsers
U03915,55,Android,14,7.8,40,7,0,28,3,0,1,Casual Browsers
U03916,21,Android,26,10.0,94,22,2,23,9,0,2,Steady Engagers
U03917,21,iOS,25,12.7,73,15,4,23,10,0,2,Steady Engagers
U03918,58,Android,11,8.0,26,3,0,33,1,0,3,At-Risk/Dormant
U03919,20,Web,11,2.5,21,3,0,41,4,1,3,At-Risk/Dormant
U03920,47,iOS,25,10.1,84,15,2,15,5,0,2,Steady Engagers
U03921,63,Android,18,8.1,51,7,3,22,11,0,1,Casual Browsers
U03922,47,iOS,12,3.0,23,2,0,47,5,0,3,At-Risk/Dormant
U03923,41,Android,17,6.4,48,9,0,30,10,0,1,Casual Browsers
U03924,38,Android,13,7.2,37,5,0,42,10,0,1,Casual Browsers
U03925,48,Android,11,8.1,18,1,0,34,2,0,3,At-Risk/Dormant
U03926,45,iOS,32,14.9,105,19,2,15,7,0,2,Steady Engagers
U03927,42,iOS,5,1.5,10,2,0,57,3,1,3,At-Risk/Dormant
U03928,25,Web,20,7.9,44,12,1,31,6,0,1,Casual Browsers
U03929,49,Android,12,15.3,36,9,0,27,5,0,1,Casual Browsers
U03930,53,Android,25,14.0,89,25,2,11,14,0,2,Steady Engagers
U03931,52,iOS,26,16.9,89,18,5,10,12,0,2,Steady Engagers
U03932,21,Android,23,11.3,74,18,3,7,11,0,2,Steady Engagers
U03933,51,Android,38,10.9,120,31,6,3,13,0,0,Power Users
U03934,53,Web,19,11.0,67,14,2,21,13,0,2,Steady Engagers
U03935,26,Web,14,12.0,45,10,1,34,15,0,1,Casual Browsers
U03936,58,Web,24,15.2,55,12,0,16,11,0,2,Steady Engagers
U03937,43,Android,11,1.8,18,3,0,58,1,1,3,At-Risk/Dormant
U03938,40,Android,21,8.4,46,9,3,29,14,0,1,Casual Browsers
U03939,52,Android,15,10.6,41,6,0,21,3,0,1,Casual Browsers
U03940,42,Web,8,8.7,23,5,1,20,5,0,1,Casual Browsers
U03941,44,Android,6,2.5,14,1,0,45,4,1,3,At-Risk/Dormant
U03942,32,Android,20,13.3,63,18,5,13,8,0,2,Steady Engagers
U03943,62,Android,11,2.3,23,1,0,36,3,1,3,At-Risk/Dormant
U03944,64,iOS,11,11.3,21,5,0,37,3,1,3,At-Risk/Dormant
U03945,24,iOS,30,9.8,86,17,0,13,10,0,2,Steady Engagers
U03946,53,iOS,36,13.0,117,29,3,18,6,0,2,Steady Engagers
U03947,19,Android,12,9.9,38,8,2,23,7,0,1,Casual Browsers
U03948,35,iOS,30,10.8,64,14,0,32,10,0,1,Casual Browsers
U03949,64,Android,11,8.0,23,3,1,31,10,0,1,Casual Browsers
U03950,26,Android,32,13.2,86,31,3,6,21,0,0,Power Users
U03951,36,Android,12,5.2,26,6,0,35,8,0,3,At-Risk/Dormant
U03952,28,iOS,32,16.4,121,32,9,0,9,0,0,Power Users
U03953,52,Android,10,1.6,18,2,0,44,0,1,3,At-Risk/Dormant
U03954,40,Web,16,9.3,55,14,1,16,8,0,1,Casual Browsers
U03955,46,iOS,26,12.1,92,21,6,8,10,0,2,Steady Engagers
U03956,63,Android,21,8.6,60,8,2,28,8,0,1,Casual Browsers
U03957,43,iOS,11,1.2,20,2,0,34,3,0,3,At-Risk/Dormant
U03958,53,iOS,19,6.4,36,6,0,22,4,0,1,Casual Browsers
U03959,22,Android,25,12.5,83,20,5,8,17,0,2,Steady Engagers
U03960,28,iOS,21,10.7,56,8,1,27,5,0,1,Casual Browsers
U03961,63,Android,14,10.8,24,3,0,39,2,0,3,At-Risk/Dormant
U03962,59,Android,21,10.9,47,9,2,22,11,0,1,Casual Browsers
U03963,49,iOS,30,15.2,100,20,4,5,15,0,0,Power Users
U03964,36,iOS,14,6.8,23,2,1,37,1,1,3,At-Risk/Dormant
U03965,27,Android,14,5.7,29,6,0,30,2,0,3,At-Risk/Dormant
U03966,58,Android,21,12.3,58,14,3,18,12,0,2,Steady Engagers
U03967,55,iOS,9,7.9,19,1,0,34,3,0,3,At-Risk/Dormant
U03968,29,Android,17,11.2,49,9,0,22,4,0,1,Casual Browsers
U03969,46,Web,32,19.2,118,30,5,0,10,0,0,Power Users
U03970,47,iOS,29,20.8,105,31,4,0,11,0,0,Power Users
U03971,40,Web,16,8.2,38,9,3,27,2,0,1,Casual Browsers
U03972,62,Android,19,10.9,54,10,1,21,6,0,1,Casual Browsers
U03973,23,Web,29,12.1,100,28,3,5,9,0,2,Steady Engagers
U03974,30,Android,21,10.7,53,7,1,23,8,0,1,Casual Browsers
U03975,22,Android,23,10.0,49,12,0,18,11,0,1,Casual Browsers
U03976,51,Android,4,0.5,5,1,0,50,0,0,3,At-Risk/Dormant
U03977,48,Android,32,12.5,128,38,6,0,15,0,0,Power Users
U03978,65,Web,8,11.3,20,4,0,32,2,0,3,At-Risk/Dormant
U03979,44,iOS,31,13.0,115,27,6,4,15,0,0,Power Users
U03980,25,iOS,13,8.5,28,1,0,33,6,0,1,Casual Browsers
U03981,39,iOS,23,10.1,57,13,0,22,11,0,1,Casual Browsers
U03982,22,iOS,13,10.7,43,7,0,29,9,0,1,Casual Browsers
U03983,50,iOS,11,3.7,28,4,1,37,4,0,3,At-Risk/Dormant
U03984,50,Web,14,6.6,41,8,0,36,4,1,3,At-Risk/Dormant
U03985,59,iOS,29,12.6,92,21,4,6,13,0,2,Steady Engagers
U03986,34,iOS,8,6.2,15,2,0,41,3,1,3,At-Risk/Dormant
U03987,32,Android,12,11.9,20,2,0,26,7,0,1,Casual Browsers
U03988,21,Web,23,10.2,54,8,1,16,8,0,1,Casual Browsers
U03989,37,Android,20,15.2,56,11,1,25,3,0,1,Casual Browsers
U03990,40,Android,10,8.5,17,1,0,27,4,0,3,At-Risk/Dormant
U03991,54,Web,20,9.9,59,12,4,38,9,0,1,Casual Browsers
U03992,54,Android,7,6.3,16,3,0,32,5,1,3,At-Risk/Dormant
U03993,24,Android,9,5.1,24,1,0,40,5,0,3,At-Risk/Dormant
U03994,31,Android,31,13.2,106,26,8,0,15,0,0,Power Users
U03995,42,Android,23,12.4,61,9,3,13,20,0,2,Steady Engagers
U03996,34,Web,3,1.5,5,2,0,45,1,0,3,At-Risk/Dormant
U03997,19,Web,5,2.8,13,1,0,50,1,0,3,At-Risk/Dormant
U03998,58,iOS,12,9.3,30,3,0,25,8,0,1,Casual Browsers
U03999,53,Web,17,10.8,33,4,0,23,10,0,1,Casual Browsers
U04000,42,iOS,11,4.0,26,3,1,46,3,1,3,At-Risk/Dormant
U04001,33,Web,24,10.8,82,23,6,8,13,0,2,Steady Engagers
U04002,58,Android,9,4.5,15,3,0,44,3,0,3,At-Risk/Dormant
U04003,19,iOS,4,3.5,4,0,0,42,4,0,3,At-Risk/Dormant
U04004,39,Android,14,7.6,29,6,0,27,9,0,1,Casual Browsers
U04005,56,Android,13,7.7,37,9,0,30,3,0,1,Casual Browsers
U04006,63,iOS,34,15.1,120,30,3,4,8,0,0,Power Users
U04007,30,Android,32,8.5,90,17,3,9,8,0,2,Steady Engagers
U04008,49,iOS,27,10.4,83,20,2,10,12,0,2,Steady Engagers
U04009,27,iOS,13,8.7,45,9,0,33,5,0,1,Casual Browsers
U04010,23,Android,21,8.9,56,10,1,25,9,0,1,Casual Browsers
U04011,34,Android,20,7.1,34,3,0,20,11,0,1,Casual Browsers
U04012,60,iOS,15,3.5,33,6,0,24,7,0,1,Casual Browsers
U04013,51,Web,9,4.7,20,3,0,38,2,1,3,At-Risk/Dormant
U04014,41,Android,2,1.3,5,0,0,43,1,0,3,At-Risk/Dormant
U04015,31,Web,24,14.4,86,16,4,16,18,0,2,Steady Engagers
U04016,24,Web,8,4.1,18,0,0,39,0,0,3,At-Risk/Dormant
U04017,30,iOS,14,11.7,42,10,3,25,7,0,1,Casual Browsers
U04018,25,Android,19,6.8,54,8,1,25,9,0,1,Casual Browsers
U04019,26,iOS,21,10.2,52,8,1,18,16,0,2,Steady Engagers
U04020,51,Web,12,10.9,19,4,1,39,0,0,3,At-Risk/Dormant
U04021,24,Android,33,12.5,86,19,1,15,4,0,2,Steady Engagers
U04022,20,Web,24,17.2,64,16,0,9,7,0,2,Steady Engagers
U04023,44,Web,24,13.2,84,14,3,25,7,0,2,Steady Engagers
U04024,31,iOS,24,10.8,75,22,3,17,12,0,2,Steady Engagers
U04025,39,iOS,9,10.4,23,3,2,41,2,0,3,At-Risk/Dormant
U04026,24,iOS,32,19.6,119,35,7,2,10,0,0,Power Users
U04027,28,iOS,21,7.8,50,8,1,17,7,0,1,Casual Browsers
U04028,39,Web,25,12.0,65,18,4,12,12,0,2,Steady Engagers
U04029,51,Android,13,12.6,37,3,0,25,7,0,1,Casual Browsers
U04030,37,Android,43,20.0,192,77,14,3,15,0,0,Power Users
U04031,44,Android,24,6.4,81,9,0,18,12,0,1,Casual Browsers
U04032,43,Web,4,2.5,8,1,0,37,5,1,3,At-Risk/Dormant
U04033,30,Android,9,2.2,16,1,0,41,5,1,3,At-Risk/Dormant
U04034,31,Web,0,5.6,1,0,0,48,0,1,3,At-Risk/Dormant
U04035,38,iOS,22,13.5,72,18,2,13,11,0,2,Steady Engagers
U04036,19,Android,15,7.7,38,11,3,24,5,0,1,Casual Browsers
U04037,50,Web,30,10.2,82,23,4,13,7,0,2,Steady Engagers
U04038,47,iOS,23,16.0,68,20,2,7,16,0,2,Steady Engagers
U04039,32,Android,21,7.5,59,14,3,27,9,0,1,Casual Browsers
U04040,35,Android,5,4.6,15,1,0,44,2,1,3,At-Risk/Dormant
U04041,33,Android,33,16.9,114,27,3,3,15,0,0,Power Users
U04042,49,Android,12,8.2,35,5,1,27,4,0,1,Casual Browsers
U04043,54,Android,26,9.6,75,14,2,10,13,0,2,Steady Engagers
U04044,23,iOS,5,9.0,13,3,0,31,7,1,3,At-Risk/Dormant
U04045,37,Android,5,6.6,8,2,0,43,4,1,3,At-Risk/Dormant
U04046,18,Android,22,15.4,60,20,3,22,15,0,2,Steady Engagers
U04047,39,Android,21,7.3,55,9,2,25,7,0,1,Casual Browsers
U04048,29,Android,18,13.7,49,5,1,25,4,0,1,Casual Browsers
U04049,34,Web,13,7.6,24,3,1,51,4,0,3,At-Risk/Dormant
U04050,39,Android,15,10.7,39,8,1,25,3,0,1,Casual Browsers
U04051,33,Android,37,16.7,140,33,7,14,19,0,0,Power Users
U04052,36,iOS,41,14.2,151,46,10,1,8,0,0,Power Users
U04053,54,Web,13,6.8,27,5,1,30,7,0,1,Casual Browsers
U04054,56,iOS,10,1.3,18,2,0,36,1,0,3,At-Risk/Dormant
U04055,18,Web,11,3.1,26,5,0,33,10,0,3,At-Risk/Dormant
U04056,36,Web,22,12.4,62,9,1,16,9,0,2,Steady Engagers
U04057,58,iOS,23,12.1,76,24,4,8,14,0,2,Steady Engagers
U04058,43,Web,11,2.4,26,2,0,27,3,0,3,At-Risk/Dormant
U04059,27,Android,25,11.8,79,18,1,15,12,0,2,Steady Engagers
U04060,46,Web,12,8.4,20,5,0,34,4,0,3,At-Risk/Dormant
U04061,24,Web,12,6.7,35,5,0,34,7,0,3,At-Risk/Dormant
U04062,19,Web,28,10.3,67,13,2,10,16,0,2,Steady Engagers
U04063,48,iOS,43,17.6,145,49,7,0,12,0,0,Power Users
U04064,42,iOS,37,18.0,122,42,8,7,12,0,0,Power Users
U04065,54,Android,20,11.0,40,9,2,23,5,0,1,Casual Browsers
U04066,34,iOS,25,13.6,65,18,3,11,5,0,2,Steady Engagers
U04067,59,Android,11,6.1,16,2,0,36,4,1,3,At-Risk/Dormant
U04068,38,iOS,16,8.3,33,7,0,28,6,0,1,Casual Browsers
U04069,53,iOS,15,8.3,38,8,1,31,4,0,1,Casual Browsers
U04070,22,Android,27,12.8,79,11,1,15,12,0,2,Steady Engagers
U04071,22,Android,16,4.0,35,4,0,27,9,0,1,Casual Browsers
U04072,55,Android,29,3.8,78,15,1,20,12,0,2,Steady Engagers
U04073,58,iOS,20,8.8,56,9,1,21,6,0,1,Casual Browsers
U04074,63,iOS,12,2.5,25,3,1,47,2,1,3,At-Risk/Dormant
U04075,33,iOS,14,12.5,36,7,0,28,5,0,1,Casual Browsers
U04076,19,Android,12,4.9,22,2,0,39,6,0,3,At-Risk/Dormant
U04077,65,Web,14,5.0,39,10,0,37,9,0,1,Casual Browsers
U04078,46,iOS,25,13.4,79,19,5,13,10,0,2,Steady Engagers
U04079,29,Android,13,7.5,37,5,0,37,2,0,3,At-Risk/Dormant
U04080,54,Android,24,9.5,60,13,1,25,5,0,1,Casual Browsers
U04081,61,iOS,14,6.7,44,7,2,32,4,0,1,Casual Browsers
U04082,31,Android,6,2.5,11,1,0,41,0,1,3,At-Risk/Dormant
U04083,54,Android,18,10.4,44,6,3,19,7,0,1,Casual Browsers
U04084,55,Android,17,6.3,32,6,0,31,5,0,1,Casual Browsers
U04085,42,Android,13,3.9,23,4,0,35,3,0,3,At-Risk/Dormant
U04086,48,Android,9,2.3,19,2,0,38,5,1,3,At-Risk/Dormant
U04087,30,Android,13,10.7,39,5,2,29,8,0,1,Casual Browsers
U04088,62,Web,31,13.7,88,28,6,4,15,0,0,Power Users
U04089,65,iOS,28,18.7,108,31,5,5,21,0,0,Power Users
U04090,65,Android,12,10.9,25,4,0,32,7,0,1,Casual Browsers
U04091,53,iOS,10,3.0,19,1,0,31,4,0,3,At-Risk/Dormant
U04092,20,iOS,30,11.9,90,20,2,10,15,0,2,Steady Engagers
U04093,35,Android,22,6.7,55,10,2,26,7,0,1,Casual Browsers
U04094,39,Android,21,9.9,63,16,3,17,6,0,2,Steady Engagers
U04095,64,Android,31,20.8,91,23,3,0,16,0,0,Power Users
U04096,44,iOS,21,16.1,65,15,5,7,12,0,2,Steady Engagers
U04097,43,iOS,16,8.4,40,10,0,20,8,0,1,Casual Browsers
U04098,25,Android,13,9.9,33,5,2,32,4,0,1,Casual Browsers
U04099,56,iOS,14,5.0,33,4,0,27,7,0,1,Casual Browsers
U04100,34,Web,8,1.4,16,1,0,40,3,1,3,At-Risk/Dormant
U04101,22,Android,38,18.5,145,35,8,0,15,0,0,Power Users
U04102,65,iOS,17,10.3,46,12,1,26,13,0,1,Casual Browsers
U04103,27,iOS,21,9.3,49,9,2,21,7,0,1,Casual Browsers
U04104,18,iOS,14,9.8,43,5,1,21,8,0,1,Casual Browsers
U04105,21,iOS,25,11.5,88,25,4,13,8,0,2,Steady Engagers
U04106,39,iOS,31,12.6,68,13,1,18,10,0,2,Steady Engagers
U04107,22,Android,11,2.1,22,1,1,44,4,1,3,At-Risk/Dormant
U04108,58,Android,7,1.7,18,3,0,41,0,0,3,At-Risk/Dormant
U04109,42,Web,14,6.3,28,1,0,31,2,0,3,At-Risk/Dormant
U04110,33,Android,14,3.4,32,6,1,33,6,0,3,At-Risk/Dormant
U04111,18,Web,18,7.9,47,12,2,20,7,0,1,Casual Browsers
U04112,41,Android,13,12.6,43,11,1,21,13,0,1,Casual Browsers
U04113,25,iOS,26,15.0,95,30,5,0,13,0,0,Power Users
U04114,64,iOS,26,15.7,74,19,0,11,9,0,2,Steady Engagers
U04115,31,Android,16,3.0,33,4,1,28,4,0,3,At-Risk/Dormant
U04116,40,Web,25,16.0,78,20,1,17,7,0,2,Steady Engagers
U04117,18,Android,40,16.1,119,28,3,1,12,0,0,Power Users
U04118,24,iOS,26,13.0,78,15,3,16,14,0,2,Steady Engagers
U04119,27,iOS,25,9.6,83,12,0,15,7,0,2,Steady Engagers
U04120,20,Web,10,7.5,23,5,0,30,6,0,3,At-Risk/Dormant
U04121,52,iOS,13,12.7,36,8,0,32,4,0,1,Casual Browsers
U04122,63,Web,7,0.5,9,0,0,41,4,1,3,At-Risk/Dormant
U04123,65,Web,16,3.6,40,6,0,43,4,0,3,At-Risk/Dormant
U04124,30,Android,18,4.3,37,8,1,36,6,0,1,Casual Browsers
U04125,55,Web,5,3.9,11,0,0,43,5,1,3,At-Risk/Dormant
U04126,42,Web,13,5.9,24,4,0,40,6,1,3,At-Risk/Dormant
U04127,20,Android,9,7.4,13,2,0,32,8,0,3,At-Risk/Dormant
U04128,22,iOS,7,0.5,13,3,0,44,1,1,3,At-Risk/Dormant
U04129,44,Android,7,8.6,8,1,0,35,6,0,3,At-Risk/Dormant
U04130,38,iOS,16,10.1,42,9,2,29,7,0,1,Casual Browsers
U04131,18,Android,13,7.4,27,2,0,27,5,1,1,Casual Browsers
U04132,62,iOS,28,12.9,111,28,5,10,10,0,0,Power Users
U04133,53,Android,15,7.3,36,5,0,32,6,0,1,Casual Browsers
U04134,42,iOS,23,13.2,71,20,2,8,8,0,2,Steady Engagers
U04135,65,Android,12,4.5,22,2,0,45,4,0,3,At-Risk/Dormant
U04136,64,iOS,26,13.2,92,16,1,13,11,0,2,Steady Engagers
U04137,64,iOS,29,11.7,103,21,2,9,5,0,2,Steady Engagers
U04138,30,iOS,6,3.9,12,2,0,42,2,0,3,At-Risk/Dormant
U04139,60,Android,25,13.8,82,18,2,26,9,0,2,Steady Engagers
U04140,42,Android,12,10.2,25,4,0,24,2,0,1,Casual Browsers
U04141,52,Android,36,13.0,116,32,6,9,21,0,0,Power Users
U04142,59,Web,29,9.5,74,15,1,17,5,0,2,Steady Engagers
U04143,25,Android,23,18.2,61,19,3,10,8,0,2,Steady Engagers
U04144,39,iOS,37,12.6,129,29,2,2,11,0,0,Power Users
U04145,24,Android,18,10.0,42,9,1,24,5,0,1,Casual Browsers
U04146,31,iOS,20,12.2,53,14,2,28,5,0,1,Casual Browsers
U04147,37,Android,6,0.9,12,2,0,41,1,0,3,At-Risk/Dormant
U04148,59,iOS,15,9.0,38,8,1,32,6,0,1,Casual Browsers
U04149,59,Android,24,17.7,89,27,5,10,11,0,0,Power Users
U04150,36,Android,20,13.0,62,11,1,14,13,0,2,Steady Engagers
U04151,33,Android,21,10.1,55,16,1,20,6,0,1,Casual Browsers
U04152,43,Android,23,13.3,87,30,4,5,15,0,0,Power Users
U04153,61,iOS,14,10.1,39,8,1,29,6,0,1,Casual Browsers
U04154,64,Web,11,8.4,19,4,1,33,2,0,3,At-Risk/Dormant
U04155,28,iOS,9,3.0,17,3,0,32,4,0,3,At-Risk/Dormant
U04156,26,Web,25,9.3,91,27,2,20,5,0,2,Steady Engagers
U04157,51,iOS,10,3.8,12,1,0,36,6,0,3,At-Risk/Dormant
U04158,32,Android,29,15.6,97,29,1,5,10,0,2,Steady Engagers
U04159,27,Android,25,9.7,65,12,2,20,11,0,2,Steady Engagers
U04160,19,Android,17,6.0,36,4,0,27,4,0,1,Casual Browsers
U04161,37,Android,37,20.7,147,53,14,0,9,0,0,Power Users
U04162,36,Web,19,12.2,44,7,0,21,5,0,1,Casual Browsers
U04163,45,iOS,18,9.7,38,7,0,32,10,0,1,Casual Browsers
U04164,27,iOS,11,11.8,25,4,1,31,6,0,1,Casual Browsers
U04165,52,iOS,25,12.3,77,18,3,11,17,0,2,Steady Engagers
U04166,50,Android,26,13.7,91,26,6,9,8,0,0,Power Users
U04167,40,iOS,18,2.0,34,6,0,34,6,0,3,At-Risk/Dormant
U04168,26,Android,11,5.7,26,6,1,25,12,0,1,Casual Browsers
U04169,42,Android,23,10.2,60,14,2,17,10,0,2,Steady Engagers
U04170,50,Android,12,8.5,26,1,0,43,6,0,3,At-Risk/Dormant
U04171,35,Android,22,8.9,77,7,0,16,8,0,1,Casual Browsers
U04172,30,iOS,19,15.5,46,7,2,24,7,0,1,Casual Browsers
U04173,42,Android,6,5.8,11,1,0,32,5,0,3,At-Risk/Dormant
U04174,35,Android,30,12.7,112,26,6,2,9,0,0,Power Users
U04175,37,Web,28,10.7,95,28,3,12,9,0,2,Steady Engagers
U04176,34,Web,12,7.4,24,2,0,28,9,0,1,Casual Browsers
U04177,32,iOS,11,10.1,23,5,0,43,9,0,1,Casual Browsers
U04178,52,iOS,30,9.9,75,13,2,21,10,0,2,Steady Engagers
U04179,40,iOS,7,0.5,21,1,1,45,1,0,3,At-Risk/Dormant
U04180,40,Android,32,19.6,104,35,8,11,13,0,0,Power Users
U04181,49,Android,15,4.1,42,6,1,47,5,0,3,At-Risk/Dormant
U04182,35,Android,15,6.3,47,10,3,29,5,0,1,Casual Browsers
U04183,22,Android,15,10.7,48,11,1,28,6,0,1,Casual Browsers
U04184,58,Web,29,18.4,109,26,5,0,15,0,0,Power Users
U04185,20,iOS,26,14.2,61,14,2,14,15,0,2,Steady Engagers
U04186,45,Web,17,6.1,42,12,1,21,13,0,1,Casual Browsers
U04187,30,iOS,31,20.2,113,33,9,2,20,0,0,Power Users
U04188,28,iOS,17,6.1,39,4,0,24,6,0,1,Casual Browsers
U04189,20,iOS,19,13.2,49,11,0,16,4,0,1,Casual Browsers
U04190,61,iOS,12,9.4,35,4,0,37,10,0,1,Casual Browsers
U04191,38,iOS,12,10.7,33,5,0,25,11,0,1,Casual Browsers
U04192,34,Android,21,10.0,62,14,2,17,7,0,1,Casual Browsers
U04193,53,iOS,17,11.0,34,3,0,27,7,0,1,Casual Browsers
U04194,19,Android,14,10.4,40,5,0,21,7,0,1,Casual Browsers
U04195,45,iOS,23,13.8,71,10,2,19,13,0,2,Steady Engagers
U04196,41,Android,16,7.3,33,6,1,20,12,0,1,Casual Browsers
U04197,44,iOS,13,11.8,43,5,2,33,4,0,1,Casual Browsers
U04198,23,Android,17,1.7,34,6,1,33,7,0,3,At-Risk/Dormant
U04199,63,Android,17,10.5,41,3,1,28,10,0,1,Casual Browsers
U04200,29,iOS,9,3.1,19,3,1,45,3,1,3,At-Risk/Dormant
U04201,50,Android,16,10.1,49,11,1,25,6,0,1,Casual Browsers
U04202,53,Web,10,5.4,23,5,0,34,4,0,3,At-Risk/Dormant
U04203,34,Android,19,3.4,34,2,0,30,7,0,1,Casual Browsers
U04204,24,Android,18,5.0,35,4,1,30,3,0,3,At-Risk/Dormant
U04205,32,Android,15,10.0,41,8,1,25,5,0,1,Casual Browsers
U04206,56,Web,10,10.3,25,3,0,23,8,0,1,Casual Browsers
U04207,61,iOS,5,9.5,10,3,1,41,3,0,3,At-Risk/Dormant
U04208,62,Android,12,10.5,31,7,0,24,3,0,1,Casual Browsers
U04209,28,Android,22,11.9,64,15,0,21,8,0,1,Casual Browsers
U04210,47,iOS,25,13.1,59,8,0,27,6,0,1,Casual Browsers
U04211,25,Web,18,12.3,53,13,3,18,5,0,1,Casual Browsers
U04212,52,Android,32,13.2,103,32,7,2,13,0,0,Power Users
U04213,37,Android,7,0.9,18,4,0,40,4,0,3,At-Risk/Dormant
U04214,52,Android,27,20.7,99,21,6,7,9,0,0,Power Users
U04215,50,Android,11,6.6,22,6,2,31,4,0,3,At-Risk/Dormant
U04216,65,iOS,20,11.1,58,13,1,36,7,0,1,Casual Browsers
U04217,41,Web,5,1.4,11,1,0,45,1,0,3,At-Risk/Dormant
U04218,34,Web,8,1.2,14,0,0,36,1,1,3,At-Risk/Dormant
U04219,43,iOS,22,17.9,59,18,3,10,14,0,2,Steady Engagers
U04220,25,Android,31,9.8,90,19,2,12,14,0,2,Steady Engagers
U04221,23,Web,9,5.8,20,3,1,30,4,0,3,At-Risk/Dormant
U04222,42,Android,4,4.3,13,1,0,41,4,0,3,At-Risk/Dormant
U04223,57,Android,16,9.2,35,5,0,19,9,0,1,Casual Browsers
U04224,43,iOS,32,16.7,123,32,2,0,16,0,0,Power Users
U04225,55,Android,15,10.2,44,8,1,24,0,0,1,Casual Browsers
U04226,26,Web,11,11.0,34,3,0,28,8,0,1,Casual Browsers
U04227,39,Web,27,12.4,96,29,8,14,9,0,0,Power Users
U04228,47,iOS,11,6.5,24,5,1,32,5,0,3,At-Risk/Dormant
U04229,34,iOS,23,14.0,69,24,3,2,16,0,2,Steady Engagers
U04230,18,Android,25,9.5,54,10,0,23,7,0,1,Casual Browsers
U04231,21,Android,7,2.4,10,1,0,45,4,1,3,At-Risk/Dormant
U04232,62,iOS,14,9.4,39,6,0,20,6,0,1,Casual Browsers
U04233,47,iOS,28,15.3,106,33,2,20,13,0,2,Steady Engagers
U04234,30,Web,20,6.5,52,7,1,20,7,0,1,Casual Browsers
U04235,30,Android,43,19.6,138,42,11,2,10,0,0,Power Users
U04236,19,Android,34,14.5,107,29,8,4,21,0,0,Power Users
U04237,63,Android,31,11.4,93,23,1,11,9,0,2,Steady Engagers
U04238,23,iOS,25,15.9,77,14,4,14,7,0,2,Steady Engagers
U04239,54,iOS,14,8.7,29,8,2,32,8,0,1,Casual Browsers
U04240,29,Web,17,7.9,45,6,0,17,7,0,1,Casual Browsers
U04241,34,Android,25,15.3,77,16,1,9,9,0,2,Steady Engagers
U04242,31,iOS,10,8.5,19,2,0,29,4,0,3,At-Risk/Dormant
U04243,57,Android,6,0.5,12,1,0,40,5,0,3,At-Risk/Dormant
U04244,19,Android,22,11.8,66,19,2,28,14,0,2,Steady Engagers
U04245,34,Android,18,11.7,45,15,0,22,10,0,1,Casual Browsers
U04246,31,iOS,21,10.3,68,18,1,7,13,0,2,Steady Engagers
U04247,31,iOS,30,18.9,108,29,4,3,8,0,0,Power Users
U04248,27,Android,17,6.8,39,5,0,25,4,0,1,Casual Browsers
U04249,61,iOS,17,6.9,35,6,1,26,6,0,1,Casual Browsers
U04250,36,Web,4,8.7,9,0,0,35,4,1,3,At-Risk/Dormant
U04251,38,Android,21,10.3,75,18,3,16,9,0,2,Steady Engagers
U04252,36,Android,17,6.0,47,9,0,27,11,0,1,Casual Browsers
U04253,65,iOS,11,7.9,31,4,1,35,4,0,3,At-Risk/Dormant
U04254,34,iOS,10,6.7,28,4,0,39,8,0,3,At-Risk/Dormant
U04255,34,Web,6,2.6,7,0,0,49,2,1,3,At-Risk/Dormant
U04256,33,Android,31,12.8,119,39,10,3,15,0,0,Power Users
U04257,33,iOS,30,16.7,124,29,9,0,15,0,0,Power Users
U04258,22,Web,12,4.3,24,6,0,39,2,1,3,At-Risk/Dormant
U04259,47,Android,23,11.9,67,21,5,12,10,0,2,Steady Engagers
U04260,19,Android,9,1.1,16,2,1,41,4,0,3,At-Risk/Dormant
U04261,28,Web,17,7.9,49,14,4,22,9,0,1,Casual Browsers
U04262,27,Android,21,13.2,54,6,1,17,11,0,1,Casual Browsers
U04263,31,iOS,33,14.2,104,34,4,7,5,0,0,Power Users
U04264,54,Web,11,8.1,23,4,1,26,6,0,1,Casual Browsers
U04265,46,Android,13,4.4,33,3,0,37,4,0,3,At-Risk/Dormant
U04266,65,iOS,21,12.9,61,19,4,8,7,0,2,Steady Engagers
U04267,34,iOS,7,4.7,13,0,0,35,5,0,3,At-Risk/Dormant
U04268,62,Web,25,10.5,75,16,2,20,7,0,2,Steady Engagers
U04269,20,Web,37,14.4,116,33,6,0,9,0,0,Power Users
U04270,42,Web,8,5.7,23,2,0,41,3,1,3,At-Risk/Dormant
U04271,56,Android,19,11.9,54,8,2,30,11,0,1,Casual Browsers
U04272,43,iOS,25,8.1,81,11,0,17,13,0,2,Steady Engagers
U04273,62,Web,25,13.9,67,13,0,17,8,0,2,Steady Engagers
U04274,33,iOS,21,10.1,61,13,2,16,8,0,2,Steady Engagers
U04275,19,iOS,28,10.9,93,20,3,9,11,0,2,Steady Engagers
U04276,55,Android,18,8.0,59,12,2,23,7,0,1,Casual Browsers
U04277,21,Web,21,6.0,57,5,0,26,12,0,1,Casual Browsers
U04278,54,Android,20,9.5,57,14,1,8,12,0,2,Steady Engagers
U04279,53,Android,35,21.0,152,48,6,0,15,0,0,Power Users
U04280,58,Web,13,12.9,49,8,1,23,2,0,1,Casual Browsers
U04281,40,Web,5,3.7,13,2,1,34,3,1,3,At-Risk/Dormant
U04282,60,Web,17,9.1,47,11,0,26,5,0,1,Casual Browsers
U04283,26,iOS,23,9.8,69,13,3,20,12,0,2,Steady Engagers
U04284,38,Android,17,6.8,49,9,4,22,12,0,1,Casual Browsers
U04285,23,iOS,7,4.1,20,0,0,36,4,1,3,At-Risk/Dormant
U04286,54,Android,16,7.4,40,6,0,30,8,0,1,Casual Browsers
U04287,52,Web,17,9.6,33,7,0,29,9,0,1,Casual Browsers
U04288,56,iOS,13,0.5,23,3,0,39,3,0,3,At-Risk/Dormant
U04289,54,Android,15,6.0,28,3,1,35,7,0,3,At-Risk/Dormant
U04290,32,Android,9,8.0,12,0,0,40,3,0,3,At-Risk/Dormant
U04291,21,Android,15,2.7,45,7,1,27,6,0,1,Casual Browsers
U04292,62,Web,13,6.4,23,1,0,36,9,1,3,At-Risk/Dormant
U04293,41,iOS,15,6.8,34,7,3,30,6,0,1,Casual Browsers
U04294,22,Android,12,8.9,30,8,1,32,7,0,1,Casual Browsers
U04295,62,Android,38,19.6,122,44,13,0,15,0,0,Power Users
U04296,65,Android,14,11.8,48,10,2,31,8,0,1,Casual Browsers
U04297,39,Android,19,13.8,50,12,0,21,8,0,1,Casual Browsers
U04298,54,Web,28,8.2,84,11,3,19,11,0,2,Steady Engagers
U04299,19,iOS,18,11.7,47,10,1,26,7,0,1,Casual Browsers
U04300,22,Android,24,8.1,61,12,3,25,9,0,1,Casual Browsers
U04301,31,iOS,12,9.7,23,3,0,26,5,0,1,Casual Browsers
U04302,49,Android,9,4.7,23,0,0,32,2,0,3,At-Risk/Dormant
U04303,24,Android,32,11.0,104,26,3,25,10,0,2,Steady Engagers
U04304,19,iOS,14,2.6,22,3,0,33,5,0,3,At-Risk/Dormant
U04305,50,Android,21,11.3,50,8,2,14,5,0,1,Casual Browsers
U04306,54,iOS,5,1.4,7,0,0,49,2,1,3,At-Risk/Dormant
U04307,53,Web,5,6.6,9,0,0,42,0,0,3,At-Risk/Dormant
U04308,56,Web,16,10.8,41,7,1,26,6,0,1,Casual Browsers
U04309,56,Android,27,14.5,87,19,3,12,12,0,2,Steady Engagers
U04310,46,iOS,7,7.3,21,3,0,41,4,0,3,At-Risk/Dormant
U04311,42,Android,14,10.9,41,9,0,26,4,0,1,Casual Browsers
U04312,59,iOS,28,15.0,101,25,4,9,13,0,0,Power Users
U04313,34,Android,8,1.6,8,0,0,41,1,1,3,At-Risk/Dormant
U04314,22,iOS,11,6.7,28,5,0,33,5,0,3,At-Risk/Dormant
U04315,54,Android,16,4.6,44,6,1,31,2,0,3,At-Risk/Dormant
U04316,31,Web,17,9.2,60,13,0,26,9,0,1,Casual Browsers
U04317,64,Web,21,8.7,50,9,0,23,5,0,1,Casual Browsers
U04318,37,Android,17,4.2,42,14,2,21,5,0,1,Casual Browsers
U04319,58,iOS,12,2.6,29,2,1,32,7,0,3,At-Risk/Dormant
U04320,20,Android,8,2.2,10,0,0,57,4,1,3,At-Risk/Dormant
U04321,49,iOS,31,9.6,114,30,4,0,10,0,0,Power Users
U04322,39,Android,12,9.8,27,6,0,30,2,0,3,At-Risk/Dormant
U04323,40,Android,3,3.7,13,3,0,41,2,1,3,At-Risk/Dormant
U04324,30,iOS,18,7.8,50,13,0,25,7,0,1,Casual Browsers
U04325,64,iOS,24,15.3,76,19,2,15,9,0,2,Steady Engagers
U04326,36,iOS,32,17.0,109,36,7,6,11,0,0,Power Users
U04327,58,iOS,24,16.1,90,19,2,9,17,0,2,Steady Engagers
U04328,38,Android,18,8.2,39,6,0,34,5,0,1,Casual Browsers
U04329,20,Android,30,13.0,82,25,1,20,13,0,2,Steady Engagers
U04330,60,iOS,10,5.0,21,2,0,38,6,0,3,At-Risk/Dormant
U04331,26,iOS,9,5.2,20,2,0,36,2,1,3,At-Risk/Dormant
U04332,30,Android,26,7.5,68,16,6,22,9,0,2,Steady Engagers
U04333,59,Android,25,4.6,72,14,1,25,8,0,1,Casual Browsers
U04334,60,iOS,27,10.3,92,22,3,13,10,0,2,Steady Engagers
U04335,62,iOS,18,7.0,28,3,0,31,1,0,3,At-Risk/Dormant
U04336,38,Web,27,12.5,86,28,4,7,11,0,2,Steady Engagers
U04337,54,Android,29,12.5,102,28,7,15,14,0,0,Power Users
U04338,33,iOS,22,15.0,76,21,1,6,9,0,2,Steady Engagers
U04339,53,iOS,9,9.0,12,4,0,42,9,0,3,At-Risk/Dormant
U04340,42,Android,32,14.0,94,19,1,13,14,0,2,Steady Engagers
U04341,20,Android,28,15.2,103,31,4,4,8,0,0,Power Users
U04342,38,Android,13,7.9,41,5,0,34,6,0,1,Casual Browsers
U04343,40,Web,26,21.1,90,28,7,3,15,0,0,Power Users
U04344,30,Android,19,3.1,36,3,0,32,11,0,1,Casual Browsers
U04345,35,iOS,7,8.9,16,3,0,34,3,0,3,At-Risk/Dormant
U04346,42,iOS,12,5.9,30,5,0,33,2,0,3,At-Risk/Dormant
U04347,20,Android,5,3.2,14,1,0,46,1,1,3,At-Risk/Dormant
U04348,25,Web,30,15.0,84,24,3,7,14,0,2,Steady Engagers
U04349,54,iOS,12,0.5,32,5,1,39,1,0,3,At-Risk/Dormant
U04350,34,Android,9,4.2,20,4,1,33,5,1,3,At-Risk/Dormant
U04351,47,iOS,8,6.4,16,4,0,34,4,0,3,At-Risk/Dormant
U04352,45,iOS,29,16.0,99,32,4,6,9,0,0,Power Users
U04353,44,Android,24,12.9,76,18,1,17,8,0,2,Steady Engagers
U04354,37,iOS,17,8.9,52,8,2,35,5,0,1,Casual Browsers
U04355,41,iOS,16,12.7,45,4,0,29,1,0,1,Casual Browsers
U04356,57,Android,28,12.3,100,31,6,6,7,0,0,Power Users
U04357,64,Web,6,8.4,11,4,0,31,3,0,3,At-Risk/Dormant
U04358,30,iOS,12,9.6,29,3,0,27,2,0,3,At-Risk/Dormant
U04359,50,iOS,28,17.7,101,27,4,0,11,0,0,Power Users
U04360,64,Android,5,2.9,7,1,0,42,3,0,3,At-Risk/Dormant
U04361,18,Android,5,2.3,5,1,0,45,2,1,3,At-Risk/Dormant
U04362,55,Android,10,4.7,22,1,0,33,3,0,3,At-Risk/Dormant
U04363,41,iOS,13,9.6,30,3,1,38,5,1,3,At-Risk/Dormant
U04364,64,iOS,14,12.1,23,4,0,32,4,0,1,Casual Browsers
U04365,45,iOS,12,4.9,27,4,0,24,11,0,1,Casual Browsers
U04366,58,Android,22,13.3,61,18,4,11,14,0,2,Steady Engagers
U04367,25,iOS,26,6.6,67,16,4,18,10,0,2,Steady Engagers
U04368,24,Web,6,0.5,14,0,0,48,1,0,3,At-Risk/Dormant
U04369,62,iOS,13,10.7,33,10,1,30,4,0,1,Casual Browsers
U04370,43,iOS,11,2.6,15,3,0,35,5,0,3,At-Risk/Dormant
U04371,44,Web,8,3.1,11,0,0,36,2,0,3,At-Risk/Dormant
U04372,26,Android,25,12.9,93,25,4,6,14,0,2,Steady Engagers
U04373,28,iOS,15,12.3,38,9,2,27,14,0,1,Casual Browsers
U04374,57,Web,28,13.8,92,28,4,11,15,0,0,Power Users
U04375,32,iOS,17,11.5,42,7,0,27,4,0,1,Casual Browsers
U04376,46,Android,4,2.9,9,0,0,52,3,1,3,At-Risk/Dormant
U04377,33,Web,3,0.8,10,1,0,41,0,1,3,At-Risk/Dormant
U04378,30,Android,29,11.4,95,20,2,3,8,0,2,Steady Engagers
U04379,25,Android,20,10.6,59,11,3,20,5,0,1,Casual Browsers
U04380,62,Android,23,11.3,61,8,1,19,9,0,1,Casual Browsers
U04381,63,iOS,28,16.7,108,32,9,13,11,0,0,Power Users
U04382,23,Android,25,13.0,89,19,4,13,6,0,2,Steady Engagers
U04383,34,iOS,19,11.6,51,10,1,46,4,0,1,Casual Browsers
U04384,45,Web,17,8.9,38,7,2,27,1,0,1,Casual Browsers
U04385,36,iOS,14,6.9,24,5,0,39,4,0,3,At-Risk/Dormant
U04386,52,iOS,34,14.3,121,39,5,1,9,0,0,Power Users
U04387,30,Web,14,4.1,31,4,1,37,3,0,3,At-Risk/Dormant
U04388,20,Web,5,0.5,14,0,0,43,3,1,3,At-Risk/Dormant
U04389,34,Android,12,6.4,27,3,0,25,4,0,3,At-Risk/Dormant
U04390,46,Android,15,13.3,45,8,0,24,9,0,1,Casual Browsers
U04391,26,iOS,16,10.2,55,16,1,36,11,0,1,Casual Browsers
U04392,57,Web,28,13.0,107,28,4,4,10,0,0,Power Users
U04393,18,iOS,28,10.6,96,25,4,18,8,0,2,Steady Engagers
U04394,21,Android,36,18.7,115,25,4,6,16,0,0,Power Users
U04395,42,iOS,34,17.1,122,30,3,0,17,0,0,Power Users
U04396,42,iOS,21,9.3,43,7,2,27,7,0,1,Casual Browsers
U04397,32,iOS,39,13.2,146,31,6,5,12,0,0,Power Users
U04398,30,Web,9,0.5,23,1,0,34,2,1,3,At-Risk/Dormant
U04399,21,iOS,13,3.2,29,5,0,29,2,0,3,At-Risk/Dormant
U04400,49,iOS,21,10.0,59,18,2,13,10,0,2,Steady Engagers
U04401,36,iOS,23,8.2,46,13,0,20,9,0,1,Casual Browsers
U04402,23,iOS,29,16.3,126,40,8,2,11,0,0,Power Users
U04403,37,iOS,28,9.6,70,8,0,25,7,0,1,Casual Browsers
U04404,62,iOS,17,7.5,34,4,0,30,5,0,1,Casual Browsers
U04405,30,iOS,16,9.7,39,3,0,26,5,0,1,Casual Browsers
U04406,60,iOS,6,5.8,14,1,0,41,1,0,3,At-Risk/Dormant
U04407,30,iOS,9,7.6,19,1,0,37,6,0,3,At-Risk/Dormant
U04408,26,Android,17,7.0,39,11,1,26,7,0,1,Casual Browsers
U04409,30,iOS,31,18.0,125,31,4,0,19,0,0,Power Users
U04410,33,iOS,7,6.3,19,4,1,35,4,1,3,At-Risk/Dormant
U04411,23,Android,16,10.8,40,8,0,19,6,0,1,Casual Browsers
U04412,46,Android,40,14.6,131,32,3,2,17,0,0,Power Users
U04413,34,Android,11,3.4,23,4,0,31,8,0,3,At-Risk/Dormant
U04414,52,Web,6,4.3,15,3,0,37,3,0,3,At-Risk/Dormant
U04415,41,Web,32,12.9,88,24,6,12,12,0,0,Power Users
U04416,39,iOS,21,13.1,62,9,0,17,5,0,1,Casual Browsers
U04417,40,Android,9,5.0,15,2,0,33,5,0,3,At-Risk/Dormant
U04418,25,iOS,26,6.6,67,11,2,19,11,0,2,Steady Engagers
U04419,52,iOS,21,9.4,74,22,6,15,9,0,2,Steady Engagers
U04420,22,Web,22,11.0,69,22,2,15,8,0,2,Steady Engagers
U04421,52,Android,15,8.1,34,4,0,24,9,0,1,Casual Browsers
U04422,65,Android,9,1.7,16,3,1,35,6,1,3,At-Risk/Dormant
U04423,54,iOS,17,9.2,50,10,0,17,8,0,1,Casual Browsers
U04424,39,Android,34,20.0,124,31,7,11,7,0,0,Power Users
U04425,33,iOS,32,12.9,96,18,2,15,16,0,2,Steady Engagers
U04426,59,iOS,28,12.2,98,22,2,12,13,0,2,Steady Engagers
U04427,30,Android,3,0.5,4,1,0,40,0,1,3,At-Risk/Dormant
U04428,41,Android,15,6.8,37,3,0,28,4,1,1,Casual Browsers
U04429,55,iOS,11,2.2,25,7,0,31,8,0,3,At-Risk/Dormant
U04430,62,Web,14,8.7,47,7,0,32,7,0,1,Casual Browsers
U04431,62,iOS,33,12.1,104,27,6,7,14,0,0,Power Users
U04432,22,Android,27,15.3,100,17,2,17,11,0,2,Steady Engagers
U04433,61,iOS,36,18.4,120,32,7,15,9,0,0,Power Users
U04434,23,iOS,28,12.7,87,24,3,28,8,0,2,Steady Engagers
U04435,46,iOS,35,12.6,129,35,5,10,9,0,0,Power Users
U04436,62,iOS,5,4.6,15,2,1,34,4,0,3,At-Risk/Dormant
U04437,49,Android,14,2.8,36,5,0,28,7,0,3,At-Risk/Dormant
U04438,63,iOS,25,9.8,67,9,4,23,13,0,2,Steady Engagers
U04439,34,iOS,17,5.8,44,12,0,26,10,0,1,Casual Browsers
U04440,33,Android,19,13.5,55,14,2,21,13,0,2,Steady Engagers
U04441,33,iOS,26,5.2,69,15,1,33,13,0,1,Casual Browsers
U04442,35,Web,10,4.3,23,3,0,28,9,0,3,At-Risk/Dormant
U04443,50,iOS,14,8.6,34,4,0,32,3,0,3,At-Risk/Dormant
U04444,39,Android,10,2.3,14,2,1,44,3,1,3,At-Risk/Dormant
U04445,53,iOS,12,10.6,37,8,0,36,5,0,1,Casual Browsers
U04446,37,Android,12,6.0,27,1,0,45,4,0,3,At-Risk/Dormant
U04447,32,iOS,17,8.1,45,8,0,39,8,0,1,Casual Browsers
U04448,27,iOS,13,9.4,36,6,0,26,6,0,1,Casual Browsers
U04449,44,Android,16,9.5,40,10,2,25,4,0,1,Casual Browsers
U04450,61,Android,12,4.5,31,2,0,47,3,1,3,At-Risk/Dormant
U04451,59,Web,20,6.1,41,7,0,28,6,0,1,Casual Browsers
U04452,30,Android,18,13.5,49,10,1,22,9,0,1,Casual Browsers
U04453,40,Web,12,4.6,25,1,0,41,4,0,3,At-Risk/Dormant
U04454,51,iOS,16,10.2,52,13,2,23,9,0,1,Casual Browsers
U04455,47,iOS,18,12.7,55,17,1,24,12,0,2,Steady Engagers
U04456,21,Android,26,15.9,84,20,2,8,12,0,2,Steady Engagers
U04457,46,Android,19,13.6,41,9,3,18,5,0,1,Casual Browsers
U04458,19,Android,24,10.7,71,18,3,30,9,0,2,Steady Engagers
U04459,23,iOS,7,4.3,17,5,0,31,5,1,3,At-Risk/Dormant
U04460,49,Web,21,9.4,58,6,1,21,13,0,1,Casual Browsers
U04461,22,Web,5,7.1,18,3,0,39,3,0,3,At-Risk/Dormant
U04462,34,Android,25,11.8,69,17,3,21,9,0,2,Steady Engagers
U04463,46,Android,27,18.0,120,36,7,0,15,0,0,Power Users
U04464,49,Android,21,12.9,73,16,5,16,11,0,2,Steady Engagers
U04465,39,Web,30,12.0,104,22,3,19,7,0,2,Steady Engagers
U04466,22,Android,31,19.9,133,44,9,0,16,0,0,Power Users
U04467,56,Android,16,10.2,46,10,1,20,7,0,1,Casual Browsers
U04468,63,iOS,17,17.6,44,1,0,14,12,0,1,Casual Browsers
U04469,60,iOS,6,6.2,14,0,0,32,3,1,3,At-Risk/Dormant
U04470,53,Android,27,13.2,72,18,3,10,9,0,2,Steady Engagers
U04471,37,iOS,15,7.6,47,10,2,27,2,0,1,Casual Browsers
U04472,60,Android,9,2.2,16,2,0,39,5,0,3,At-Risk/Dormant
U04473,41,Android,25,13.5,87,28,3,9,12,0,2,Steady Engagers
U04474,24,Android,33,18.8,121,31,7,5,13,0,0,Power Users
U04475,58,Android,17,7.2,42,9,4,24,3,0,1,Casual Browsers
U04476,33,Web,11,5.0,31,3,0,46,2,1,3,At-Risk/Dormant
U04477,63,iOS,25,9.6,85,19,2,14,9,0,2,Steady Engagers
U04478,35,iOS,30,22.6,103,36,7,6,13,0,0,Power Users
U04479,59,Android,14,2.1,22,4,0,41,3,0,3,At-Risk/Dormant
U04480,43,iOS,18,4.0,41,9,0,26,5,0,1,Casual Browsers
U04481,40,Web,31,12.1,91,19,2,17,11,0,2,Steady Engagers
U04482,32,Android,13,6.4,21,2,0,34,4,0,3,At-Risk/Dormant
U04483,58,Web,14,9.7,37,6,1,32,7,0,1,Casual Browsers
U04484,20,iOS,9,5.3,16,1,0,37,0,1,3,At-Risk/Dormant
U04485,40,iOS,21,8.3,80,9,0,28,8,0,1,Casual Browsers
U04486,35,Android,13,6.5,25,6,0,29,3,0,3,At-Risk/Dormant
U04487,44,iOS,20,12.7,62,12,1,23,8,0,1,Casual Browsers
U04488,30,iOS,18,11.0,42,10,0,23,9,0,1,Casual Browsers
U04489,49,Web,15,6.6,39,3,0,34,3,0,3,At-Risk/Dormant
U04490,36,Web,17,15.4,54,8,0,21,15,0,2,Steady Engagers
U04491,27,Android,31,11.8,89,24,5,10,8,0,2,Steady Engagers
U04492,27,Web,10,6.1,18,2,0,40,2,1,3,At-Risk/Dormant
U04493,51,Web,21,11.5,56,20,2,12,10,0,2,Steady Engagers
U04494,30,iOS,7,7.9,16,2,0,41,3,0,3,At-Risk/Dormant
U04495,32,Android,27,11.3,81,17,0,22,14,0,2,Steady Engagers
U04496,48,Android,14,4.7,26,6,1,39,3,0,3,At-Risk/Dormant
U04497,33,Android,10,1.4,24,1,0,36,3,1,3,At-Risk/Dormant
U04498,36,Android,21,10.7,45,4,0,26,4,0,1,Casual Browsers
U04499,29,Web,12,10.0,23,1,0,39,4,1,3,At-Risk/Dormant
U04500,34,Android,19,6.8,50,9,1,28,9,0,1,Casual Browsers
U04501,51,iOS,20,10.6,48,15,3,13,12,0,2,Steady Engagers
U04502,43,iOS,13,1.0,27,7,1,31,5,0,3,At-Risk/Dormant
U04503,65,iOS,28,5.4,79,19,2,22,5,0,2,Steady Engagers
U04504,55,Android,15,9.6,47,11,3,20,9,0,1,Casual Browsers
U04505,18,iOS,15,4.1,34,7,0,37,3,0,3,At-Risk/Dormant
U04506,36,iOS,22,10.1,80,17,4,11,16,0,2,Steady Engagers
U04507,31,iOS,19,8.4,58,16,2,14,13,0,2,Steady Engagers
U04508,46,Android,24,16.3,72,14,3,13,6,0,2,Steady Engagers
U04509,30,iOS,6,6.5,13,0,0,42,0,1,3,At-Risk/Dormant
U04510,64,Android,7,3.2,12,1,1,53,1,1,3,At-Risk/Dormant
U04511,32,iOS,42,17.3,158,45,7,0,18,0,0,Power Users
U04512,43,Android,10,5.7,27,4,0,41,6,1,3,At-Risk/Dormant
U04513,23,Android,20,10.4,59,11,5,30,12,0,2,Steady Engagers
U04514,61,Web,13,6.4,23,6,0,41,10,1,3,At-Risk/Dormant
U04515,61,Android,23,10.3,70,16,6,7,18,0,2,Steady Engagers
U04516,56,Web,35,13.0,125,24,2,5,6,0,2,Steady Engagers
U04517,34,Web,12,4.3,33,5,0,25,6,0,3,At-Risk/Dormant
U04518,20,Android,34,14.7,112,33,1,5,18,0,0,Power Users
U04519,52,Android,25,15.3,83,18,4,11,14,0,2,Steady Engagers
U04520,38,Android,13,2.3,20,3,0,41,4,0,3,At-Risk/Dormant
U04521,65,Web,18,9.6,45,13,2,21,12,0,1,Casual Browsers
U04522,51,iOS,17,7.6,52,8,2,26,9,0,1,Casual Browsers
U04523,43,Android,8,6.2,25,3,0,35,5,0,3,At-Risk/Dormant
U04524,65,iOS,17,13.3,57,11,0,21,6,0,1,Casual Browsers
U04525,56,Android,18,7.6,58,7,0,20,9,0,1,Casual Browsers
U04526,40,iOS,22,9.7,75,26,5,13,10,0,2,Steady Engagers
U04527,18,iOS,10,0.5,19,2,0,39,3,1,3,At-Risk/Dormant
U04528,22,Android,22,8.6,68,15,2,23,7,0,1,Casual Browsers
U04529,39,Web,23,17.1,80,23,3,7,8,0,2,Steady Engagers
U04530,44,Android,17,10.6,42,6,0,28,9,1,1,Casual Browsers
U04531,19,iOS,22,9.1,48,7,1,28,8,0,1,Casual Browsers
U04532,24,iOS,8,3.4,9,3,0,37,4,1,3,At-Risk/Dormant
U04533,51,Web,16,5.6,46,8,0,24,11,0,1,Casual Browsers
U04534,54,iOS,8,0.8,17,0,0,40,3,1,3,At-Risk/Dormant
U04535,19,Web,30,13.5,76,23,5,9,6,0,2,Steady Engagers
U04536,42,Android,18,7.7,38,7,0,25,8,0,1,Casual Browsers
U04537,21,Web,10,3.7,14,2,0,37,2,1,3,At-Risk/Dormant
U04538,52,Android,35,18.8,109,37,6,0,14,0,0,Power Users
U04539,58,iOS,21,14.7,77,19,5,10,10,0,2,Steady Engagers
U04540,59,Android,25,12.8,81,19,4,11,10,0,2,Steady Engagers
U04541,46,Web,22,12.1,55,12,2,21,12,0,2,Steady Engagers
U04542,48,Web,9,2.9,21,1,0,40,4,1,3,At-Risk/Dormant
U04543,62,Android,36,13.1,136,33,8,3,10,0,0,Power Users
U04544,47,iOS,17,3.2,35,2,0,34,4,0,3,At-Risk/Dormant
U04545,39,iOS,17,10.6,44,5,1,26,13,0,1,Casual Browsers
U04546,54,Android,18,7.8,65,13,1,25,7,0,1,Casual Browsers
U04547,46,iOS,11,8.7,33,4,1,28,6,0,1,Casual Browsers
U04548,58,iOS,17,13.3,41,8,2,26,12,0,1,Casual Browsers
U04549,43,iOS,32,11.6,112,25,1,7,6,0,2,Steady Engagers
U04550,59,Android,15,7.4,24,3,0,31,3,0,3,At-Risk/Dormant
U04551,20,Web,4,2.1,5,0,0,49,1,1,3,At-Risk/Dormant
U04552,19,Android,26,15.0,85,20,2,6,11,0,2,Steady Engagers
U04553,22,iOS,24,13.4,50,10,3,24,9,0,2,Steady Engagers
U04554,44,Android,23,12.6,75,22,1,31,6,0,2,Steady Engagers
U04555,52,Android,37,17.8,117,32,8,0,13,0,0,Power Users
U04556,28,Android,13,11.5,28,4,0,29,5,0,1,Casual Browsers
U04557,25,Android,34,6.4,89,8,0,26,13,0,2,Steady Engagers
U04558,59,iOS,6,2.2,17,2,0,35,5,0,3,At-Risk/Dormant
U04559,54,iOS,30,16.0,86,34,6,1,12,0,0,Power Users
U04560,49,iOS,21,13.7,60,12,0,13,7,0,1,Casual Browsers
U04561,41,iOS,12,6.4,23,0,0,37,5,0,3,At-Risk/Dormant
U04562,38,Android,9,7.4,18,3,0,32,9,0,3,At-Risk/Dormant
U04563,18,Android,26,15.9,90,20,3,16,7,0,2,Steady Engagers
U04564,27,iOS,21,13.0,61,12,1,17,12,0,2,Steady Engagers
U04565,61,iOS,12,5.4,35,7,0,34,4,0,3,At-Risk/Dormant
U04566,34,iOS,31,19.6,107,31,2,1,14,0,0,Power Users
U04567,51,Android,22,10.0,53,7,2,23,9,0,1,Casual Browsers
U04568,51,Web,15,6.6,43,7,0,35,8,0,1,Casual Browsers
U04569,32,Android,22,6.1,58,19,2,19,4,0,1,Casual Browsers
U04570,27,iOS,20,15.3,81,22,4,6,13,0,2,Steady Engagers
U04571,51,Android,24,14.7,62,12,1,20,6,0,2,Steady Engagers
U04572,22,iOS,22,18.4,74,21,5,14,7,0,2,Steady Engagers
U04573,41,Android,10,5.4,25,3,1,41,1,0,3,At-Risk/Dormant
U04574,60,iOS,12,4.1,21,4,0,53,0,0,3,At-Risk/Dormant
U04575,52,Android,23,14.1,75,17,3,10,9,0,2,Steady Engagers
U04576,54,iOS,30,18.7,109,30,7,4,22,0,0,Power Users
U04577,21,Android,24,12.7,76,12,4,18,10,0,2,Steady Engagers
U04578,27,iOS,7,5.7,16,2,0,42,3,1,3,At-Risk/Dormant
U04579,31,Android,5,8.2,6,1,0,38,4,1,3,At-Risk/Dormant
U04580,32,Android,17,17.0,62,21,2,8,9,0,2,Steady Engagers
U04581,27,iOS,16,9.2,31,4,0,29,4,0,1,Casual Browsers
U04582,64,Android,19,10.6,63,13,4,14,12,0,2,Steady Engagers
U04583,25,Android,25,15.7,75,18,2,7,13,0,2,Steady Engagers
U04584,51,Web,3,0.7,3,1,0,53,1,1,3,At-Risk/Dormant
U04585,46,Web,10,7.3,18,3,0,35,3,1,3,At-Risk/Dormant
U04586,47,Web,11,6.8,25,4,0,32,5,0,3,At-Risk/Dormant
U04587,28,Android,11,9.9,22,2,0,32,8,0,1,Casual Browsers
U04588,32,iOS,16,8.8,37,12,1,25,10,0,1,Casual Browsers
U04589,47,iOS,14,4.7,36,4,1,24,7,1,1,Casual Browsers
U04590,32,Android,31,15.1,87,25,2,6,8,0,2,Steady Engagers
U04591,51,iOS,31,11.3,111,37,9,4,13,0,0,Power Users
U04592,19,Android,29,10.0,94,18,5,9,9,0,2,Steady Engagers
U04593,21,Web,21,12.1,58,14,1,22,9,0,1,Casual Browsers
U04594,52,iOS,26,12.1,88,20,4,10,7,0,2,Steady Engagers
U04595,47,iOS,25,14.8,92,27,8,0,21,0,0,Power Users
U04596,20,iOS,22,14.0,66,15,5,5,13,0,2,Steady Engagers
U04597,61,Android,23,16.5,67,18,3,6,9,0,2,Steady Engagers
U04598,18,Android,31,16.3,117,32,5,11,7,0,0,Power Users
U04599,63,iOS,27,18.3,107,38,6,10,10,0,0,Power Users
U04600,53,iOS,22,15.5,81,21,2,19,7,0,2,Steady Engagers
U04601,65,iOS,18,8.5,50,6,0,29,8,0,1,Casual Browsers
U04602,63,Android,7,6.0,15,1,0,38,3,1,3,At-Risk/Dormant
U04603,33,iOS,11,5.7,34,7,1,25,6,0,1,Casual Browsers
U04604,54,Android,20,13.1,67,18,5,9,6,0,2,Steady Engagers
U04605,28,Android,28,14.2,79,10,0,12,6,0,2,Steady Engagers
U04606,40,Web,11,5.4,29,5,0,30,4,0,3,At-Risk/Dormant
U04607,29,iOS,17,6.9,41,7,0,42,6,0,3,At-Risk/Dormant
U04608,41,iOS,12,9.4,30,7,0,29,4,0,1,Casual Browsers
U04609,59,Web,22,9.5,85,19,1,13,9,0,2,Steady Engagers
U04610,38,Android,15,1.8,42,6,0,28,7,0,3,At-Risk/Dormant
U04611,22,Web,7,8.7,15,2,1,32,5,0,3,At-Risk/Dormant
U04612,33,iOS,15,12.3,41,5,0,38,4,0,1,Casual Browsers
U04613,55,iOS,16,10.0,35,6,1,25,8,0,1,Casual Browsers
U04614,43,Android,14,3.5,34,6,0,30,3,1,3,At-Risk/Dormant
U04615,44,Android,22,14.6,81,16,3,27,14,0,2,Steady Engagers
U04616,38,Android,26,11.0,92,19,2,21,8,0,2,Steady Engagers
U04617,32,Android,12,7.6,41,9,0,33,1,0,3,At-Risk/Dormant
U04618,46,Android,25,18.6,77,22,4,11,16,0,2,Steady Engagers
U04619,48,iOS,3,1.3,7,1,0,54,7,0,3,At-Risk/Dormant
U04620,61,iOS,40,17.7,146,52,6,6,14,0,0,Power Users
U04621,47,Android,23,11.3,60,12,1,28,11,0,1,Casual Browsers
U04622,65,iOS,20,11.3,48,11,2,17,10,0,1,Casual Browsers
U04623,57,Web,17,8.2,48,13,1,29,9,0,1,Casual Browsers
U04624,21,iOS,15,3.0,24,3,0,31,2,0,3,At-Risk/Dormant
U04625,36,iOS,18,13.4,51,6,1,23,10,0,1,Casual Browsers
U04626,36,iOS,15,11.4,46,5,0,31,4,0,1,Casual Browsers
U04627,18,Android,7,10.0,12,2,0,34,3,0,3,At-Risk/Dormant
U04628,26,Android,9,2.3,15,4,0,43,6,0,3,At-Risk/Dormant
U04629,54,Web,5,3.8,13,2,0,49,5,1,3,At-Risk/Dormant
U04630,34,iOS,13,11.4,33,5,1,33,3,0,1,Casual Browsers
U04631,25,iOS,23,11.7,63,14,2,13,6,0,2,Steady Engagers
U04632,31,Web,24,6.2,41,2,1,32,3,0,1,Casual Browsers
U04633,31,Android,19,15.2,79,18,4,9,16,0,2,Steady Engagers
U04634,26,Android,25,9.2,73,15,0,12,10,0,2,Steady Engagers
U04635,22,iOS,31,8.4,95,20,3,10,10,0,2,Steady Engagers
U04636,54,Android,15,11.0,34,4,0,36,2,1,1,Casual Browsers
U04637,57,iOS,30,14.3,101,31,4,5,10,0,0,Power Users
U04638,41,Web,13,12.5,43,8,0,22,9,0,1,Casual Browsers
U04639,47,iOS,10,4.5,26,3,1,35,5,1,3,At-Risk/Dormant
U04640,62,Android,19,9.8,34,2,1,27,5,0,1,Casual Browsers
U04641,58,iOS,20,14.3,70,17,1,8,11,0,2,Steady Engagers
U04642,19,Android,6,0.5,14,2,0,39,2,1,3,At-Risk/Dormant
U04643,63,Web,15,8.9,48,10,2,29,7,0,1,Casual Browsers
U04644,21,Android,21,11.6,48,8,1,21,8,0,1,Casual Browsers
U04645,19,Web,21,11.3,57,12,2,19,12,0,2,Steady Engagers
U04646,37,iOS,25,11.8,65,14,2,13,6,0,2,Steady Engagers
U04647,53,Android,8,0.5,17,2,0,37,0,0,3,At-Risk/Dormant
U04648,21,iOS,36,17.2,119,42,2,0,18,0,0,Power Users
U04649,32,Android,29,9.6,87,22,4,19,10,0,2,Steady Engagers
U04650,30,iOS,26,10.9,64,15,3,12,14,0,2,Steady Engagers
U04651,37,Web,5,0.5,8,3,1,42,0,1,3,At-Risk/Dormant
U04652,65,Web,16,6.9,42,6,1,37,6,1,1,Casual Browsers
U04653,33,Android,7,4.6,11,0,0,38,5,1,3,At-Risk/Dormant
U04654,28,iOS,30,15.1,111,35,3,1,15,0,0,Power Users
U04655,23,Web,23,16.1,60,16,2,12,12,0,2,Steady Engagers
U04656,27,Web,12,5.1,20,5,0,37,2,0,3,At-Risk/Dormant
U04657,24,Android,23,8.6,56,12,0,11,6,0,1,Casual Browsers
U04658,45,Android,9,2.5,17,2,0,41,4,1,3,At-Risk/Dormant
U04659,38,Web,16,5.9,35,2,0,31,4,0,3,At-Risk/Dormant
U04660,41,Android,29,15.0,105,25,5,14,18,0,0,Power Users
U04661,57,Android,7,0.5,11,1,1,47,3,1,3,At-Risk/Dormant
U04662,45,iOS,20,6.5,58,5,1,30,6,0,1,Casual Browsers
U04663,25,Android,16,10.6,38,9,1,31,6,0,1,Casual Browsers
U04664,36,Web,11,12.6,35,9,0,16,13,0,1,Casual Browsers
U04665,33,Android,13,6.7,30,3,0,46,3,0,3,At-Risk/Dormant
U04666,57,iOS,34,16.1,129,44,9,0,17,0,0,Power Users
U04667,32,Web,17,11.0,56,9,1,29,7,0,1,Casual Browsers
U04668,24,Web,10,5.0,12,1,0,57,3,1,3,At-Risk/Dormant
U04669,53,Web,4,3.4,10,2,1,50,1,0,3,At-Risk/Dormant
U04670,38,Web,18,10.1,43,10,2,16,9,0,1,Casual Browsers
U04671,22,Android,12,7.8,36,5,3,24,9,1,1,Casual Browsers
U04672,51,Web,6,1.6,12,1,0,51,2,1,3,At-Risk/Dormant
U04673,28,Web,25,6.3,72,21,1,15,10,0,2,Steady Engagers
U04674,59,iOS,18,6.7,52,7,1,26,4,0,1,Casual Browsers
U04675,57,Android,24,14.5,66,12,0,13,7,0,2,Steady Engagers
U04676,35,Android,8,3.3,16,0,0,34,8,0,3,At-Risk/Dormant
U04677,44,iOS,17,15.1,45,8,1,26,8,0,1,Casual Browsers
U04678,45,iOS,19,7.7,54,14,1,24,14,0,1,Casual Browsers
U04679,49,Android,9,8.1,28,8,0,32,7,0,1,Casual Browsers
U04680,21,Android,27,8.7,76,14,1,15,10,0,2,Steady Engagers
U04681,33,iOS,17,12.1,57,9,2,17,4,0,1,Casual Browsers
U04682,26,Android,15,9.2,38,10,1,23,9,0,1,Casual Browsers
U04683,51,Web,9,1.8,21,3,0,37,2,0,3,At-Risk/Dormant
U04684,21,Android,6,5.5,20,1,0,45,1,1,3,At-Risk/Dormant
U04685,42,Android,6,4.5,19,1,0,48,4,1,3,At-Risk/Dormant
U04686,52,Android,25,12.2,86,21,4,9,15,0,2,Steady Engagers
U04687,63,Web,6,8.2,11,1,0,52,3,1,3,At-Risk/Dormant
U04688,31,Web,7,5.5,12,1,0,38,6,1,3,At-Risk/Dormant
U04689,18,Android,33,20.5,137,50,9,0,13,0,0,Power Users
U04690,52,Android,23,9.7,48,7,1,17,11,0,1,Casual Browsers
U04691,18,Android,33,12.7,117,25,5,11,10,0,0,Power Users
U04692,21,Android,17,13.9,56,15,2,27,7,0,1,Casual Browsers
U04693,65,iOS,5,1.3,9,1,0,43,2,0,3,At-Risk/Dormant
U04694,59,Android,4,3.5,11,0,0,58,2,1,3,At-Risk/Dormant
U04695,51,iOS,26,16.7,88,20,0,7,12,0,2,Steady Engagers
U04696,58,Android,9,1.0,16,0,0,37,6,1,3,At-Risk/Dormant
U04697,21,iOS,7,7.8,8,3,0,26,10,1,1,Casual Browsers
U04698,22,Android,16,6.3,34,4,0,24,6,0,1,Casual Browsers
U04699,32,Android,16,13.9,47,13,0,31,9,0,1,Casual Browsers
U04700,19,Android,13,7.4,32,4,0,25,5,0,1,Casual Browsers
U04701,60,Android,9,3.4,19,1,0,37,2,0,3,At-Risk/Dormant
U04702,20,Android,14,2.8,28,4,0,30,2,0,3,At-Risk/Dormant
U04703,44,Web,3,1.6,6,1,0,44,2,1,3,At-Risk/Dormant
U04704,58,Android,25,11.9,84,22,5,8,9,0,2,Steady Engagers
U04705,53,Android,21,13.4,60,13,2,20,6,0,2,Steady Engagers
U04706,29,Android,6,2.1,10,1,0,44,4,1,3,At-Risk/Dormant
U04707,40,iOS,18,14.1,45,12,0,16,10,0,1,Casual Browsers
U04708,44,Web,14,6.1,36,5,0,39,4,0,3,At-Risk/Dormant
U04709,54,iOS,37,18.2,146,45,7,0,9,0,0,Power Users
U04710,38,iOS,23,10.2,73,13,1,11,8,0,2,Steady Engagers
U04711,31,Web,5,6.3,7,0,0,47,6,1,3,At-Risk/Dormant
U04712,56,Android,16,8.0,48,12,2,28,5,0,1,Casual Browsers
U04713,60,Web,9,8.0,22,5,0,35,6,0,3,At-Risk/Dormant
U04714,41,iOS,29,12.0,96,20,5,14,11,0,2,Steady Engagers
U04715,19,Android,30,12.6,91,21,4,25,9,0,2,Steady Engagers
U04716,42,iOS,18,2.7,45,8,1,34,3,0,3,At-Risk/Dormant
U04717,60,Android,37,16.9,91,21,2,7,14,0,2,Steady Engagers
U04718,65,Android,15,3.8,28,4,2,24,7,1,1,Casual Browsers
U04719,37,Web,13,0.5,23,3,0,39,3,1,3,At-Risk/Dormant
U04720,25,Android,20,10.9,57,14,2,22,8,0,1,Casual Browsers
U04721,45,iOS,5,5.5,11,3,0,40,4,1,3,At-Risk/Dormant
U04722,57,Web,17,6.8,47,10,2,36,12,0,1,Casual Browsers
U04723,63,iOS,6,5.3,8,0,0,32,6,0,3,At-Risk/Dormant
U04724,20,Android,24,8.9,54,10,2,20,10,0,1,Casual Browsers
U04725,31,iOS,28,6.8,71,11,0,31,3,0,1,Casual Browsers
U04726,40,Web,20,12.6,51,14,1,17,11,0,2,Steady Engagers
U04727,22,Android,11,3.9,24,5,1,38,3,0,3,At-Risk/Dormant
U04728,60,Android,19,4.2,46,9,1,25,6,0,1,Casual Browsers
U04729,23,iOS,33,17.8,140,39,4,1,17,0,0,Power Users
U04730,49,Web,20,7.1,51,14,4,23,7,0,1,Casual Browsers
U04731,62,Android,15,10.2,41,9,0,30,7,0,1,Casual Browsers
U04732,50,Android,17,3.8,40,3,0,38,6,0,3,At-Risk/Dormant
U04733,54,Web,7,9.0,11,2,0,34,5,1,3,At-Risk/Dormant
U04734,30,Android,25,13.7,81,22,2,15,13,0,2,Steady Engagers
U04735,57,Android,16,11.4,55,12,1,13,11,0,1,Casual Browsers
U04736,38,iOS,51,20.8,215,68,17,0,21,0,0,Power Users
U04737,20,Android,10,4.1,21,5,0,36,7,0,3,At-Risk/Dormant
U04738,35,Android,15,4.9,33,5,1,34,1,0,3,At-Risk/Dormant
U04739,34,iOS,26,11.5,92,23,6,10,17,0,0,Power Users
U04740,43,iOS,14,3.0,38,7,0,32,0,1,3,At-Risk/Dormant
U04741,30,iOS,32,15.3,96,24,5,3,12,0,0,Power Users
U04742,40,Android,36,13.8,128,43,7,1,17,0,0,Power Users
U04743,38,iOS,14,6.4,36,7,0,30,5,0,1,Casual Browsers
U04744,33,iOS,18,8.3,47,10,0,34,5,0,1,Casual Browsers
U04745,51,Web,17,6.6,29,7,0,26,8,0,1,Casual Browsers
U04746,32,iOS,13,9.8,29,4,0,18,4,0,1,Casual Browsers
U04747,54,iOS,26,12.1,73,15,1,14,10,0,2,Steady Engagers
U04748,30,Web,9,5.5,25,2,0,36,7,1,3,At-Risk/Dormant
U04749,59,Web,26,11.2,79,21,2,11,13,0,2,Steady Engagers
U04750,35,Android,25,11.2,72,16,1,17,8,0,2,Steady Engagers
U04751,19,Web,17,7.8,49,7,0,29,3,0,1,Casual Browsers
U04752,25,Web,16,7.3,48,6,0,24,8,0,1,Casual Browsers
U04753,56,Android,21,13.3,71,19,2,12,12,0,2,Steady Engagers
U04754,59,Android,30,18.5,106,30,7,4,10,0,0,Power Users
U04755,28,iOS,20,11.1,42,13,2,19,6,0,1,Casual Browsers
U04756,46,Android,14,1.7,32,3,0,50,1,1,3,At-Risk/Dormant
U04757,45,iOS,26,17.6,105,32,4,0,16,0,0,Power Users
U04758,24,iOS,20,5.7,44,8,0,24,8,0,1,Casual Browsers
U04759,39,Android,12,3.6,40,6,0,34,5,0,3,At-Risk/Dormant
U04760,51,Android,21,8.8,61,13,1,26,6,0,1,Casual Browsers
U04761,64,Web,13,5.6,40,4,3,30,7,0,1,Casual Browsers
U04762,58,Android,4,2.3,10,2,0,36,4,1,3,At-Risk/Dormant
U04763,22,iOS,8,7.3,21,3,0,43,4,0,3,At-Risk/Dormant
U04764,29,Android,25,13.5,80,19,2,12,12,0,2,Steady Engagers
U04765,38,iOS,24,15.1,70,17,1,14,8,0,2,Steady Engagers
U04766,25,iOS,6,6.5,8,1,0,37,2,1,3,At-Risk/Dormant
U04767,45,Android,7,0.5,18,4,0,44,0,1,3,At-Risk/Dormant
U04768,18,iOS,22,10.9,67,14,3,21,13,0,2,Steady Engagers
U04769,23,iOS,17,10.4,41,6,2,35,8,0,1,Casual Browsers
U04770,20,Android,14,8.9,29,4,0,36,1,0,3,At-Risk/Dormant
U04771,32,Android,21,9.3,60,12,1,19,6,0,1,Casual Browsers
U04772,54,iOS,19,5.6,51,12,1,24,6,0,1,Casual Browsers
U04773,26,iOS,13,1.7,22,2,0,42,3,1,3,At-Risk/Dormant
U04774,65,iOS,21,7.8,55,10,0,21,9,0,1,Casual Browsers
U04775,30,iOS,16,11.4,48,8,2,19,12,0,1,Casual Browsers
U04776,20,Android,15,9.7,43,9,2,29,7,0,1,Casual Browsers
U04777,34,Android,14,6.0,47,6,0,29,8,0,1,Casual Browsers
U04778,53,iOS,31,12.7,113,19,3,7,4,0,2,Steady Engagers
U04779,23,iOS,29,15.9,129,35,7,0,10,0,0,Power Users
U04780,21,Web,18,6.7,45,12,1,23,9,1,1,Casual Browsers
U04781,58,Android,23,10.1,70,14,0,22,16,0,2,Steady Engagers
U04782,46,iOS,19,12.4,50,14,2,17,5,0,1,Casual Browsers
U04783,34,iOS,26,14.5,79,14,3,22,12,0,2,Steady Engagers
U04784,54,Android,26,11.5,86,21,4,18,6,0,2,Steady Engagers
U04785,58,iOS,8,8.5,22,1,0,35,5,0,3,At-Risk/Dormant
U04786,35,iOS,23,15.6,94,20,2,15,13,0,2,Steady Engagers
U04787,44,Android,14,5.0,35,8,0,62,7,1,3,At-Risk/Dormant
U04788,18,Android,15,8.7,25,5,0,37,5,0,3,At-Risk/Dormant
U04789,32,Android,23,10.8,93,26,0,13,6,0,2,Steady Engagers
U04790,46,Web,33,15.6,100,23,4,7,16,0,0,Power Users
U04791,27,Android,14,10.9,43,11,2,41,3,0,1,Casual Browsers
U04792,65,Android,15,9.8,28,6,0,25,7,0,1,Casual Browsers
U04793,64,Android,19,7.7,50,5,2,21,4,0,1,Casual Browsers
U04794,30,Android,14,7.5,41,9,2,34,6,0,1,Casual Browsers
U04795,37,Android,17,9.2,43,2,0,38,6,0,1,Casual Browsers
U04796,27,iOS,22,12.1,59,15,0,16,9,0,2,Steady Engagers
U04797,42,Android,6,2.5,15,3,0,55,3,0,3,At-Risk/Dormant
U04798,23,Android,9,10.3,15,3,0,45,4,0,3,At-Risk/Dormant
U04799,36,Android,12,7.8,23,3,0,34,6,0,3,At-Risk/Dormant
U04800,44,Android,14,10.6,43,7,0,38,7,0,1,Casual Browsers
U04801,47,Android,27,11.0,85,17,3,12,10,0,2,Steady Engagers
U04802,46,iOS,21,10.2,54,12,2,27,11,0,1,Casual Browsers
U04803,28,iOS,11,7.1,26,2,0,33,6,0,3,At-Risk/Dormant
U04804,56,iOS,12,1.8,33,4,0,27,5,0,3,At-Risk/Dormant
U04805,51,Android,16,13.2,37,8,3,28,10,0,1,Casual Browsers
U04806,54,Web,3,4.9,3,0,0,44,0,1,3,At-Risk/Dormant
U04807,40,iOS,21,10.4,73,21,0,12,9,0,2,Steady Engagers
U04808,60,Android,14,15.7,38,12,0,15,9,0,1,Casual Browsers
U04809,36,Android,25,12.3,92,20,1,15,8,0,2,Steady Engagers
U04810,56,iOS,30,14.5,101,23,7,10,16,0,0,Power Users
U04811,27,Android,23,6.2,49,8,1,23,10,0,1,Casual Browsers
U04812,29,Android,6,6.8,10,0,0,39,5,0,3,At-Risk/Dormant
U04813,43,iOS,22,11.9,50,14,3,16,13,0,2,Steady Engagers
U04814,44,Android,11,7.9,27,3,0,30,5,1,3,At-Risk/Dormant
U04815,53,Web,17,3.0,39,9,0,30,7,0,1,Casual Browsers
U04816,32,Android,14,6.6,42,3,0,33,5,0,3,At-Risk/Dormant
U04817,59,Android,14,9.7,45,6,0,32,6,0,1,Casual Browsers
U04818,33,Android,16,15.4,46,9,2,19,8,1,1,Casual Browsers
U04819,43,Android,26,13.2,90,18,3,10,8,0,2,Steady Engagers
U04820,62,Web,12,4.9,31,6,1,36,5,1,3,At-Risk/Dormant
U04821,43,Web,6,1.4,16,0,0,41,1,1,3,At-Risk/Dormant
U04822,50,Web,26,14.2,88,29,6,10,20,0,0,Power Users
U04823,61,iOS,12,7.3,26,2,0,36,2,1,3,At-Risk/Dormant
U04824,64,Android,17,13.4,48,6,0,26,5,0,1,Casual Browsers
U04825,41,Android,17,9.3,39,8,1,29,9,0,1,Casual Browsers
U04826,38,Android,6,7.9,14,0,0,36,4,1,3,At-Risk/Dormant
U04827,27,Web,27,16.0,96,28,6,8,11,0,0,Power Users
U04828,43,iOS,3,6.7,12,1,0,39,0,1,3,At-Risk/Dormant
U04829,62,iOS,18,8.7,55,9,2,20,6,0,1,Casual Browsers
U04830,41,iOS,15,8.1,37,8,1,30,4,0,1,Casual Browsers
U04831,34,iOS,15,6.8,50,12,0,22,9,0,1,Casual Browsers
U04832,23,Android,22,15.4,55,6,0,11,8,0,1,Casual Browsers
U04833,36,iOS,22,18.9,67,16,2,9,9,0,2,Steady Engagers
U04834,29,iOS,20,9.5,50,13,1,29,11,0,1,Casual Browsers
U04835,64,Web,1,0.8,1,0,0,47,2,1,3,At-Risk/Dormant
U04836,43,Android,22,24.4,93,27,4,11,11,0,0,Power Users
U04837,24,Android,23,17.9,72,19,2,29,10,0,2,Steady Engagers
U04838,21,iOS,28,14.0,102,17,0,31,4,0,2,Steady Engagers
U04839,58,Web,22,9.8,69,13,1,23,5,0,1,Casual Browsers
U04840,62,Web,19,5.0,40,4,1,28,5,0,1,Casual Browsers
U04841,54,iOS,16,9.7,40,14,3,20,4,1,1,Casual Browsers
U04842,23,Android,18,9.4,47,8,1,25,14,0,1,Casual Browsers
U04843,22,Android,28,16.4,117,31,4,7,11,0,0,Power Users
U04844,27,iOS,21,7.5,67,15,2,18,18,0,2,Steady Engagers
U04845,54,Android,31,11.8,102,30,3,13,13,0,2,Steady Engagers
U04846,54,iOS,21,10.8,74,18,2,10,9,0,2,Steady Engagers
U04847,58,Web,8,1.7,17,0,0,37,0,1,3,At-Risk/Dormant
U04848,22,Android,4,1.5,6,0,0,42,1,1,3,At-Risk/Dormant
U04849,25,Android,11,5.9,18,2,0,37,5,0,3,At-Risk/Dormant
U04850,61,Android,10,4.9,19,2,0,40,3,0,3,At-Risk/Dormant
U04851,62,Android,35,15.5,134,38,6,5,14,0,0,Power Users
U04852,52,iOS,14,12.7,33,4,0,24,6,0,1,Casual Browsers
U04853,23,Android,17,11.4,55,8,1,15,9,0,1,Casual Browsers
U04854,21,Android,17,5.3,32,9,0,26,7,0,1,Casual Browsers
U04855,20,Android,14,7.9,31,7,0,27,6,0,1,Casual Browsers
U04856,51,Android,36,14.4,117,35,7,0,19,0,0,Power Users
U04857,58,iOS,23,12.0,84,24,7,4,10,0,0,Power Users
U04858,48,iOS,8,5.2,19,2,0,46,3,1,3,At-Risk/Dormant
U04859,30,iOS,24,10.4,62,10,3,18,10,0,2,Steady Engagers
U04860,54,iOS,10,3.3,19,3,0,54,2,1,3,At-Risk/Dormant
U04861,20,Android,15,9.5,40,5,0,23,6,0,1,Casual Browsers
U04862,57,iOS,24,10.8,79,16,4,18,10,0,2,Steady Engagers
U04863,60,Android,13,4.0,20,2,0,42,6,0,3,At-Risk/Dormant
U04864,52,Web,23,5.7,56,12,0,31,10,0,1,Casual Browsers
U04865,60,Android,8,6.0,20,2,1,38,3,1,3,At-Risk/Dormant
U04866,46,Android,11,4.3,26,6,1,38,7,0,3,At-Risk/Dormant
U04867,40,Android,36,16.9,118,37,9,10,14,0,0,Power Users
U04868,33,iOS,24,12.8,87,20,4,2,16,0,2,Steady Engagers
U04869,62,Android,31,15.2,125,37,9,4,19,0,0,Power Users
U04870,51,Web,20,11.0,47,5,0,19,6,0,1,Casual Browsers
U04871,27,Android,24,7.6,58,7,2,22,8,0,1,Casual Browsers
U04872,63,Web,10,4.9,23,6,0,34,2,1,3,At-Risk/Dormant
U04873,20,iOS,10,5.6,28,4,0,37,2,0,3,At-Risk/Dormant
U04874,46,Android,33,14.5,122,40,11,0,10,0,0,Power Users
U04875,27,Android,15,8.7,33,3,0,36,6,0,1,Casual Browsers
U04876,49,Android,17,12.0,57,14,1,16,13,0,2,Steady Engagers
U04877,37,Web,20,9.2,59,12,2,18,11,0,2,Steady Engagers
U04878,38,Web,27,13.0,78,19,2,11,8,0,2,Steady Engagers
U04879,50,Android,23,12.5,57,8,2,15,10,0,2,Steady Engagers
U04880,54,Android,13,6.2,30,7,1,34,6,0,3,At-Risk/Dormant
U04881,36,Android,12,5.9,21,2,0,36,3,1,3,At-Risk/Dormant
U04882,65,Android,3,2.6,7,0,0,41,4,1,3,At-Risk/Dormant
U04883,41,iOS,9,1.7,17,2,1,40,5,0,3,At-Risk/Dormant
U04884,25,Android,7,6.2,7,0,0,49,4,1,3,At-Risk/Dormant
U04885,18,Android,7,4.5,7,0,1,32,4,1,3,At-Risk/Dormant
U04886,27,Web,19,13.5,59,12,1,22,15,0,2,Steady Engagers
U04887,51,iOS,17,6.6,60,16,3,22,9,0,1,Casual Browsers
U04888,43,iOS,28,16.9,95,22,5,34,9,0,2,Steady Engagers
U04889,34,Android,19,7.5,46,5,1,21,10,0,1,Casual Browsers
U04890,41,Web,13,6.7,33,2,0,32,9,0,1,Casual Browsers
U04891,58,iOS,14,8.0,44,5,0,23,8,0,1,Casual Browsers
U04892,45,iOS,7,8.2,14,4,0,31,9,0,3,At-Risk/Dormant
U04893,20,Android,30,10.5,88,26,7,12,10,0,0,Power Users
U04894,20,Web,14,3.1,37,8,1,36,8,0,3,At-Risk/Dormant
U04895,41,iOS,15,5.5,34,8,2,31,5,0,1,Casual Browsers
U04896,37,Web,19,9.0,47,9,2,31,7,0,1,Casual Browsers
U04897,58,iOS,7,5.5,16,3,0,39,4,1,3,At-Risk/Dormant
U04898,45,iOS,29,16.4,102,25,5,2,4,0,0,Power Users
U04899,54,iOS,28,11.4,81,19,4,13,14,0,2,Steady Engagers
U04900,46,Web,26,18.3,67,16,3,24,12,0,2,Steady Engagers
U04901,34,Android,25,8.8,72,12,1,16,8,0,2,Steady Engagers
U04902,49,Android,22,9.2,72,16,2,39,8,0,1,Casual Browsers
U04903,47,iOS,31,5.4,98,23,1,15,11,0,2,Steady Engagers
U04904,52,iOS,12,6.2,27,2,0,33,4,0,3,At-Risk/Dormant
U04905,27,iOS,17,7.5,47,13,1,24,10,0,1,Casual Browsers
U04906,48,iOS,10,5.1,19,1,0,34,9,1,3,At-Risk/Dormant
U04907,31,iOS,30,13.0,97,29,3,6,13,0,2,Steady Engagers
U04908,55,iOS,12,7.4,19,3,0,26,6,0,1,Casual Browsers
U04909,56,Android,9,6.2,20,2,1,38,4,0,3,At-Risk/Dormant
U04910,47,Web,13,4.1,32,3,0,32,10,1,1,Casual Browsers
U04911,63,Android,7,4.4,13,2,0,40,4,0,3,At-Risk/Dormant
U04912,43,iOS,9,4.0,16,4,0,44,6,0,3,At-Risk/Dormant
U04913,19,Web,18,10.1,47,8,1,18,10,0,1,Casual Browsers
U04914,47,Android,9,9.1,21,3,0,41,6,1,3,At-Risk/Dormant
U04915,55,Android,12,5.5,29,5,0,35,3,0,3,At-Risk/Dormant
U04916,22,Android,32,6.2,99,20,2,13,12,0,2,Steady Engagers
U04917,23,iOS,29,14.5,102,22,4,10,12,0,2,Steady Engagers
U04918,31,Android,13,3.0,31,7,1,37,6,0,3,At-Risk/Dormant
U04919,58,Android,25,18.2,84,18,1,7,12,0,2,Steady Engagers
U04920,43,Web,8,2.3,14,3,0,36,3,1,3,At-Risk/Dormant
U04921,64,Android,14,4.5,26,2,1,35,8,0,3,At-Risk/Dormant
U04922,59,iOS,21,10.8,56,8,3,15,9,0,2,Steady Engagers
U04923,44,iOS,32,17.4,126,51,11,7,20,0,0,Power Users
U04924,50,Android,11,3.0,28,1,0,41,2,1,3,At-Risk/Dormant
U04925,33,Android,12,8.2,27,3,0,31,9,0,1,Casual Browsers
U04926,22,Web,12,8.1,24,5,1,29,3,0,3,At-Risk/Dormant
U04927,37,iOS,16,3.5,38,6,2,27,7,0,1,Casual Browsers
U04928,46,Android,30,18.7,105,23,8,0,10,0,0,Power Users
U04929,26,iOS,23,9.3,67,10,2,15,9,0,2,Steady Engagers
U04930,28,iOS,10,1.5,19,1,0,45,7,1,3,At-Risk/Dormant
U04931,18,Android,28,15.8,74,19,6,16,17,0,0,Power Users
U04932,53,iOS,25,12.6,82,24,4,4,6,0,2,Steady Engagers
U04933,61,iOS,18,11.7,60,8,1,27,7,1,1,Casual Browsers
U04934,57,Android,20,11.2,58,10,2,40,11,0,1,Casual Browsers
U04935,36,Web,9,2.4,23,6,0,34,3,0,3,At-Risk/Dormant
U04936,46,Android,22,11.8,68,13,1,12,8,0,2,Steady Engagers
U04937,64,Android,13,4.8,42,9,1,26,7,0,1,Casual Browsers
U04938,46,Android,7,7.4,18,2,0,41,2,1,3,At-Risk/Dormant
U04939,32,iOS,21,13.3,68,13,2,17,7,0,2,Steady Engagers
U04940,34,iOS,6,6.8,11,0,0,40,0,1,3,At-Risk/Dormant
U04941,52,Web,19,10.1,68,13,4,20,11,0,2,Steady Engagers
U04942,39,Android,20,14.0,59,14,0,29,4,0,1,Casual Browsers
U04943,58,iOS,19,10.3,44,5,1,23,5,0,1,Casual Browsers
U04944,59,iOS,20,18.7,58,18,7,19,8,0,2,Steady Engagers
U04945,19,Android,16,10.9,36,3,1,19,2,0,1,Casual Browsers
U04946,52,Android,9,4.0,13,1,0,35,8,1,3,At-Risk/Dormant
U04947,35,Web,21,6.8,68,16,3,20,5,0,1,Casual Browsers
U04948,42,Android,13,10.7,34,7,2,27,6,0,1,Casual Browsers
U04949,30,iOS,11,6.7,16,6,0,28,5,0,3,At-Risk/Dormant
U04950,35,iOS,12,5.5,26,2,0,34,5,0,3,At-Risk/Dormant
U04951,33,Android,20,17.1,60,17,2,13,6,0,2,Steady Engagers
U04952,20,Web,28,17.0,97,26,5,3,16,0,0,Power Users
U04953,55,Web,28,12.5,99,24,7,9,10,0,0,Power Users
U04954,24,iOS,35,15.1,116,31,7,9,13,0,0,Power Users
U04955,36,iOS,11,5.5,22,5,0,34,4,1,3,At-Risk/Dormant
U04956,27,iOS,7,3.4,13,1,0,42,3,1,3,At-Risk/Dormant
U04957,25,iOS,15,10.1,44,5,0,33,5,0,1,Casual Browsers
U04958,35,Android,21,11.3,57,12,1,29,14,0,1,Casual Browsers
U04959,62,Android,40,15.2,142,40,6,5,12,0,0,Power Users
U04960,63,Android,10,8.1,26,4,1,35,4,1,3,At-Risk/Dormant
U04961,36,iOS,15,7.4,38,10,1,34,6,0,1,Casual Browsers
U04962,42,iOS,36,13.3,101,23,1,14,9,0,2,Steady Engagers
U04963,65,Android,13,5.2,18,4,0,32,4,1,3,At-Risk/Dormant
U04964,29,Web,8,4.3,16,4,0,38,3,1,3,At-Risk/Dormant
U04965,63,Android,13,6.5,33,7,1,33,6,0,1,Casual Browsers
U04966,23,Android,16,9.3,36,3,0,39,9,0,1,Casual Browsers
U04967,28,Android,35,15.7,114,27,4,0,10,0,0,Power Users
U04968,34,iOS,14,11.5,29,4,0,34,7,0,1,Casual Browsers
U04969,19,Android,25,11.6,84,17,1,14,7,0,2,Steady Engagers
U04970,57,iOS,23,10.3,68,13,1,20,6,0,1,Casual Browsers
U04971,59,iOS,13,2.5,24,4,1,31,2,1,3,At-Risk/Dormant
U04972,36,Android,11,1.9,23,5,0,44,4,0,3,At-Risk/Dormant
U04973,58,Web,6,1.4,11,0,1,47,0,0,3,At-Risk/Dormant
U04974,55,Android,6,1.0,9,0,0,43,2,1,3,At-Risk/Dormant
U04975,56,iOS,18,9.5,50,12,1,17,8,0,1,Casual Browsers
U04976,56,Android,18,9.6,58,7,0,24,14,0,1,Casual Browsers
U04977,45,iOS,20,13.9,70,20,1,4,18,0,2,Steady Engagers
U04978,23,Web,4,6.6,8,1,0,49,4,1,3,At-Risk/Dormant
U04979,62,Android,11,7.1,30,3,0,29,7,1,1,Casual Browsers
U04980,47,Android,16,11.7,45,9,1,20,14,0,1,Casual Browsers
U04981,61,Android,17,8.1,52,8,0,27,13,0,1,Casual Browsers
U04982,64,Android,30,12.4,88,28,3,11,14,0,2,Steady Engagers
U04983,26,Web,16,11.6,43,11,1,20,8,0,1,Casual Browsers
U04984,37,iOS,27,14.7,82,23,4,11,8,0,2,Steady Engagers
U04985,27,iOS,11,8.3,24,6,0,38,7,0,3,At-Risk/Dormant
U04986,20,Web,22,11.4,79,22,4,12,8,0,2,Steady Engagers
U04987,64,Web,26,21.2,76,22,6,12,8,0,0,Power Users
U04988,62,Web,15,10.6,33,5,0,29,4,0,1,Casual Browsers
U04989,62,Android,16,9.6,47,6,2,21,4,0,1,Casual Browsers
U04990,60,Android,25,16.9,92,35,6,6,14,0,0,Power Users
U04991,49,Android,21,12.0,68,19,5,14,6,0,2,Steady Engagers
U04992,43,Android,19,7.8,41,7,2,29,11,0,1,Casual Browsers
U04993,65,Android,19,5.2,59,9,0,30,5,0,1,Casual Browsers
U04994,44,Android,33,15.9,126,43,11,0,16,0,0,Power Users
U04995,48,Android,23,7.7,68,15,2,15,11,0,2,Steady Engagers
U04996,28,Android,21,17.5,76,18,6,9,5,0,2,Steady Engagers
U04997,53,Android,14,5.5,35,7,1,30,7,0,1,Casual Browsers
U04998,57,Android,22,15.9,68,20,3,9,12,0,2,Steady Engagers
U04999,50,Android,31,15.3,120,31,1,4,17,0,0,Power Users
U05000,41,iOS,31,15.6,102,34,6,0,12,0,0,Power Users
U05001,27,iOS,33,13.1,118,28,3,8,6,0,2,Steady Engagers
U05002,19,iOS,26,8.5,77,16,0,19,9,0,2,Steady Engagers
U05003,48,Android,34,21.0,116,30,5,1,15,0,0,Power Users
U05004,50,Android,23,11.0,70,19,4,25,11,0,2,Steady Engagers
U05005,55,Android,10,7.9,23,1,0,35,1,0,3,At-Risk/Dormant
U05006,63,Android,29,15.9,118,43,8,3,7,0,0,Power Users
U05007,41,Android,16,11.7,37,7,0,26,7,0,1,Casual Browsers
U05008,57,Web,17,8.2,34,6,0,30,4,0,1,Casual Browsers
U05009,52,Android,5,1.6,15,2,0,45,3,0,3,At-Risk/Dormant
U05010,31,Android,21,7.2,53,10,1,20,12,0,1,Casual Browsers
U05011,58,iOS,15,10.5,29,8,1,31,10,0,1,Casual Browsers
U05012,20,iOS,20,14.0,69,11,1,22,9,0,2,Steady Engagers
U05013,46,Android,7,8.2,15,1,0,33,5,0,3,At-Risk/Dormant
U05014,63,Android,28,10.9,81,19,2,11,8,0,2,Steady Engagers
U05015,49,Web,7,5.3,27,3,0,44,0,0,3,At-Risk/Dormant
U05016,62,Android,25,6.7,70,16,4,18,4,0,2,Steady Engagers
U05017,20,iOS,21,6.6,46,4,0,26,11,0,1,Casual Browsers
U05018,43,iOS,21,11.2,62,14,4,12,9,0,2,Steady Engagers
U05019,55,Android,16,6.2,37,6,0,41,12,0,1,Casual Browsers
U05020,48,iOS,19,10.7,56,8,0,26,7,0,1,Casual Browsers
U05021,60,Android,23,12.5,71,16,3,19,8,0,2,Steady Engagers
U05022,40,Android,29,10.5,83,23,7,15,15,0,0,Power Users
U05023,50,Android,25,16.0,67,14,3,13,8,0,2,Steady Engagers
U05024,38,Web,17,8.6,46,7,1,23,3,0,1,Casual Browsers
U05025,59,Android,27,18.1,94,26,7,9,12,0,0,Power Users
U05026,23,Android,23,7.7,75,13,1,21,7,0,1,Casual Browsers
U05027,30,Web,17,5.1,44,6,1,39,3,0,3,At-Risk/Dormant
U05028,22,Android,43,16.8,181,65,13,0,13,0,0,Power Users
U05029,51,Web,21,12.6,51,14,1,30,12,0,1,Casual Browsers
U05030,29,iOS,26,12.3,70,15,0,10,7,0,2,Steady Engagers
U05031,33,iOS,24,7.1,60,15,3,14,9,0,2,Steady Engagers
U05032,58,iOS,12,9.8,32,4,1,28,7,0,1,Casual Browsers
U05033,35,iOS,15,4.6,30,7,0,33,1,0,3,At-Risk/Dormant
U05034,24,Android,21,19.6,79,19,1,9,12,0,2,Steady Engagers
U05035,19,Web,29,12.1,95,28,4,2,7,0,2,Steady Engagers
U05036,28,Web,10,3.6,20,2,0,41,4,1,3,At-Risk/Dormant
U05037,61,Web,40,9.1,123,33,5,12,18,0,0,Power Users
U05038,44,iOS,20,13.4,57,14,3,20,14,0,2,Steady Engagers
U05039,65,iOS,8,6.5,18,4,0,34,1,1,3,At-Risk/Dormant
U05040,28,iOS,17,12.3,50,5,0,30,7,0,1,Casual Browsers
U05041,34,Android,11,8.9,23,2,1,31,8,0,1,Casual Browsers
U05042,25,iOS,16,8.3,37,3,0,20,3,0,1,Casual Browsers
U05043,37,iOS,16,9.3,38,9,0,22,7,0,1,Casual Browsers
U05044,45,iOS,17,9.6,36,7,1,28,6,0,1,Casual Browsers
U05045,56,Android,13,3.7,41,8,0,27,7,0,1,Casual Browsers
U05046,35,iOS,27,12.8,67,11,3,12,11,0,2,Steady Engagers
U05047,55,iOS,13,5.9,31,8,1,28,6,0,1,Casual Browsers
U05048,48,Android,44,14.8,146,35,3,0,23,0,0,Power Users
U05049,32,Web,23,9.0,63,11,2,25,8,0,1,Casual Browsers
U05050,61,iOS,30,11.5,116,27,4,12,21,0,0,Power Users
U05051,38,Android,11,1.3,27,7,0,49,5,1,3,At-Risk/Dormant
U05052,25,Android,14,7.4,28,6,0,38,5,1,3,At-Risk/Dormant
U05053,64,iOS,19,7.7,46,10,1,23,10,0,1,Casual Browsers
U05054,61,Android,30,15.4,93,22,5,21,10,0,2,Steady Engagers
U05055,20,Web,23,9.3,54,13,2,30,7,0,1,Casual Browsers
U05056,61,Android,33,11.7,97,24,3,4,15,0,2,Steady Engagers
U05057,63,Android,4,0.9,6,0,0,49,2,0,3,At-Risk/Dormant
U05058,57,Android,17,7.5,37,11,1,19,5,0,1,Casual Browsers
U05059,30,iOS,26,13.3,118,35,11,0,19,0,0,Power Users
U05060,48,Web,8,3.8,15,2,1,43,4,0,3,At-Risk/Dormant
U05061,43,Web,10,6.7,19,2,0,35,5,1,3,At-Risk/Dormant
U05062,47,iOS,14,9.7,38,8,0,26,3,0,1,Casual Browsers
U05063,47,Web,14,9.3,38,7,0,46,5,0,3,At-Risk/Dormant
U05064,48,Android,9,0.5,15,1,0,40,2,1,3,At-Risk/Dormant
U05065,42,iOS,35,12.7,131,42,8,7,13,0,0,Power Users
U05066,51,Web,19,4.8,41,5,1,28,4,0,1,Casual Browsers
U05067,43,Android,6,5.1,7,2,1,59,2,0,3,At-Risk/Dormant
U05068,18,Web,5,2.5,8,2,0,42,4,1,3,At-Risk/Dormant
U05069,19,Android,10,2.9,23,3,1,38,2,0,3,At-Risk/Dormant
U05070,63,Android,12,8.8,29,2,0,43,4,0,3,At-Risk/Dormant
U05071,61,iOS,24,10.7,66,15,0,21,7,0,1,Casual Browsers
U05072,46,Web,27,13.2,73,14,3,23,10,0,2,Steady Engagers
U05073,26,Android,29,14.5,91,27,3,6,17,0,0,Power Users
U05074,55,Web,14,3.5,37,2,0,33,6,0,3,At-Risk/Dormant
U05075,24,Android,17,11.4,60,9,3,21,7,0,1,Casual Browsers
U05076,36,iOS,15,13.8,42,4,0,26,8,0,1,Casual Browsers
U05077,33,iOS,7,9.4,19,5,0,28,5,1,3,At-Risk/Dormant
U05078,18,Android,5,3.5,17,3,0,42,6,0,3,At-Risk/Dormant
U05079,56,iOS,15,2.4,29,6,0,30,13,0,1,Casual Browsers
U05080,42,iOS,15,8.4,45,6,1,19,8,0,1,Casual Browsers
U05081,33,iOS,17,13.1,39,8,2,21,7,0,1,Casual Browsers
U05082,42,Android,29,16.4,91,29,7,10,22,0,0,Power Users
U05083,18,Android,29,11.9,94,25,3,8,15,0,2,Steady Engagers
U05084,38,Web,16,11.6,57,11,1,19,5,0,1,Casual Browsers
U05085,42,iOS,28,9.9,92,29,6,20,13,0,0,Power Users
U05086,34,Web,28,11.4,81,15,5,31,4,0,2,Steady Engagers
U05087,57,iOS,39,19.4,146,51,10,0,18,0,0,Power Users
U05088,29,Web,28,14.8,102,20,3,12,7,0,2,Steady Engagers
U05089,24,Android,14,4.6,21,5,1,31,2,0,3,At-Risk/Dormant
U05090,43,iOS,17,9.4,45,5,1,28,4,0,1,Casual Browsers
U05091,60,iOS,31,14.1,86,26,4,9,15,0,0,Power Users
U05092,36,Android,10,5.9,15,2,0,45,5,1,3,At-Risk/Dormant
U05093,20,Android,22,10.3,63,6,2,21,9,0,1,Casual Browsers
U05094,64,iOS,17,8.7,55,12,1,37,12,0,1,Casual Browsers
U05095,39,Web,32,17.3,113,33,4,3,15,0,0,Power Users
U05096,26,iOS,36,18.8,131,50,10,0,16,0,0,Power Users
U05097,47,Android,18,4.9,38,9,0,30,9,0,1,Casual Browsers
U05098,33,Web,6,3.3,14,1,1,48,1,1,3,At-Risk/Dormant
U05099,63,Android,26,13.7,79,19,4,12,11,0,2,Steady Engagers
U05100,32,Android,6,0.5,9,0,0,46,0,1,3,At-Risk/Dormant
U05101,44,Web,4,2.5,11,0,0,43,1,0,3,At-Risk/Dormant
U05102,44,iOS,12,7.3,33,2,1,26,13,0,1,Casual Browsers
U05103,29,Web,3,3.3,3,1,0,44,1,1,3,At-Risk/Dormant
U05104,41,Web,9,2.5,22,4,0,36,6,0,3,At-Risk/Dormant
U05105,23,iOS,37,16.9,144,36,4,11,17,0,0,Power Users
U05106,48,Android,15,10.0,30,3,2,30,0,0,1,Casual Browsers
U05107,54,Android,13,12.1,37,7,0,24,6,0,1,Casual Browsers
U05108,63,Web,4,9.0,10,3,0,44,2,0,3,At-Risk/Dormant
U05109,33,Web,23,16.0,69,20,3,12,11,0,2,Steady Engagers
U05110,31,Android,30,13.7,93,18,2,12,8,0,2,Steady Engagers
U05111,44,Android,4,8.1,9,0,0,39,4,1,3,At-Risk/Dormant
U05112,51,Android,21,7.6,43,6,0,34,3,0,1,Casual Browsers
U05113,65,Android,17,9.7,52,13,0,27,10,0,1,Casual Browsers
U05114,19,Web,9,5.3,14,0,0,46,2,0,3,At-Risk/Dormant
U05115,29,Android,7,4.3,13,1,0,36,2,1,3,At-Risk/Dormant
U05116,30,Android,7,7.0,17,2,0,51,1,0,3,At-Risk/Dormant
U05117,30,Web,31,13.8,118,45,9,2,14,0,0,Power Users
U05118,40,iOS,10,5.1,27,3,0,31,3,0,3,At-Risk/Dormant
U05119,59,iOS,10,2.4,25,2,0,33,4,1,3,At-Risk/Dormant
U05120,19,Android,7,1.5,14,2,1,37,3,1,3,At-Risk/Dormant
U05121,57,Android,12,6.3,21,3,0,37,3,0,3,At-Risk/Dormant
U05122,47,Android,18,3.8,46,6,0,28,2,1,3,At-Risk/Dormant
U05123,47,Android,8,1.4,15,1,0,43,2,1,3,At-Risk/Dormant
U05124,50,Android,33,14.9,127,31,6,0,18,0,0,Power Users
U05125,23,Android,14,3.4,20,3,0,41,8,1,3,At-Risk/Dormant
U05126,53,Android,22,8.6,54,5,1,27,6,0,1,Casual Browsers
U05127,29,Android,8,8.4,10,0,0,42,0,0,3,At-Risk/Dormant
U05128,42,Web,8,5.5,16,2,0,38,1,1,3,At-Risk/Dormant
U05129,50,Android,7,3.8,16,3,0,38,1,1,3,At-Risk/Dormant
U05130,46,Android,36,18.5,155,44,11,0,11,0,0,Power Users
U05131,33,Web,18,5.2,39,7,0,28,7,0,1,Casual Browsers
U05132,37,Android,10,6.9,18,2,0,38,0,0,3,At-Risk/Dormant
U05133,40,iOS,28,13.4,79,13,0,15,9,0,2,Steady Engagers
U05134,19,Web,26,11.0,79,15,2,12,8,0,2,Steady Engagers
U05135,52,iOS,21,12.3,62,14,3,29,6,0,1,Casual Browsers
U05136,22,Android,6,6.1,13,2,0,36,1,0,3,At-Risk/Dormant
U05137,40,iOS,6,3.6,13,1,0,39,2,1,3,At-Risk/Dormant
U05138,49,iOS,19,13.5,62,16,1,15,11,0,2,Steady Engagers
U05139,21,Android,25,13.0,68,13,1,22,9,1,2,Steady Engagers
U05140,65,Android,3,8.3,5,0,0,42,3,1,3,At-Risk/Dormant
U05141,36,Android,6,5.8,6,1,0,43,4,1,3,At-Risk/Dormant
U05142,18,Web,19,6.4,50,10,1,24,9,0,1,Casual Browsers
U05143,49,Android,12,6.5,32,2,0,31,1,1,3,At-Risk/Dormant
U05144,44,Android,9,15.1,25,6,1,23,11,1,1,Casual Browsers
U05145,48,iOS,18,12.0,38,7,2,16,9,0,1,Casual Browsers
U05146,54,Web,21,16.1,48,11,2,15,7,0,2,Steady Engagers
U05147,40,Android,17,14.4,40,5,2,26,6,0,1,Casual Browsers
U05148,57,Android,30,12.0,100,29,6,7,14,0,0,Power Users
U05149,35,Android,28,9.2,71,12,2,21,9,0,2,Steady Engagers
U05150,44,iOS,22,11.0,56,15,2,19,7,0,2,Steady Engagers
U05151,25,iOS,10,5.3,21,3,1,31,7,1,3,At-Risk/Dormant
U05152,47,Web,7,6.0,13,2,0,46,0,1,3,At-Risk/Dormant
U05153,30,Android,21,10.7,57,12,0,19,4,0,1,Casual Browsers
U05154,51,Android,41,11.3,142,47,5,1,9,0,0,Power Users
U05155,56,Android,13,10.2,38,8,2,28,8,0,1,Casual Browsers
U05156,59,Android,27,11.7,103,34,4,10,11,0,0,Power Users
U05157,62,iOS,25,11.4,61,11,0,13,7,0,1,Casual Browsers
U05158,23,iOS,24,5.9,67,15,2,15,8,0,2,Steady Engagers
U05159,24,Android,22,15.4,86,30,6,16,12,0,0,Power Users
U05160,62,iOS,21,9.7,49,9,1,26,7,0,1,Casual Browsers
U05161,36,Android,20,9.6,56,14,4,29,9,0,1,Casual Browsers
U05162,19,iOS,22,10.4,71,20,1,14,9,0,2,Steady Engagers
U05163,31,Android,14,6.6,30,6,0,38,6,0,3,At-Risk/Dormant
U05164,58,iOS,30,13.8,103,21,2,16,10,0,2,Steady Engagers
U05165,35,Android,24,15.2,84,19,2,37,9,0,2,Steady Engagers
U05166,21,Web,12,6.2,23,2,0,36,7,0,3,At-Risk/Dormant
U05167,52,Web,14,4.5,32,5,1,45,5,1,3,At-Risk/Dormant
U05168,27,Web,16,3.8,36,5,2,33,4,0,3,At-Risk/Dormant
U05169,34,Web,3,4.2,7,1,0,49,1,0,3,At-Risk/Dormant
U05170,18,Android,17,14.5,44,6,0,22,7,0,1,Casual Browsers
U05171,46,iOS,9,5.4,17,2,0,35,2,1,3,At-Risk/Dormant
U05172,39,Android,20,9.1,45,7,2,33,0,0,1,Casual Browsers
U05173,59,Web,6,0.5,11,0,0,44,1,1,3,At-Risk/Dormant
U05174,34,Android,5,5.2,11,1,0,71,1,1,3,At-Risk/Dormant
U05175,27,Android,27,10.5,84,22,5,19,9,0,2,Steady Engagers
U05176,25,iOS,10,3.6,16,1,0,38,2,1,3,At-Risk/Dormant
U05177,27,Android,35,17.8,136,46,13,0,11,0,0,Power Users
U05178,39,iOS,27,11.6,88,14,1,27,10,0,2,Steady Engagers
U05179,22,Android,24,12.0,87,25,1,10,10,0,2,Steady Engagers
U05180,37,iOS,21,11.2,68,17,3,45,6,0,1,Casual Browsers
U05181,59,Web,18,4.8,37,8,2,24,8,0,1,Casual Browsers
U05182,54,iOS,6,3.3,11,1,0,40,7,0,3,At-Risk/Dormant
U05183,48,Android,16,10.7,49,8,0,50,8,1,1,Casual Browsers
U05184,60,Android,25,10.2,62,16,0,14,13,0,2,Steady Engagers
U05185,55,Android,31,12.6,79,12,0,19,8,0,2,Steady Engagers
U05186,49,Android,29,12.1,94,30,3,21,12,0,2,Steady Engagers
U05187,59,iOS,21,6.5,68,20,1,25,5,0,1,Casual Browsers
U05188,23,Android,16,11.5,48,15,5,14,10,0,2,Steady Engagers
U05189,57,Android,11,9.5,27,6,0,29,4,0,1,Casual Browsers
U05190,32,Android,23,4.8,82,14,2,26,8,0,1,Casual Browsers
U05191,53,Web,20,13.4,51,5,0,23,6,0,1,Casual Browsers
U05192,61,Android,24,16.7,74,18,6,16,7,0,2,Steady Engagers
U05193,41,Android,22,12.0,59,14,1,24,9,0,1,Casual Browsers
U05194,22,iOS,16,10.8,44,11,1,27,4,0,1,Casual Browsers
U05195,35,Android,26,9.3,84,18,1,24,15,0,2,Steady Engagers
U05196,37,Web,15,3.3,25,4,0,35,7,0,3,At-Risk/Dormant
U05197,62,Android,10,3.2,20,1,0,36,4,0,3,At-Risk/Dormant
U05198,63,iOS,10,4.2,24,3,0,40,5,0,3,At-Risk/Dormant
U05199,45,iOS,22,7.1,68,22,2,15,10,0,2,Steady Engagers
U05200,63,Web,20,11.0,45,10,1,18,10,0,1,Casual Browsers
U05201,38,iOS,5,0.8,13,0,0,46,1,1,3,At-Risk/Dormant
U05202,37,iOS,29,11.9,77,22,4,8,11,0,2,Steady Engagers
U05203,58,Android,19,11.2,58,10,1,11,18,0,2,Steady Engagers
U05204,50,iOS,22,11.7,81,17,1,19,4,0,2,Steady Engagers
U05205,43,iOS,24,12.9,72,21,2,20,8,0,2,Steady Engagers
U05206,39,iOS,32,9.9,92,25,3,10,11,0,2,Steady Engagers
U05207,51,iOS,8,8.3,21,3,0,39,3,0,3,At-Risk/Dormant
U05208,54,Android,31,11.0,89,20,2,8,11,0,2,Steady Engagers
U05209,41,Android,6,2.2,14,1,0,39,3,0,3,At-Risk/Dormant
U05210,19,Android,8,7.1,12,1,0,37,7,1,3,At-Risk/Dormant
U05211,22,Android,11,4.1,26,4,0,32,9,0,3,At-Risk/Dormant
U05212,24,Android,7,1.6,14,1,0,42,1,1,3,At-Risk/Dormant
U05213,40,Android,9,2.2,15,0,0,36,2,0,3,At-Risk/Dormant
U05214,47,iOS,26,9.5,74,13,2,20,6,0,2,Steady Engagers
U05215,56,iOS,11,3.6,18,5,1,34,4,0,3,At-Risk/Dormant
U05216,29,iOS,27,9.6,80,22,6,10,13,0,2,Steady Engagers
U05217,55,iOS,4,4.9,10,0,0,44,3,1,3,At-Risk/Dormant
U05218,49,Android,14,9.9,29,5,0,30,8,0,1,Casual Browsers
U05219,20,Android,19,12.2,40,11,0,19,5,0,1,Casual Browsers
U05220,34,iOS,25,11.2,82,23,4,16,14,0,2,Steady Engagers
U05221,32,Web,24,10.3,60,10,1,15,11,0,2,Steady Engagers
U05222,60,iOS,27,12.5,87,25,4,17,8,0,2,Steady Engagers
U05223,62,iOS,37,14.2,109,27,3,5,11,0,0,Power Users
U05224,57,iOS,20,13.4,41,11,2,15,12,0,2,Steady Engagers
U05225,43,iOS,36,16.9,116,30,5,7,11,0,0,Power Users
U05226,41,iOS,18,12.0,44,9,0,16,11,0,1,Casual Browsers
U05227,32,iOS,35,13.7,115,28,6,14,19,0,0,Power Users
U05228,55,Android,26,9.0,57,17,2,21,7,0,2,Steady Engagers
U05229,22,Android,22,10.3,65,14,0,22,7,1,1,Casual Browsers
U05230,31,Android,11,6.0,17,1,0,27,6,1,3,At-Risk/Dormant
U05231,24,iOS,4,3.8,13,4,0,42,1,0,3,At-Risk/Dormant
U05232,41,iOS,16,15.9,58,14,3,15,16,0,2,Steady Engagers
U05233,32,Android,21,7.1,47,8,1,22,6,0,1,Casual Browsers
U05234,27,Android,13,10.9,33,4,1,29,10,0,1,Casual Browsers
U05235,36,iOS,20,17.7,56,16,5,9,15,0,2,Steady Engagers
U05236,59,Android,19,9.0,46,12,1,21,9,0,1,Casual Browsers
U05237,44,Web,5,4.1,8,1,0,38,1,0,3,At-Risk/Dormant
U05238,57,Android,21,7.8,46,7,1,34,11,1,1,Casual Browsers
U05239,61,Android,12,0.9,28,7,1,31,2,0,3,At-Risk/Dormant
U05240,61,Android,14,3.5,25,4,1,39,4,0,3,At-Risk/Dormant
U05241,34,Android,29,20.4,107,32,1,8,11,0,2,Steady Engagers
U05242,60,Android,14,12.1,43,5,0,16,7,0,1,Casual Browsers
U05243,61,Android,37,12.7,130,35,9,10,17,0,0,Power Users
U05244,64,Android,23,13.8,83,20,6,7,16,0,0,Power Users
U05245,34,Android,23,10.1,67,15,2,17,8,0,2,Steady Engagers
U05246,28,iOS,10,8.5,25,6,1,27,5,0,1,Casual Browsers
U05247,46,Android,31,15.3,88,24,4,5,13,0,0,Power Users
U05248,62,Android,20,12.1,67,13,1,12,7,0,2,Steady Engagers
U05249,61,Android,6,7.1,18,2,0,44,6,0,3,At-Risk/Dormant
U05250,45,Web,7,1.2,11,1,0,41,1,1,3,At-Risk/Dormant
U05251,25,iOS,17,7.1,37,1,0,32,8,0,1,Casual Browsers
U05252,38,Web,12,10.6,35,3,0,27,6,0,1,Casual Browsers
U05253,52,Web,23,14.5,71,20,5,7,11,0,2,Steady Engagers
U05254,44,Android,15,13.1,54,7,2,26,6,0,1,Casual Browsers
U05255,34,iOS,24,8.9,68,19,5,25,8,0,2,Steady Engagers
U05256,34,Android,11,3.1,24,2,0,39,5,0,3,At-Risk/Dormant
U05257,20,Web,15,0.5,33,3,1,41,3,1,3,At-Risk/Dormant
U05258,31,Android,16,8.0,46,9,0,23,9,0,1,Casual Browsers
U05259,50,Android,37,12.4,116,23,1,13,13,0,2,Steady Engagers
U05260,29,Web,35,20.1,110,32,5,7,9,0,0,Power Users
U05261,65,Web,15,9.7,34,6,1,25,5,0,1,Casual Browsers
U05262,21,Web,21,8.6,62,14,4,20,7,0,2,Steady Engagers
U05263,46,Android,7,4.5,9,0,0,43,6,0,3,At-Risk/Dormant
U05264,41,Android,13,4.3,31,4,0,38,7,0,3,At-Risk/Dormant
U05265,57,Android,21,13.6,60,13,2,15,9,0,2,Steady Engagers
U05266,60,Android,35,18.9,119,23,7,2,11,0,0,Power Users
U05267,44,iOS,46,19.0,196,58,14,0,15,0,0,Power Users
U05268,48,Android,21,8.7,82,16,3,15,14,0,2,Steady Engagers
U05269,51,iOS,9,3.7,19,3,0,51,3,1,3,At-Risk/Dormant
U05270,43,Android,13,4.1,24,3,0,37,5,1,3,At-Risk/Dormant
U05271,26,iOS,15,12.1,31,5,1,28,6,0,1,Casual Browsers
U05272,38,Web,28,15.4,84,19,7,15,14,0,0,Power Users
U05273,29,iOS,20,7.7,50,10,0,24,7,1,1,Casual Browsers
U05274,40,Android,21,14.7,65,14,2,35,7,0,1,Casual Browsers
U05275,47,Android,23,17.0,78,24,7,2,13,0,0,Power Users
U05276,28,Android,36,14.7,110,32,6,6,9,0,0,Power Users
U05277,29,iOS,18,11.2,51,7,2,15,3,0,1,Casual Browsers
U05278,57,iOS,25,13.5,71,11,1,20,6,0,2,Steady Engagers
U05279,36,Android,19,6.2,52,8,1,26,3,1,1,Casual Browsers
U05280,27,Web,15,11.0,34,6,1,22,5,0,1,Casual Browsers
U05281,52,iOS,14,8.0,34,5,0,27,9,0,1,Casual Browsers
U05282,52,Web,23,9.4,46,6,0,19,10,0,1,Casual Browsers
U05283,57,Android,29,18.2,95,31,9,2,9,0,0,Power Users
U05284,54,Web,3,5.7,2,0,0,45,1,1,3,At-Risk/Dormant
U05285,65,Android,2,0.5,6,1,0,42,1,1,3,At-Risk/Dormant
U05286,45,Android,31,10.4,92,23,2,14,13,0,2,Steady Engagers
U05287,31,Web,5,3.4,9,1,0,38,2,0,3,At-Risk/Dormant
U05288,59,Web,15,6.6,33,9,2,30,5,0,1,Casual Browsers
U05289,30,iOS,34,15.5,135,48,8,2,12,0,0,Power Users
U05290,31,Android,21,5.9,40,9,0,29,8,0,1,Casual Browsers
U05291,57,Android,26,12.9,67,15,6,13,14,0,2,Steady Engagers
U05292,60,iOS,12,10.6,32,6,0,28,4,0,1,Casual Browsers
U05293,34,Web,21,9.4,50,7,0,28,5,0,1,Casual Browsers
U05294,53,Android,19,9.9,58,13,2,51,6,0,1,Casual Browsers
U05295,62,Android,22,17.1,61,13,1,10,10,0,2,Steady Engagers
U05296,56,iOS,11,5.6,29,2,1,34,3,0,3,At-Risk/Dormant
U05297,18,iOS,29,15.5,94,27,3,10,13,0,2,Steady Engagers
U05298,49,Android,9,5.6,14,1,0,42,1,1,3,At-Risk/Dormant
U05299,26,iOS,23,12.7,60,8,1,31,10,0,1,Casual Browsers
U05300,58,Web,10,11.1,21,0,0,34,6,0,3,At-Risk/Dormant
U05301,21,Android,33,18.1,112,37,8,5,15,0,0,Power Users
U05302,65,iOS,28,16.3,73,23,3,8,11,0,2,Steady Engagers
U05303,26,iOS,2,5.5,7,1,0,38,2,0,3,At-Risk/Dormant
U05304,38,iOS,27,14.4,77,16,0,14,8,0,2,Steady Engagers
U05305,29,Web,20,12.4,59,12,1,22,9,0,1,Casual Browsers
U05306,57,iOS,17,11.7,44,9,1,30,7,0,1,Casual Browsers
U05307,36,iOS,18,12.1,67,21,3,20,12,0,2,Steady Engagers
U05308,53,Android,11,7.8,30,6,0,32,8,0,1,Casual Browsers
U05309,21,iOS,18,9.8,55,18,2,15,7,0,1,Casual Browsers
U05310,39,Android,20,6.9,68,17,1,28,6,0,1,Casual Browsers
U05311,61,Android,44,16.9,151,53,11,0,6,0,0,Power Users
U05312,62,iOS,12,10.2,35,4,0,28,14,0,1,Casual Browsers
U05313,28,iOS,32,18.5,96,28,8,2,10,0,0,Power Users
U05314,36,Web,8,7.3,17,2,0,46,4,1,3,At-Risk/Dormant
U05315,37,iOS,22,11.8,60,11,0,24,6,0,1,Casual Browsers
U05316,45,Web,1,2.0,1,0,0,62,1,1,3,At-Risk/Dormant
U05317,43,Android,25,21.0,89,26,6,8,13,0,0,Power Users
U05318,23,iOS,36,15.5,109,27,8,2,8,0,0,Power Users
U05319,54,Web,21,6.8,61,11,2,21,10,0,1,Casual Browsers
U05320,28,Android,19,4.4,45,5,1,31,1,0,3,At-Risk/Dormant
U05321,33,Web,6,4.5,9,0,0,41,1,1,3,At-Risk/Dormant
U05322,58,iOS,32,13.6,106,33,10,8,14,0,0,Power Users
U05323,51,Android,10,5.2,14,2,0,37,2,1,3,At-Risk/Dormant
U05324,37,iOS,17,8.3,39,7,1,25,5,0,1,Casual Browsers
U05325,61,Android,29,18.5,83,19,4,11,11,0,2,Steady Engagers
U05326,36,Android,12,4.7,31,5,0,36,4,0,3,At-Risk/Dormant
U05327,45,Android,11,7.9,26,4,0,44,5,0,3,At-Risk/Dormant
U05328,29,Android,23,9.1,51,12,2,25,16,0,2,Steady Engagers
U05329,26,Android,12,8.5,25,3,1,29,6,1,1,Casual Browsers
U05330,41,Web,13,8.8,33,7,0,33,6,0,1,Casual Browsers
U05331,45,Android,38,14.0,135,35,2,7,13,0,0,Power Users
U05332,56,Web,7,5.9,11,4,0,35,6,0,3,At-Risk/Dormant
U05333,36,iOS,31,10.2,62,14,2,20,9,0,2,Steady Engagers
U05334,60,Android,15,3.9,39,9,2,40,7,0,3,At-Risk/Dormant
U05335,47,Android,15,5.9,37,14,3,23,11,0,1,Casual Browsers
U05336,21,Web,10,5.0,21,3,0,50,6,1,3,At-Risk/Dormant
U05337,53,iOS,19,4.1,51,8,0,48,6,0,3,At-Risk/Dormant
U05338,45,Web,21,8.7,61,11,2,18,7,0,1,Casual Browsers
U05339,36,Android,20,13.2,70,14,2,5,6,0,2,Steady Engagers
U05340,40,iOS,14,6.8,36,7,0,34,8,1,1,Casual Browsers
U05341,32,iOS,25,8.9,83,21,1,14,12,0,2,Steady Engagers
U05342,47,Web,21,12.7,58,14,3,19,8,0,2,Steady Engagers
U05343,45,Android,35,7.1,107,18,2,17,10,0,2,Steady Engagers
U05344,39,Web,10,1.6,19,4,1,37,6,1,3,At-Risk/Dormant
U05345,31,Android,10,3.7,17,3,0,41,2,1,3,At-Risk/Dormant
U05346,37,Web,9,5.3,27,1,0,33,4,1,3,At-Risk/Dormant
U05347,41,iOS,26,13.2,82,25,4,11,15,0,2,Steady Engagers
U05348,40,iOS,34,12.4,112,30,6,3,9,0,0,Power Users
U05349,32,Android,10,9.1,25,2,0,37,2,0,3,At-Risk/Dormant
U05350,45,Web,26,16.0,71,16,1,12,12,0,2,Steady Engagers
U05351,28,Android,6,0.5,14,0,0,42,4,0,3,At-Risk/Dormant
U05352,42,iOS,38,19.1,136,44,7,5,14,0,0,Power Users
U05353,23,iOS,14,7.6,35,6,1,30,7,0,1,Casual Browsers
U05354,40,iOS,27,13.8,83,19,1,6,14,0,2,Steady Engagers
U05355,55,iOS,17,7.4,45,11,1,57,10,1,1,Casual Browsers
U05356,57,iOS,42,16.2,155,43,11,15,20,0,0,Power Users
U05357,51,iOS,27,11.5,77,7,1,12,9,0,2,Steady Engagers
U05358,53,iOS,19,13.0,57,12,0,27,7,1,1,Casual Browsers
U05359,21,iOS,3,7.1,7,1,1,55,2,1,3,At-Risk/Dormant
U05360,34,iOS,17,8.5,30,5,0,31,6,0,1,Casual Browsers
U05361,49,Web,28,9.0,80,22,3,12,13,0,2,Steady Engagers
U05362,56,iOS,22,6.2,48,8,2,25,10,0,1,Casual Browsers
U05363,45,Android,26,11.9,95,26,1,15,11,0,2,Steady Engagers
U05364,58,iOS,17,11.7,38,7,0,25,9,0,1,Casual Browsers
U05365,31,Android,12,2.9,31,3,0,33,7,0,3,At-Risk/Dormant
U05366,25,Android,13,0.5,29,1,0,53,1,1,3,At-Risk/Dormant
U05367,22,iOS,25,6.3,47,7,1,28,10,0,1,Casual Browsers
U05368,45,Android,13,9.8,30,7,0,32,4,0,1,Casual Browsers
U05369,49,iOS,28,13.6,104,35,3,10,15,0,0,Power Users
U05370,31,Web,6,3.2,10,1,0,38,1,0,3,At-Risk/Dormant
U05371,55,Android,34,16.3,119,31,3,13,16,0,0,Power Users
U05372,53,Android,6,0.5,10,2,0,41,1,0,3,At-Risk/Dormant
U05373,35,Android,7,3.5,12,1,0,39,2,0,3,At-Risk/Dormant
U05374,29,Android,22,8.0,51,8,0,30,4,1,1,Casual Browsers
U05375,53,iOS,7,4.7,20,0,0,43,3,0,3,At-Risk/Dormant
U05376,50,iOS,9,4.7,21,1,0,46,3,0,3,At-Risk/Dormant
U05377,26,iOS,22,15.9,56,12,1,19,11,0,2,Steady Engagers
U05378,30,Android,15,5.0,27,4,1,30,6,0,3,At-Risk/Dormant
U05379,41,iOS,15,15.4,36,9,2,12,9,0,1,Casual Browsers
U05380,42,Android,17,11.9,47,7,0,21,6,0,1,Casual Browsers
U05381,25,iOS,21,4.7,58,10,4,16,4,0,1,Casual Browsers
U05382,63,iOS,13,10.5,29,4,0,33,7,0,1,Casual Browsers
U05383,36,Android,24,8.9,80,17,2,25,8,0,2,Steady Engagers
U05384,36,Web,15,6.5,32,7,0,29,5,0,1,Casual Browsers
U05385,20,iOS,21,13.4,59,11,3,16,10,1,2,Steady Engagers
U05386,60,Android,14,2.7,24,1,1,41,2,1,3,At-Risk/Dormant
U05387,29,iOS,25,10.8,70,15,3,22,13,0,2,Steady Engagers
U05388,65,iOS,9,8.0,14,2,0,33,5,1,3,At-Risk/Dormant
U05389,41,Android,25,12.9,73,25,5,10,12,0,2,Steady Engagers
U05390,59,Android,12,7.9,33,8,1,23,8,0,1,Casual Browsers
U05391,26,iOS,23,14.3,72,16,3,20,9,0,2,Steady Engagers
U05392,25,Web,15,6.4,27,4,0,31,2,0,3,At-Risk/Dormant
U05393,56,iOS,16,9.2,66,13,1,20,13,0,1,Casual Browsers
U05394,57,iOS,24,10.8,54,10,3,16,7,0,2,Steady Engagers
U05395,44,iOS,29,17.9,107,28,2,0,16,0,0,Power Users
U05396,19,Android,31,13.6,99,36,7,8,8,0,0,Power Users
U05397,63,Android,16,6.4,38,11,2,27,6,0,1,Casual Browsers
U05398,36,Android,17,6.2,47,12,0,23,3,0,1,Casual Browsers
U05399,62,Web,27,9.9,85,23,2,14,7,0,2,Steady Engagers
U05400,59,Web,9,6.6,26,1,0,40,6,0,3,At-Risk/Dormant
U05401,58,Web,6,6.0,13,1,0,41,3,0,3,At-Risk/Dormant
U05402,51,Android,25,12.2,77,21,3,10,11,0,2,Steady Engagers
U05403,50,iOS,21,9.6,65,16,2,15,15,0,2,Steady Engagers
U05404,43,iOS,14,1.9,25,5,0,39,6,0,3,At-Risk/Dormant
U05405,19,Android,21,9.3,68,9,1,23,10,0,1,Casual Browsers
U05406,36,Android,24,14.0,71,15,2,20,10,0,2,Steady Engagers
U05407,53,iOS,30,11.7,63,14,1,18,6,0,2,Steady Engagers
U05408,56,iOS,25,14.1,99,31,7,5,6,0,0,Power Users
U05409,44,iOS,20,7.2,53,6,0,23,7,0,1,Casual Browsers
U05410,52,Android,28,13.2,111,27,3,14,9,0,2,Steady Engagers
U05411,19,iOS,2,2.2,4,0,0,44,2,0,3,At-Risk/Dormant
U05412,40,Android,6,4.7,22,3,0,35,3,1,3,At-Risk/Dormant
U05413,42,Android,35,15.4,113,34,7,0,10,0,0,Power Users
U05414,60,iOS,25,15.2,95,26,8,22,12,0,0,Power Users
U05415,32,Android,14,2.6,29,1,1,31,5,0,3,At-Risk/Dormant
U05416,29,Web,9,6.8,18,2,0,35,3,1,3,At-Risk/Dormant
U05417,34,iOS,16,7.9,41,6,1,42,4,1,3,At-Risk/Dormant
U05418,26,Android,32,17.2,100,19,4,18,10,0,2,Steady Engagers
U05419,44,Android,14,7.8,27,2,0,29,3,0,3,At-Risk/Dormant
U05420,48,iOS,8,5.2,16,1,0,49,6,1,3,At-Risk/Dormant
U05421,56,Android,20,13.2,48,13,3,26,6,0,1,Casual Browsers
U05422,64,Android,11,10.2,31,8,0,30,11,0,1,Casual Browsers
U05423,21,Android,15,5.4,29,3,0,41,5,0,3,At-Risk/Dormant
U05424,29,Android,23,16.2,80,13,1,19,10,0,2,Steady Engagers
U05425,32,iOS,8,6.7,23,1,1,33,3,1,3,At-Risk/Dormant
U05426,29,iOS,18,8.3,64,13,2,21,6,0,1,Casual Browsers
U05427,57,Android,37,14.0,138,34,4,2,10,0,0,Power Users
U05428,24,iOS,18,6.6,54,10,2,28,8,0,1,Casual Browsers
U05429,19,Android,11,8.3,29,3,1,40,5,1,3,At-Risk/Dormant
U05430,59,iOS,15,13.2,40,9,4,18,9,0,1,Casual Browsers
U05431,64,Android,13,9.6,36,6,0,30,6,0,1,Casual Browsers
U05432,28,iOS,37,13.7,124,26,3,17,10,0,0,Power Users
U05433,33,Android,33,22.9,154,38,3,0,22,0,0,Power Users
U05434,42,iOS,14,5.9,31,7,0,32,5,0,3,At-Risk/Dormant
U05435,43,Android,33,14.4,126,35,4,12,9,0,0,Power Users
U05436,65,Web,20,8.2,54,10,0,31,7,0,1,Casual Browsers
U05437,37,Android,14,9.9,24,4,0,21,6,0,1,Casual Browsers
U05438,18,Web,9,8.7,26,9,1,38,3,1,3,At-Risk/Dormant
U05439,38,Web,16,6.6,40,7,1,43,5,1,3,At-Risk/Dormant
U05440,44,Android,32,16.1,108,29,4,1,17,0,0,Power Users
U05441,42,Android,17,16.0,55,10,1,18,11,0,2,Steady Engagers
U05442,42,Android,19,6.6,54,9,0,24,6,0,1,Casual Browsers
U05443,62,Web,8,7.5,25,2,0,35,5,0,3,At-Risk/Dormant
U05444,56,iOS,21,6.8,55,8,1,21,10,0,1,Casual Browsers
U05445,30,iOS,7,7.0,14,0,0,42,0,1,3,At-Risk/Dormant
U05446,35,Android,9,1.9,16,2,0,38,5,1,3,At-Risk/Dormant
U05447,50,Web,3,4.1,8,0,0,46,3,0,3,At-Risk/Dormant
U05448,37,Android,19,9.7,53,10,2,15,19,0,2,Steady Engagers
U05449,38,Android,34,18.4,128,30,4,24,14,0,0,Power Users
U05450,26,Android,8,3.0,11,1,1,44,4,0,3,At-Risk/Dormant
U05451,30,iOS,19,8.8,50,10,0,25,10,0,1,Casual Browsers
U05452,53,Web,14,5.5,31,5,1,36,4,1,3,At-Risk/Dormant
U05453,58,iOS,31,14.2,99,21,4,5,14,0,0,Power Users
U05454,55,Android,19,10.0,71,17,3,16,4,0,2,Steady Engagers
U05455,32,Android,8,7.3,25,5,0,29,5,0,3,At-Risk/Dormant
U05456,24,iOS,28,16.3,108,37,8,13,8,0,0,Power Users
U05457,25,iOS,31,13.7,100,22,2,0,18,0,2,Steady Engagers
U05458,36,Android,21,5.8,46,9,2,29,3,0,1,Casual Browsers
U05459,42,Android,18,7.1,59,9,1,24,6,0,1,Casual Browsers
U05460,60,iOS,12,6.5,23,3,1,28,2,0,3,At-Risk/Dormant
U05461,61,Web,16,6.3,46,9,1,20,16,0,1,Casual Browsers
U05462,18,iOS,21,12.8,50,16,1,22,13,0,2,Steady Engagers
U05463,51,Android,8,5.1,22,6,0,38,3,1,3,At-Risk/Dormant
U05464,32,iOS,22,9.0,62,12,1,25,14,0,2,Steady Engagers
U05465,27,Android,9,5.3,18,2,0,34,2,0,3,At-Risk/Dormant
U05466,44,Web,27,17.0,78,18,4,17,16,0,2,Steady Engagers
U05467,19,Android,9,4.8,23,3,1,37,4,0,3,At-Risk/Dormant
U05468,34,Android,26,16.4,79,25,5,8,11,0,2,Steady Engagers
U05469,44,iOS,34,8.0,81,14,1,18,13,0,2,Steady Engagers
U05470,31,Android,22,13.6,84,20,0,12,14,0,2,Steady Engagers
U05471,46,Android,26,8.4,73,18,2,19,10,0,2,Steady Engagers
U05472,40,iOS,20,13.8,46,10,0,21,10,0,1,Casual Browsers
U05473,56,iOS,16,11.9,45,6,1,17,9,0,1,Casual Browsers
U05474,26,Web,12,6.7,21,3,1,32,3,0,3,At-Risk/Dormant
U05475,20,Android,13,3.6,29,2,0,36,1,0,3,At-Risk/Dormant
U05476,43,Android,11,5.3,26,6,0,39,7,0,3,At-Risk/Dormant
U05477,30,iOS,14,1.8,24,5,0,41,2,0,3,At-Risk/Dormant
U05478,51,Android,16,5.9,42,8,1,24,12,0,1,Casual Browsers
U05479,22,Android,23,7.5,55,18,4,16,13,0,2,Steady Engagers
U05480,45,Web,26,12.3,77,18,1,9,8,0,2,Steady Engagers
U05481,65,Web,28,12.2,105,32,5,7,8,0,0,Power Users
U05482,22,Android,26,18.2,75,14,2,15,5,0,2,Steady Engagers
U05483,32,iOS,18,5.8,44,10,1,26,7,0,1,Casual Browsers
U05484,58,iOS,34,13.5,121,26,3,4,8,0,0,Power Users
U05485,43,Android,5,6.2,9,0,0,44,3,1,3,At-Risk/Dormant
U05486,26,iOS,15,5.1,41,7,0,29,3,0,3,At-Risk/Dormant
U05487,28,Android,8,5.2,7,0,0,36,6,1,3,At-Risk/Dormant
U05488,54,Android,10,9.4,28,2,0,37,4,0,3,At-Risk/Dormant
U05489,59,Web,17,12.4,40,11,0,17,8,0,1,Casual Browsers
U05490,35,iOS,10,5.7,21,1,0,33,7,1,3,At-Risk/Dormant
U05491,40,Android,10,5.8,30,2,0,32,9,0,3,At-Risk/Dormant
U05492,55,iOS,9,6.3,14,1,0,39,6,0,3,At-Risk/Dormant
U05493,26,Web,11,10.5,25,4,1,28,12,0,1,Casual Browsers
U05494,27,Android,12,6.8,32,4,0,28,6,0,1,Casual Browsers
U05495,55,Web,12,11.5,33,6,0,19,7,0,1,Casual Browsers
U05496,26,Web,10,2.9,30,2,0,35,2,0,3,At-Risk/Dormant
U05497,54,Android,30,19.0,118,31,5,0,20,0,0,Power Users
U05498,41,iOS,26,14.0,89,29,7,12,16,0,0,Power Users
U05499,65,iOS,30,16.5,133,38,8,3,11,0,0,Power Users
U05500,19,iOS,32,13.8,100,34,4,25,9,0,0,Power Users
U05501,63,Android,10,10.3,27,3,0,38,1,1,3,At-Risk/Dormant
U05502,28,Android,23,11.8,76,15,2,10,11,0,2,Steady Engagers
U05503,19,Android,5,3.4,14,2,0,43,0,1,3,At-Risk/Dormant
U05504,52,iOS,13,4.6,32,6,0,31,5,1,3,At-Risk/Dormant
U05505,43,iOS,19,9.6,45,5,1,26,7,0,1,Casual Browsers
U05506,58,iOS,26,10.5,102,27,5,12,6,0,2,Steady Engagers
U05507,23,iOS,24,12.2,66,20,1,23,17,0,2,Steady Engagers
U05508,21,Android,15,5.1,30,2,0,33,4,0,3,At-Risk/Dormant
U05509,45,Android,8,11.0,13,3,0,36,3,0,3,At-Risk/Dormant
U05510,60,iOS,26,19.1,97,25,5,4,14,0,0,Power Users
U05511,37,iOS,27,13.4,89,23,3,15,10,0,2,Steady Engagers
U05512,56,iOS,37,15.3,123,25,7,0,16,0,0,Power Users
U05513,61,Android,17,7.6,33,4,0,35,7,0,1,Casual Browsers
U05514,59,Android,19,7.5,44,7,2,39,5,0,1,Casual Browsers
U05515,42,Web,9,10.0,16,4,0,34,1,0,3,At-Risk/Dormant
U05516,51,Android,7,11.8,16,2,0,35,7,0,3,At-Risk/Dormant
U05517,43,Android,13,9.3,32,7,0,25,3,0,1,Casual Browsers
U05518,50,iOS,13,9.0,32,8,2,28,6,0,1,Casual Browsers
U05519,45,iOS,13,11.0,29,5,2,29,6,0,1,Casual Browsers
U05520,43,Web,13,9.7,40,6,0,27,7,0,1,Casual Browsers
U05521,38,Web,6,0.5,11,1,0,52,2,1,3,At-Risk/Dormant
U05522,49,iOS,14,8.9,38,8,1,25,7,1,1,Casual Browsers
U05523,54,Android,18,10.9,53,6,1,25,8,0,1,Casual Browsers
U05524,62,iOS,42,16.6,177,53,9,0,16,0,0,Power Users
U05525,47,Web,14,5.6,30,3,0,33,5,0,3,At-Risk/Dormant
U05526,22,Android,6,0.5,6,1,0,38,0,0,3,At-Risk/Dormant
U05527,46,Web,18,5.9,51,13,2,27,12,0,1,Casual Browsers
U05528,33,iOS,12,6.8,37,8,1,29,3,0,3,At-Risk/Dormant
U05529,19,Android,17,12.6,56,19,2,12,9,0,2,Steady Engagers
U05530,21,iOS,27,19.7,78,24,3,5,18,0,2,Steady Engagers
U05531,46,iOS,8,4.1,28,7,0,46,3,0,3,At-Risk/Dormant
U05532,63,Android,20,8.5,49,6,2,26,8,0,1,Casual Browsers
U05533,42,Android,37,14.9,140,48,6,2,11,0,0,Power Users
U05534,39,iOS,13,3.1,28,5,2,28,5,0,3,At-Risk/Dormant
U05535,22,Android,23,10.8,63,24,5,19,13,0,2,Steady Engagers
U05536,50,Android,18,10.2,44,11,1,20,7,0,1,Casual Browsers
U05537,20,iOS,2,0.7,5,0,0,46,1,0,3,At-Risk/Dormant
U05538,58,iOS,24,11.6,61,13,1,16,8,0,2,Steady Engagers
U05539,57,iOS,19,13.2,63,18,1,31,6,0,1,Casual Browsers
U05540,65,Web,25,10.1,87,22,3,14,10,0,2,Steady Engagers
U05541,31,Web,11,9.9,20,3,0,33,7,0,1,Casual Browsers
U05542,25,iOS,17,10.2,45,7,1,23,5,0,1,Casual Browsers
U05543,32,Android,32,19.1,100,23,3,1,4,0,2,Steady Engagers
U05544,56,iOS,7,6.9,13,0,0,44,4,1,3,At-Risk/Dormant
U05545,28,Android,28,13.7,106,24,4,4,14,0,0,Power Users
U05546,60,Web,11,7.3,15,2,0,54,2,0,3,At-Risk/Dormant
U05547,25,iOS,10,10.9,26,4,1,28,4,0,1,Casual Browsers
U05548,20,Android,20,13.0,60,16,3,23,8,0,2,Steady Engagers
U05549,28,iOS,39,13.9,114,27,1,11,12,0,2,Steady Engagers
U05550,54,iOS,16,1.9,43,5,0,28,8,0,1,Casual Browsers
U05551,46,Web,3,8.0,6,1,0,44,2,1,3,At-Risk/Dormant
U05552,35,Android,36,12.0,114,22,3,0,16,0,0,Power Users
U05553,49,Web,27,15.3,83,11,1,15,6,0,2,Steady Engagers
U05554,49,Android,21,8.1,78,17,1,18,9,0,2,Steady Engagers
U05555,44,iOS,13,3.3,30,0,0,33,4,0,3,At-Risk/Dormant
U05556,42,Web,2,2.4,3,0,0,46,3,0,3,At-Risk/Dormant
U05557,22,Android,33,14.5,112,27,8,3,14,0,0,Power Users
U05558,30,Android,6,10.4,16,0,0,37,4,1,3,At-Risk/Dormant
U05559,43,Web,20,10.3,62,15,1,16,11,0,2,Steady Engagers
U05560,24,Web,14,9.9,36,6,0,26,1,0,1,Casual Browsers
U05561,40,Android,28,10.0,64,9,3,22,4,0,1,Casual Browsers
U05562,23,iOS,18,5.2,47,8,2,26,3,0,1,Casual Browsers
U05563,55,Web,23,10.6,60,16,1,19,5,0,1,Casual Browsers
U05564,22,Android,6,6.6,19,3,0,38,4,0,3,At-Risk/Dormant
U05565,22,iOS,15,12.7,49,5,0,20,11,0,1,Casual Browsers
U05566,48,Android,16,8.9,41,6,1,38,10,0,1,Casual Browsers
U05567,28,Android,22,18.7,67,15,2,5,13,0,2,Steady Engagers
U05568,34,Web,17,11.1,59,14,0,21,12,0,1,Casual Browsers
U05569,33,Android,9,1.6,14,0,1,45,3,0,3,At-Risk/Dormant
U05570,28,Web,39,8.8,126,28,3,5,11,0,0,Power Users
U05571,54,iOS,27,18.1,77,19,2,10,11,0,2,Steady Engagers
U05572,51,iOS,31,16.4,108,33,6,0,13,0,0,Power Users
U05573,29,Android,13,5.3,31,4,0,37,1,0,3,At-Risk/Dormant
U05574,50,Android,7,4.3,14,3,0,38,3,1,3,At-Risk/Dormant
U05575,52,Web,15,5.2,39,5,0,34,2,1,3,At-Risk/Dormant
U05576,43,iOS,21,11.9,70,17,2,15,13,0,2,Steady Engagers
U05577,45,iOS,8,0.5,18,3,0,42,2,1,3,At-Risk/Dormant
U05578,62,Android,12,8.6,28,5,1,31,6,1,1,Casual Browsers
U05579,39,Android,19,11.0,49,14,1,18,7,0,1,Casual Browsers
U05580,36,Android,4,3.9,3,0,0,44,2,0,3,At-Risk/Dormant
U05581,43,iOS,12,7.8,24,2,1,24,8,0,1,Casual Browsers
U05582,58,Android,25,11.5,74,13,2,20,11,0,2,Steady Engagers
U05583,52,iOS,19,7.7,58,14,1,17,8,0,1,Casual Browsers
U05584,21,iOS,14,9.4,29,4,0,36,2,0,3,At-Risk/Dormant
U05585,40,Android,23,10.8,61,13,1,20,7,0,1,Casual Browsers
U05586,53,iOS,2,0.5,2,0,0,44,2,1,3,At-Risk/Dormant
U05587,28,iOS,34,16.3,142,53,6,0,13,0,0,Power Users
U05588,65,Web,10,5.4,17,0,0,35,4,1,3,At-Risk/Dormant
U05589,56,Android,5,7.2,6,0,0,40,4,1,3,At-Risk/Dormant
U05590,58,iOS,29,7.1,69,13,0,17,8,0,1,Casual Browsers
U05591,21,Android,29,18.2,105,27,1,5,13,0,2,Steady Engagers
U05592,45,Web,21,12.9,54,11,2,19,8,0,2,Steady Engagers
U05593,43,iOS,17,7.4,48,8,1,26,8,0,1,Casual Browsers
U05594,48,Android,33,19.4,131,39,8,0,14,0,0,Power Users
U05595,58,Web,14,7.8,20,3,0,29,7,0,1,Casual Browsers
U05596,34,iOS,23,16.0,95,22,2,0,13,0,2,Steady Engagers
U05597,43,Android,10,9.3,24,2,0,30,1,1,3,At-Risk/Dormant
U05598,50,iOS,42,20.7,166,50,13,0,16,0,0,Power Users
U05599,54,Android,18,7.3,54,13,3,19,8,0,1,Casual Browsers
U05600,54,Web,32,17.6,115,25,3,0,15,0,0,Power Users
U05601,34,iOS,11,8.3,27,3,0,25,5,0,1,Casual Browsers
U05602,65,iOS,25,12.0,67,12,1,15,13,0,2,Steady Engagers
U05603,18,Web,7,4.5,9,2,0,35,5,0,3,At-Risk/Dormant
U05604,41,iOS,11,13.5,38,9,3,23,6,0,1,Casual Browsers
U05605,47,Android,4,0.5,11,1,0,52,0,1,3,At-Risk/Dormant
U05606,20,Android,10,5.1,13,0,0,35,0,1,3,At-Risk/Dormant
U05607,39,Android,20,6.0,43,5,0,29,7,0,1,Casual Browsers
U05608,46,Web,12,5.4,21,2,0,31,5,0,3,At-Risk/Dormant
U05609,47,Web,19,4.7,59,19,1,22,8,0,1,Casual Browsers
U05610,23,iOS,16,13.2,46,8,1,20,7,0,1,Casual Browsers
U05611,31,Android,6,0.5,12,1,0,41,3,1,3,At-Risk/Dormant
U05612,29,Android,11,7.4,32,3,0,36,6,1,3,At-Risk/Dormant
U05613,48,Web,6,1.1,12,2,0,45,1,1,3,At-Risk/Dormant
U05614,33,Android,17,7.8,50,12,1,32,6,0,1,Casual Browsers
U05615,45,iOS,9,6.2,19,3,1,42,5,0,3,At-Risk/Dormant
U05616,53,Android,7,7.0,13,3,0,38,2,0,3,At-Risk/Dormant
U05617,56,Android,11,1.8,32,5,0,39,5,1,3,At-Risk/Dormant
U05618,26,iOS,21,11.0,65,14,3,26,9,0,2,Steady Engagers
U05619,61,Web,22,12.7,66,18,2,36,10,0,2,Steady Engagers
U05620,25,iOS,20,9.2,61,6,0,28,9,0,1,Casual Browsers
U05621,19,iOS,36,18.9,135,49,7,0,13,0,0,Power Users
U05622,20,Android,3,8.3,7,2,0,56,2,1,3,At-Risk/Dormant
U05623,27,Web,21,13.0,63,14,2,8,15,0,2,Steady Engagers
U05624,59,iOS,19,3.7,51,8,0,42,11,0,1,Casual Browsers
U05625,27,iOS,6,7.4,16,3,1,45,3,0,3,At-Risk/Dormant
U05626,51,iOS,12,5.9,37,11,2,35,7,0,1,Casual Browsers
U05627,38,Android,26,11.0,63,5,0,19,9,0,1,Casual Browsers
U05628,19,Android,7,3.8,11,2,0,46,3,1,3,At-Risk/Dormant
U05629,39,Web,12,7.1,27,3,0,32,5,0,3,At-Risk/Dormant
U05630,19,iOS,25,13.7,69,18,1,15,4,0,2,Steady Engagers
U05631,40,Android,31,15.4,104,26,8,3,13,0,0,Power Users
U05632,44,Android,26,23.4,83,22,2,5,11,0,2,Steady Engagers
U05633,43,Web,14,5.5,23,2,0,29,7,0,3,At-Risk/Dormant
U05634,31,iOS,14,8.2,44,11,2,20,6,0,1,Casual Browsers
U05635,54,iOS,24,20.8,83,23,1,18,10,0,2,Steady Engagers
U05636,46,Android,26,11.0,75,13,2,20,9,0,2,Steady Engagers
U05637,30,Web,6,2.7,15,0,0,35,5,1,3,At-Risk/Dormant
U05638,38,Web,14,6.8,27,6,1,27,5,0,1,Casual Browsers
U05639,23,iOS,24,20.2,82,25,3,4,14,0,2,Steady Engagers
U05640,62,Android,9,7.6,18,5,0,30,3,0,3,At-Risk/Dormant
U05641,54,iOS,21,12.9,47,11,2,8,11,0,2,Steady Engagers
U05642,31,Web,21,12.6,45,11,2,18,3,0,1,Casual Browsers
U05643,50,iOS,11,7.2,11,2,0,32,3,0,3,At-Risk/Dormant
U05644,50,Web,18,8.6,37,6,1,26,7,0,1,Casual Browsers
U05645,47,iOS,19,11.5,75,20,1,4,16,0,2,Steady Engagers
U05646,20,Android,25,10.3,68,12,0,24,10,0,1,Casual Browsers
U05647,60,iOS,21,6.4,57,5,0,46,3,0,3,At-Risk/Dormant
U05648,63,Web,14,5.9,28,6,1,28,6,1,1,Casual Browsers
U05649,64,Android,22,15.5,72,16,1,19,17,0,2,Steady Engagers
U05650,65,Android,11,0.5,22,1,0,42,2,0,3,At-Risk/Dormant
U05651,62,iOS,25,12.3,79,24,3,19,6,0,2,Steady Engagers
U05652,53,Android,31,11.4,107,37,4,7,15,0,0,Power Users
U05653,20,Web,14,9.2,32,4,0,29,4,0,1,Casual Browsers
U05654,40,Android,26,16.9,67,16,2,13,13,0,2,Steady Engagers
U05655,29,Android,17,6.2,41,4,0,30,4,0,1,Casual Browsers
U05656,28,Android,21,14.7,58,8,1,16,9,0,2,Steady Engagers
U05657,57,iOS,5,5.1,11,1,0,35,1,1,3,At-Risk/Dormant
U05658,57,iOS,19,11.0,58,10,2,17,5,0,1,Casual Browsers
U05659,43,iOS,12,7.5,21,3,0,31,2,0,3,At-Risk/Dormant
U05660,53,iOS,34,11.7,117,28,3,8,9,0,2,Steady Engagers
U05661,24,Android,36,16.3,125,30,7,2,11,0,0,Power Users
U05662,28,iOS,12,6.3,22,5,0,42,6,0,3,At-Risk/Dormant
U05663,59,Web,27,11.9,67,14,2,11,14,0,2,Steady Engagers
U05664,39,iOS,15,5.4,34,7,1,36,1,0,3,At-Risk/Dormant
U05665,44,Android,9,0.5,16,3,1,41,3,0,3,At-Risk/Dormant
U05666,40,iOS,16,14.5,57,16,2,16,8,0,2,Steady Engagers
U05667,27,Android,13,11.5,35,8,1,20,6,0,1,Casual Browsers
U05668,57,Android,12,7.7,33,6,0,28,4,0,1,Casual Browsers
U05669,54,Android,14,10.9,31,7,0,32,5,0,1,Casual Browsers
U05670,50,Android,15,5.7,33,3,0,51,3,1,3,At-Risk/Dormant
U05671,34,Android,21,10.5,61,15,1,15,6,0,1,Casual Browsers
U05672,48,iOS,31,11.0,114,31,8,3,16,0,0,Power Users
U05673,63,Android,15,9.3,33,5,1,20,7,0,1,Casual Browsers
U05674,49,iOS,17,8.7,35,9,0,35,8,0,1,Casual Browsers
U05675,41,Web,16,3.1,45,10,1,28,7,0,1,Casual Browsers
U05676,30,iOS,16,9.5,50,2,0,29,7,0,1,Casual Browsers
U05677,43,iOS,20,8.1,56,10,1,30,2,0,1,Casual Browsers
U05678,35,iOS,20,12.8,68,15,4,11,5,0,2,Steady Engagers
U05679,47,Android,14,7.7,24,3,0,30,4,0,3,At-Risk/Dormant
U05680,20,Android,22,4.9,57,8,1,27,7,0,1,Casual Browsers
U05681,27,iOS,15,6.4,39,6,1,27,2,0,1,Casual Browsers
U05682,55,Web,4,2.8,4,0,0,50,0,1,3,At-Risk/Dormant
U05683,36,Web,13,5.4,27,3,0,56,4,1,3,At-Risk/Dormant
U05684,38,Web,35,14.3,141,36,14,1,14,0,0,Power Users
U05685,44,iOS,11,4.9,16,2,2,36,1,0,3,At-Risk/Dormant
U05686,39,iOS,13,11.6,33,6,1,20,6,0,1,Casual Browsers
U05687,54,Web,13,9.2,23,2,0,41,5,0,3,At-Risk/Dormant
U05688,29,Web,10,7.3,22,6,0,28,8,0,1,Casual Browsers
U05689,54,iOS,15,2.3,26,6,1,38,6,0,3,At-Risk/Dormant
U05690,28,Web,17,14.5,30,7,1,29,7,0,1,Casual Browsers
U05691,35,Web,22,15.3,64,16,1,21,16,0,2,Steady Engagers
U05692,46,iOS,8,5.9,26,5,0,43,1,0,3,At-Risk/Dormant
U05693,60,Android,20,6.6,35,4,0,33,6,0,1,Casual Browsers
U05694,29,Android,18,13.9,51,8,0,24,13,0,1,Casual Browsers
U05695,46,iOS,8,3.2,20,2,0,36,3,0,3,At-Risk/Dormant
U05696,21,Android,7,5.0,21,3,0,38,3,1,3,At-Risk/Dormant
U05697,21,iOS,17,7.8,39,7,1,28,1,0,1,Casual Browsers
U05698,54,iOS,23,10.2,65,9,2,26,4,0,1,Casual Browsers
U05699,52,Web,7,0.5,5,1,0,44,3,1,3,At-Risk/Dormant
U05700,36,Web,18,12.7,71,24,8,17,11,0,2,Steady Engagers
U05701,47,iOS,17,11.8,48,12,3,24,7,0,1,Casual Browsers
U05702,36,Android,21,10.9,63,12,2,9,12,0,2,Steady Engagers
U05703,31,Android,29,13.6,95,29,2,15,8,0,2,Steady Engagers
U05704,38,iOS,13,10.6,35,4,1,35,6,0,1,Casual Browsers
U05705,32,Android,23,17.1,80,24,2,13,13,0,2,Steady Engagers
U05706,57,iOS,18,9.4,37,6,0,19,6,0,1,Casual Browsers
U05707,37,Web,9,7.8,24,6,1,26,3,0,3,At-Risk/Dormant
U05708,33,iOS,20,9.5,50,12,2,18,3,0,1,Casual Browsers
U05709,43,iOS,14,7.0,43,8,0,20,4,0,1,Casual Browsers
U05710,54,iOS,29,18.2,112,29,4,0,10,0,0,Power Users
U05711,31,Web,26,14.6,90,24,3,13,11,0,2,Steady Engagers
U05712,63,Android,9,6.5,22,1,0,46,3,1,3,At-Risk/Dormant
U05713,40,iOS,13,13.0,38,8,0,22,10,0,1,Casual Browsers
U05714,49,Android,30,14.8,95,26,4,9,21,0,0,Power Users
U05715,63,iOS,22,13.0,65,11,1,20,7,0,1,Casual Browsers
U05716,38,Android,13,3.3,27,1,0,32,3,1,3,At-Risk/Dormant
U05717,27,iOS,20,13.8,71,16,1,15,17,0,2,Steady Engagers
U05718,53,iOS,25,9.7,90,22,3,9,9,0,2,Steady Engagers
U05719,18,Android,24,13.5,82,26,0,10,10,0,2,Steady Engagers
U05720,39,iOS,19,13.3,58,14,1,27,11,0,1,Casual Browsers
U05721,65,Android,28,17.4,95,34,13,1,19,0,0,Power Users
U05722,37,Android,18,9.2,46,13,1,26,4,0,1,Casual Browsers
U05723,50,Android,18,5.9,48,4,0,35,3,0,3,At-Risk/Dormant
U05724,43,Android,31,17.9,123,41,9,3,21,0,0,Power Users
U05725,28,Web,14,8.0,31,8,1,26,4,0,1,Casual Browsers
U05726,33,Web,2,2.0,5,1,0,46,1,1,3,At-Risk/Dormant
U05727,43,iOS,14,7.9,24,0,0,34,9,0,1,Casual Browsers
U05728,23,iOS,14,12.8,33,7,1,26,5,0,1,Casual Browsers
U05729,37,iOS,24,14.2,50,9,0,22,10,0,1,Casual Browsers
U05730,37,Web,22,5.3,50,4,1,37,5,1,1,Casual Browsers
U05731,58,iOS,35,11.9,102,31,2,5,17,0,0,Power Users
U05732,23,Android,30,13.8,91,22,6,5,9,0,0,Power Users
U05733,58,iOS,28,15.2,92,27,7,0,16,0,0,Power Users
U05734,37,Web,16,6.3,53,9,0,17,12,0,1,Casual Browsers
U05735,49,Android,11,7.8,37,7,1,31,6,1,1,Casual Browsers
U05736,44,iOS,21,9.7,55,19,4,41,5,0,1,Casual Browsers
U05737,32,Android,14,9.0,34,4,0,35,7,0,1,Casual Browsers
U05738,62,Android,41,15.3,146,42,9,0,17,0,0,Power Users
U05739,28,iOS,19,10.3,59,9,1,22,9,0,1,Casual Browsers
U05740,19,Android,9,3.4,17,2,0,34,4,0,3,At-Risk/Dormant
U05741,54,Web,10,4.8,25,3,0,31,5,0,3,At-Risk/Dormant
U05742,47,iOS,15,16.3,42,4,1,21,8,0,1,Casual Browsers
U05743,60,Android,19,4.0,59,11,0,32,5,0,1,Casual Browsers
U05744,39,Web,11,13.0,15,1,0,33,2,0,3,At-Risk/Dormant
U05745,18,iOS,22,3.4,48,14,0,27,5,0,1,Casual Browsers
U05746,18,iOS,20,6.0,45,8,1,34,5,0,1,Casual Browsers
U05747,38,iOS,13,5.1,26,7,0,38,8,0,3,At-Risk/Dormant
U05748,29,Web,25,9.8,81,25,1,19,9,0,2,Steady Engagers
U05749,62,Android,7,0.5,15,3,0,41,2,1,3,At-Risk/Dormant
U05750,23,Android,23,14.2,67,15,2,18,8,0,2,Steady Engagers
U05751,60,Android,22,7.0,54,10,1,27,14,0,1,Casual Browsers
U05752,28,Android,23,13.0,69,21,3,36,11,0,2,Steady Engagers
U05753,23,iOS,25,20.9,107,26,6,5,8,0,0,Power Users
U05754,31,Android,24,10.9,76,20,4,23,10,0,2,Steady Engagers
U05755,24,iOS,10,7.7,25,6,0,43,5,0,3,At-Risk/Dormant
U05756,37,iOS,22,8.7,71,18,3,22,4,0,1,Casual Browsers
U05757,33,Web,16,8.7,40,3,0,27,5,0,1,Casual Browsers
U05758,43,iOS,19,12.2,60,17,3,21,13,0,2,Steady Engagers
U05759,43,Web,9,0.5,23,1,0,40,2,1,3,At-Risk/Dormant
U05760,18,Web,13,7.6,27,1,0,38,3,0,3,At-Risk/Dormant
U05761,23,Android,29,15.1,97,20,3,5,11,0,2,Steady Engagers
U05762,25,iOS,12,7.9,29,5,1,30,4,0,3,At-Risk/Dormant
U05763,27,Android,8,6.5,24,4,1,35,1,0,3,At-Risk/Dormant
U05764,22,Web,23,15.7,68,16,0,23,9,0,2,Steady Engagers
U05765,33,iOS,9,6.0,24,4,1,35,6,1,3,At-Risk/Dormant
U05766,44,Android,15,9.8,37,9,1,41,9,0,1,Casual Browsers
U05767,32,Android,14,7.2,25,2,0,30,5,1,3,At-Risk/Dormant
U05768,33,Android,22,12.5,74,15,2,21,11,0,2,Steady Engagers
U05769,40,Web,6,3.1,13,0,0,35,4,1,3,At-Risk/Dormant
U05770,44,iOS,12,7.3,28,8,1,30,8,0,1,Casual Browsers
U05771,33,Android,6,0.5,12,3,0,48,1,1,3,At-Risk/Dormant
U05772,28,Android,16,9.7,47,7,1,16,8,0,1,Casual Browsers
U05773,37,Android,16,4.9,38,7,1,26,6,0,1,Casual Browsers
U05774,19,iOS,18,11.6,42,5,1,29,8,0,1,Casual Browsers
U05775,41,Android,15,8.5,47,9,0,25,3,0,1,Casual Browsers
U05776,63,Android,14,8.9,39,5,1,25,6,0,1,Casual Browsers
U05777,37,Web,11,3.7,24,2,0,43,2,1,3,At-Risk/Dormant
U05778,23,iOS,20,9.7,60,16,2,21,8,0,1,Casual Browsers
U05779,51,iOS,13,8.8,38,7,3,29,8,0,1,Casual Browsers
U05780,24,iOS,12,6.2,20,2,0,33,3,0,3,At-Risk/Dormant
U05781,27,iOS,42,13.2,142,44,6,0,14,0,0,Power Users
U05782,25,iOS,25,11.8,71,15,2,13,10,0,2,Steady Engagers
U05783,60,Android,25,14.7,71,20,4,10,12,0,2,Steady Engagers
U05784,65,Android,21,12.2,81,20,1,18,10,0,2,Steady Engagers
U05785,45,Web,8,8.5,13,0,0,42,2,1,3,At-Risk/Dormant
U05786,47,Web,8,4.9,12,1,0,40,5,1,3,At-Risk/Dormant
U05787,48,iOS,15,5.2,25,2,0,37,1,0,3,At-Risk/Dormant
U05788,47,Android,18,9.7,34,2,0,29,6,0,1,Casual Browsers
U05789,44,Android,25,10.6,86,22,4,12,9,0,2,Steady Engagers
U05790,65,Android,38,18.5,119,24,4,0,12,0,0,Power Users
U05791,53,Web,5,0.5,12,1,0,42,3,1,3,At-Risk/Dormant
U05792,22,Web,9,2.4,20,2,0,39,2,0,3,At-Risk/Dormant
U05793,36,iOS,8,10.0,23,6,0,29,2,0,3,At-Risk/Dormant
U05794,64,Web,28,10.0,78,14,0,9,7,0,2,Steady Engagers
U05795,37,Android,22,12.6,60,11,1,27,8,0,1,Casual Browsers
U05796,27,iOS,20,8.7,44,5,2,32,3,0,1,Casual Browsers
U05797,59,Android,9,5.5,24,2,0,42,2,0,3,At-Risk/Dormant
U05798,47,Android,9,4.7,20,2,0,37,1,1,3,At-Risk/Dormant
U05799,45,Web,5,2.9,15,3,0,44,3,1,3,At-Risk/Dormant
U05800,38,Web,5,2.3,9,0,0,43,2,1,3,At-Risk/Dormant
U05801,23,Android,17,12.1,41,6,1,21,8,0,1,Casual Browsers
U05802,36,Android,22,13.7,63,12,2,31,12,0,2,Steady Engagers
U05803,38,iOS,19,10.5,45,6,0,19,8,0,1,Casual Browsers
U05804,62,Android,28,11.0,107,24,6,8,12,0,0,Power Users
U05805,32,iOS,23,12.9,67,23,3,9,14,0,2,Steady Engagers
U05806,25,iOS,34,17.1,106,31,5,0,22,0,0,Power Users
U05807,38,Android,9,6.2,20,1,0,42,2,1,3,At-Risk/Dormant
U05808,65,Android,6,3.0,5,0,1,49,2,0,3,At-Risk/Dormant
U05809,41,Android,15,11.6,33,4,0,27,9,0,1,Casual Browsers
U05810,36,Web,17,4.9,44,8,0,30,7,0,1,Casual Browsers
U05811,50,Android,8,0.9,10,2,0,41,4,1,3,At-Risk/Dormant
U05812,49,iOS,6,8.8,15,0,0,40,4,1,3,At-Risk/Dormant
U05813,32,Android,38,15.1,149,44,7,1,13,0,0,Power Users
U05814,64,iOS,36,12.5,115,35,3,4,10,0,0,Power Users
U05815,46,Android,15,7.1,41,4,0,33,4,0,3,At-Risk/Dormant
U05816,20,Android,27,17.6,94,28,6,10,13,0,0,Power Users
U05817,37,iOS,18,9.4,48,11,2,24,3,0,1,Casual Browsers
U05818,62,iOS,35,6.6,111,23,3,8,14,0,2,Steady Engagers
U05819,36,Android,23,13.9,81,22,3,10,10,0,2,Steady Engagers
U05820,45,Android,7,2.0,18,0,0,45,4,1,3,At-Risk/Dormant
U05821,47,Web,31,17.0,108,31,3,15,12,0,0,Power Users
U05822,51,Android,23,4.7,51,7,0,25,3,0,1,Casual Browsers
U05823,59,Android,13,8.8,33,7,0,30,7,0,1,Casual Browsers
U05824,25,Android,33,14.1,104,28,5,4,12,0,0,Power Users
U05825,42,Android,27,13.0,77,21,6,10,9,0,2,Steady Engagers
U05826,43,iOS,19,11.6,47,9,2,26,6,0,1,Casual Browsers
U05827,25,iOS,26,13.4,93,21,2,10,11,0,2,Steady Engagers
U05828,50,iOS,13,7.0,21,6,3,36,11,0,1,Casual Browsers
U05829,23,iOS,26,16.5,73,18,0,14,17,0,2,Steady Engagers
U05830,39,Android,8,7.9,20,3,0,37,4,0,3,At-Risk/Dormant
U05831,33,iOS,22,13.5,74,14,3,23,9,0,2,Steady Engagers
U05832,25,Android,15,11.1,28,5,1,26,12,0,1,Casual Browsers
U05833,57,Android,28,16.9,69,10,3,16,10,0,2,Steady Engagers
U05834,29,iOS,15,9.5,39,9,0,45,6,0,1,Casual Browsers
U05835,30,Android,13,4.8,27,4,1,53,4,0,3,At-Risk/Dormant
U05836,59,Android,14,10.5,36,6,2,29,4,0,1,Casual Browsers
U05837,60,Android,14,5.7,30,2,1,32,5,0,3,At-Risk/Dormant
U05838,19,iOS,17,12.1,43,11,3,27,8,0,1,Casual Browsers
U05839,31,Android,5,7.6,16,3,0,38,4,0,3,At-Risk/Dormant
U05840,52,iOS,24,6.5,54,10,1,24,7,0,1,Casual Browsers
U05841,55,iOS,26,11.8,68,17,1,12,16,0,2,Steady Engagers
U05842,65,iOS,27,12.2,75,13,2,13,11,0,2,Steady Engagers
U05843,44,Android,8,2.4,16,1,0,37,1,0,3,At-Risk/Dormant
U05844,18,Web,21,5.9,56,10,1,24,9,0,1,Casual Browsers
U05845,59,Android,21,7.8,42,7,2,24,5,0,1,Casual Browsers
U05846,25,Web,4,2.1,11,2,0,46,1,1,3,At-Risk/Dormant
U05847,23,iOS,20,13.5,57,11,1,14,10,0,2,Steady Engagers
U05848,50,Android,6,4.2,7,2,0,41,2,0,3,At-Risk/Dormant
U05849,46,iOS,14,8.6,34,5,0,24,7,0,1,Casual Browsers
U05850,20,iOS,16,8.5,35,9,3,33,8,1,1,Casual Browsers
U05851,26,iOS,12,6.5,32,10,1,27,7,1,1,Casual Browsers
U05852,46,Android,36,14.0,148,44,9,0,12,0,0,Power Users
U05853,30,iOS,18,7.8,45,7,0,25,11,0,1,Casual Browsers
U05854,50,iOS,19,10.6,56,10,0,28,7,0,1,Casual Browsers
U05855,37,Web,11,3.8,18,1,0,40,1,0,3,At-Risk/Dormant
U05856,46,Android,33,8.0,95,25,5,13,7,0,2,Steady Engagers
U05857,40,iOS,26,6.3,54,12,0,25,4,0,1,Casual Browsers
U05858,35,iOS,30,16.1,129,36,8,0,15,0,0,Power Users
U05859,34,iOS,13,6.1,40,6,1,24,7,0,1,Casual Browsers
U05860,51,iOS,23,9.1,60,14,0,25,12,0,1,Casual Browsers
U05861,42,Android,35,21.1,131,43,6,3,20,0,0,Power Users
U05862,46,iOS,11,5.3,24,2,0,47,2,1,3,At-Risk/Dormant
U05863,45,Android,15,12.7,49,8,1,20,9,0,1,Casual Browsers
U05864,27,Android,3,0.5,6,0,0,41,4,1,3,At-Risk/Dormant
U05865,61,iOS,28,14.2,85,19,1,7,13,0,2,Steady Engagers
U05866,45,Android,10,10.4,18,3,0,30,8,0,1,Casual Browsers
U05867,52,Android,18,9.5,45,7,0,17,7,0,1,Casual Browsers
U05868,60,Android,24,7.9,66,15,3,17,7,0,2,Steady Engagers
U05869,62,iOS,22,11.0,61,9,3,24,16,0,2,Steady Engagers
U05870,50,Web,15,9.5,34,5,0,36,1,0,3,At-Risk/Dormant
U05871,55,iOS,6,1.1,12,4,1,43,3,0,3,At-Risk/Dormant
U05872,40,Android,8,2.4,21,4,0,39,3,1,3,At-Risk/Dormant
U05873,53,Web,25,7.6,55,7,0,17,12,0,1,Casual Browsers
U05874,33,Android,18,8.5,35,6,0,37,10,0,1,Casual Browsers
U05875,52,Web,26,11.8,86,21,4,8,10,0,2,Steady Engagers
U05876,22,iOS,24,10.4,65,12,0,18,11,0,2,Steady Engagers
U05877,61,Android,19,10.0,48,10,2,26,9,0,1,Casual Browsers
U05878,29,iOS,24,12.4,88,27,6,18,14,0,0,Power Users
U05879,49,Android,29,9.1,96,27,6,17,11,0,0,Power Users
U05880,18,iOS,25,11.1,64,11,3,24,10,0,2,Steady Engagers
U05881,25,Android,20,11.3,60,8,1,23,4,0,1,Casual Browsers
U05882,65,Web,7,6.4,19,1,0,45,2,1,3,At-Risk/Dormant
U05883,58,iOS,27,13.7,94,25,7,17,12,0,0,Power Users
U05884,28,Web,15,11.6,44,8,0,25,10,0,1,Casual Browsers
U05885,24,Web,17,9.8,50,8,1,28,6,0,1,Casual Browsers
U05886,57,Android,21,13.0,64,19,2,15,11,0,2,Steady Engagers
U05887,65,iOS,32,14.4,113,38,7,5,11,0,0,Power Users
U05888,26,Web,26,9.7,85,19,5,14,15,0,2,Steady Engagers
U05889,49,Android,15,9.8,33,7,0,22,5,0,1,Casual Browsers
U05890,31,Android,21,11.6,57,10,2,17,8,1,1,Casual Browsers
U05891,53,Android,13,8.0,33,3,0,33,5,0,3,At-Risk/Dormant
U05892,38,Android,18,4.6,53,5,1,32,2,0,3,At-Risk/Dormant
U05893,24,Web,27,5.2,60,9,1,23,3,1,1,Casual Browsers
U05894,33,iOS,28,14.7,100,21,3,1,21,0,0,Power Users
U05895,43,iOS,21,10.5,68,14,2,20,8,0,2,Steady Engagers
U05896,56,Web,8,3.7,19,0,0,46,5,1,3,At-Risk/Dormant
U05897,19,Android,15,4.9,37,6,1,38,7,0,3,At-Risk/Dormant
U05898,63,iOS,20,13.9,40,3,2,20,13,0,1,Casual Browsers
U05899,49,Android,9,6.8,19,7,0,36,9,0,3,At-Risk/Dormant
U05900,60,Android,30,9.9,100,25,4,13,7,0,2,Steady Engagers
U05901,62,Android,5,2.1,7,0,0,45,1,0,3,At-Risk/Dormant
U05902,25,Android,11,4.7,27,2,0,38,3,0,3,At-Risk/Dormant
U05903,22,Android,8,9.5,18,2,0,36,2,1,3,At-Risk/Dormant
U05904,55,iOS,20,9.6,46,8,3,23,13,0,1,Casual Browsers
U05905,27,Android,37,15.0,106,23,4,18,12,0,0,Power Users
U05906,25,Android,23,8.1,57,15,2,44,6,0,1,Casual Browsers
U05907,40,iOS,11,6.4,21,0,0,32,3,0,3,At-Risk/Dormant
U05908,61,Android,22,12.6,62,12,2,16,12,0,2,Steady Engagers
U05909,56,Web,16,6.8,41,12,0,41,3,0,3,At-Risk/Dormant
U05910,42,Web,17,7.0,43,6,0,32,12,0,1,Casual Browsers
U05911,27,iOS,13,4.9,39,5,0,35,7,1,3,At-Risk/Dormant
U05912,34,iOS,16,7.1,39,8,1,28,7,0,1,Casual Browsers
U05913,51,iOS,48,18.5,186,54,8,0,22,0,0,Power Users
U05914,25,iOS,23,15.0,81,21,5,17,11,0,2,Steady Engagers
U05915,43,Web,23,10.9,82,10,0,12,11,0,2,Steady Engagers
U05916,18,Web,4,7.4,4,0,0,48,1,1,3,At-Risk/Dormant
U05917,33,Android,9,6.2,22,3,0,42,1,1,3,At-Risk/Dormant
U05918,29,iOS,14,8.8,36,6,0,28,5,0,1,Casual Browsers
U05919,50,Web,19,13.4,56,12,3,26,5,0,1,Casual Browsers
U05920,61,Android,30,8.4,77,13,2,25,8,0,2,Steady Engagers
U05921,25,iOS,4,2.5,8,0,1,43,0,1,3,At-Risk/Dormant
U05922,56,iOS,22,16.7,65,15,1,17,3,0,2,Steady Engagers
U05923,49,iOS,20,10.5,63,10,1,23,8,0,1,Casual Browsers
U05924,64,Android,11,11.3,38,12,2,29,5,1,1,Casual Browsers
U05925,61,Android,15,5.9,37,3,0,32,2,1,3,At-Risk/Dormant
U05926,22,Android,45,17.9,196,53,14,0,22,0,0,Power Users
U05927,53,iOS,37,12.1,127,34,4,4,8,0,0,Power Users
U05928,46,Web,17,13.5,36,6,1,26,5,0,1,Casual Browsers
U05929,23,Web,16,8.0,40,6,1,25,8,0,1,Casual Browsers
U05930,30,Android,20,7.0,61,8,1,30,10,0,1,Casual Browsers
U05931,62,Android,9,10.1,16,2,0,38,6,1,3,At-Risk/Dormant
U05932,44,iOS,22,7.0,60,14,2,30,5,0,1,Casual Browsers
U05933,34,iOS,24,16.0,71,23,5,7,6,0,2,Steady Engagers
U05934,33,iOS,22,12.8,63,8,1,22,8,0,1,Casual Browsers
U05935,58,Android,16,12.4,42,7,0,20,9,1,1,Casual Browsers
U05936,31,Android,44,14.6,166,52,8,0,17,0,0,Power Users
U05937,25,iOS,22,11.9,53,9,0,23,5,0,1,Casual Browsers
U05938,45,iOS,17,5.8,40,11,0,28,4,0,1,Casual Browsers
U05939,65,Android,7,2.8,12,0,0,41,4,1,3,At-Risk/Dormant
U05940,26,Web,12,10.1,34,6,0,36,6,0,1,Casual Browsers
U05941,30,iOS,17,4.7,40,9,3,22,8,0,1,Casual Browsers
U05942,40,Web,3,1.0,10,1,0,44,0,1,3,At-Risk/Dormant
U05943,27,iOS,10,3.7,21,6,0,34,4,0,3,At-Risk/Dormant
U05944,49,iOS,24,10.9,63,10,0,16,4,0,1,Casual Browsers
U05945,30,Web,13,4.2,31,5,1,37,5,0,3,At-Risk/Dormant
U05946,24,Web,18,15.3,69,19,3,10,8,0,2,Steady Engagers
U05947,30,Web,5,1.2,7,1,0,44,2,1,3,At-Risk/Dormant
U05948,62,Web,8,5.0,16,2,0,36,5,1,3,At-Risk/Dormant
U05949,62,iOS,29,13.9,91,23,4,11,14,0,2,Steady Engagers
U05950,42,Android,10,0.5,27,6,0,38,3,1,3,At-Risk/Dormant
U05951,37,Android,26,10.8,89,26,5,12,8,0,2,Steady Engagers
U05952,57,Web,16,13.6,44,12,0,21,7,0,1,Casual Browsers
U05953,27,Android,22,5.7,57,14,1,32,5,0,1,Casual Browsers
U05954,49,iOS,21,6.9,71,16,1,35,9,0,1,Casual Browsers
U05955,50,Web,10,5.0,19,2,0,32,6,1,3,At-Risk/Dormant
U05956,52,Web,22,11.3,53,6,0,25,9,0,1,Casual Browsers
U05957,28,Web,28,11.5,111,38,8,5,10,0,0,Power Users
U05958,52,iOS,26,14.6,91,28,0,6,14,0,2,Steady Engagers
U05959,47,iOS,12,12.7,41,14,5,35,5,0,1,Casual Browsers
U05960,60,Web,23,14.7,77,18,1,12,12,0,2,Steady Engagers
U05961,26,Android,20,10.1,63,17,3,17,11,0,2,Steady Engagers
U05962,47,Android,8,8.3,21,4,0,35,4,1,3,At-Risk/Dormant
U05963,57,Web,21,11.8,71,16,4,12,9,0,2,Steady Engagers
U05964,31,iOS,27,13.9,80,19,5,13,8,0,2,Steady Engagers
U05965,53,iOS,19,7.5,53,9,1,28,12,0,1,Casual Browsers
U05966,22,Android,1,4.4,3,0,0,47,0,1,3,At-Risk/Dormant
U05967,52,iOS,22,9.0,52,8,0,18,10,0,1,Casual Browsers
U05968,47,Web,23,11.0,80,15,1,25,5,0,1,Casual Browsers
U05969,27,iOS,10,1.8,23,3,0,31,3,1,3,At-Risk/Dormant
U05970,21,Android,24,15.1,67,19,4,24,9,0,2,Steady Engagers
U05971,53,iOS,29,18.6,129,27,7,7,10,0,0,Power Users
U05972,29,Web,14,4.8,28,2,0,28,6,0,3,At-Risk/Dormant
U05973,41,Web,29,16.9,88,17,2,12,8,0,2,Steady Engagers
U05974,20,Android,12,3.3,25,3,0,33,2,1,3,At-Risk/Dormant
U05975,64,iOS,10,3.8,31,3,0,29,10,0,3,At-Risk/Dormant
U05976,44,Android,19,11.0,54,11,3,18,6,0,1,Casual Browsers
U05977,62,iOS,17,9.7,47,9,1,24,7,0,1,Casual Browsers
U05978,25,Android,18,10.9,47,6,2,24,4,0,1,Casual Browsers
U05979,27,iOS,4,7.7,11,1,0,38,3,0,3,At-Risk/Dormant
U05980,47,iOS,21,11.4,64,18,5,9,11,0,2,Steady Engagers
U05981,47,Android,26,16.6,84,17,4,14,9,0,2,Steady Engagers
U05982,55,Android,23,8.3,72,13,1,26,9,0,1,Casual Browsers
U05983,62,Android,11,8.7,13,0,0,31,5,0,3,At-Risk/Dormant
U05984,57,Android,14,7.4,39,3,0,34,3,1,3,At-Risk/Dormant
U05985,24,iOS,29,14.5,92,27,5,1,12,0,0,Power Users
U05986,32,Android,10,4.1,21,5,0,34,2,0,3,At-Risk/Dormant
U05987,61,Android,23,17.6,69,15,1,2,16,0,2,Steady Engagers
U05988,44,Web,23,12.1,54,11,1,21,6,0,1,Casual Browsers
U05989,59,Android,6,3.1,15,4,2,43,5,0,3,At-Risk/Dormant
U05990,45,Web,23,9.4,65,19,2,33,13,0,2,Steady Engagers
U05991,20,iOS,18,4.9,42,6,0,24,5,0,1,Casual Browsers
U05992,40,iOS,30,14.8,130,40,7,1,5,0,0,Power Users
U05993,57,iOS,12,8.3,27,2,0,35,1,0,3,At-Risk/Dormant
U05994,49,Android,32,10.7,95,30,5,6,14,0,0,Power Users
U05995,24,Web,18,14.2,53,13,1,23,8,0,1,Casual Browsers
U05996,28,Web,7,8.4,20,4,0,39,2,1,3,At-Risk/Dormant
U05997,59,Android,7,0.5,9,0,0,40,2,1,3,At-Risk/Dormant
U05998,65,iOS,21,6.0,50,9,0,29,6,0,1,Casual Browsers
U05999,54,iOS,17,8.3,40,6,0,36,6,1,1,Casual Browsers
U06000,22,Web,32,11.9,97,22,3,10,9,0,2,Steady Engagers
U06001,47,Web,5,4.5,12,2,0,46,1,1,3,At-Risk/Dormant
U06002,57,Android,3,4.2,6,1,0,47,3,0,3,At-Risk/Dormant
U06003,48,Web,39,16.0,140,48,5,11,10,0,0,Power Users
U06004,46,Web,25,6.4,69,14,2,21,9,0,2,Steady Engagers
U06005,40,iOS,28,15.3,114,32,7,4,9,0,0,Power Users
U06006,29,Android,22,19.3,88,19,5,14,10,0,2,Steady Engagers
U06007,31,Web,8,4.4,11,1,0,37,4,1,3,At-Risk/Dormant
U06008,53,iOS,20,14.0,58,9,0,21,9,0,1,Casual Browsers
U06009,21,Android,33,15.9,99,24,5,5,14,0,0,Power Users
U06010,22,Web,29,17.1,116,29,7,11,9,0,0,Power Users
U06011,37,iOS,4,4.2,13,3,0,38,2,0,3,At-Risk/Dormant
U06012,55,Web,20,13.5,60,12,1,17,11,0,2,Steady Engagers
U06013,49,iOS,20,10.6,59,14,0,35,9,0,1,Casual Browsers
U06014,46,Android,3,2.5,1,0,0,51,1,1,3,At-Risk/Dormant
U06015,43,Web,19,9.8,49,6,1,29,9,0,1,Casual Browsers
U06016,23,iOS,15,2.6,28,4,0,29,4,0,3,At-Risk/Dormant
U06017,33,iOS,36,16.6,131,36,8,0,16,0,0,Power Users
U06018,21,Android,13,14.8,30,4,1,25,7,0,1,Casual Browsers
U06019,54,Android,25,15.3,57,7,0,15,13,0,2,Steady Engagers
U06020,54,iOS,20,11.2,57,13,2,19,9,0,2,Steady Engagers
U06021,30,Android,7,2.3,23,1,0,38,4,0,3,At-Risk/Dormant
U06022,32,Web,24,14.6,82,20,4,16,10,0,2,Steady Engagers
U06023,33,Web,20,13.2,50,12,3,13,15,0,2,Steady Engagers
U06024,60,iOS,34,14.0,115,23,2,8,12,0,2,Steady Engagers
U06025,41,Android,3,3.7,5,0,0,43,7,1,3,At-Risk/Dormant
U06026,54,iOS,15,15.7,44,11,0,18,10,0,1,Casual Browsers
U06027,39,Android,23,12.4,65,17,5,14,15,0,2,Steady Engagers
U06028,51,Web,20,8.4,46,8,1,31,8,0,1,Casual Browsers
U06029,43,iOS,17,4.4,55,6,0,28,4,0,1,Casual Browsers
U06030,31,Web,24,12.8,86,24,5,8,12,0,2,Steady Engagers
U06031,60,Android,8,3.4,14,4,1,39,5,1,3,At-Risk/Dormant
U06032,52,Android,17,8.4,37,5,0,26,3,0,1,Casual Browsers
U06033,54,Web,24,14.6,74,22,1,16,7,0,2,Steady Engagers
U06034,63,iOS,24,9.8,73,10,2,13,13,0,2,Steady Engagers
U06035,29,Web,8,3.0,16,0,1,48,5,1,3,At-Risk/Dormant
U06036,22,Web,21,10.5,48,6,0,24,9,0,1,Casual Browsers
U06037,45,iOS,30,6.0,79,19,2,20,5,0,2,Steady Engagers
U06038,33,iOS,28,10.7,84,21,2,14,4,0,2,Steady Engagers
U06039,38,iOS,10,4.9,24,1,0,39,1,1,3,At-Risk/Dormant
U06040,29,Web,10,3.4,22,3,0,34,6,0,3,At-Risk/Dormant
U06041,37,Web,12,3.2,15,1,0,38,5,0,3,At-Risk/Dormant
U06042,36,Android,18,6.5,39,5,0,23,6,0,1,Casual Browsers
U06043,34,iOS,19,5.1,53,11,1,24,6,0,1,Casual Browsers
U06044,53,Android,14,2.3,33,6,0,41,3,0,3,At-Risk/Dormant
U06045,46,iOS,41,14.2,144,37,11,0,20,0,0,Power Users
U06046,40,Web,9,11.1,20,3,0,32,0,0,3,At-Risk/Dormant
U06047,23,Web,10,7.0,29,4,0,23,2,0,3,At-Risk/Dormant
U06048,45,Android,19,12.4,48,12,4,14,15,0,2,Steady Engagers
U06049,26,Android,17,8.5,50,8,3,26,9,0,1,Casual Browsers
U06050,33,Android,21,16.9,56,12,0,14,7,0,2,Steady Engagers
U06051,37,Android,13,4.1,37,2,1,26,10,0,1,Casual Browsers
U06052,24,Android,33,13.3,104,22,6,6,25,0,0,Power Users
U06053,36,Web,18,8.4,43,4,1,30,6,0,1,Casual Browsers
U06054,30,Android,12,5.4,24,1,0,32,1,1,3,At-Risk/Dormant
U06055,58,Android,25,8.4,75,8,2,20,2,0,1,Casual Browsers
U06056,59,iOS,6,5.8,20,3,0,38,5,0,3,At-Risk/Dormant
U06057,18,Android,25,10.7,87,28,4,3,10,0,2,Steady Engagers
U06058,46,Android,10,7.8,28,4,1,26,5,0,1,Casual Browsers
U06059,48,Web,10,4.5,21,3,0,35,9,0,3,At-Risk/Dormant
U06060,36,Android,25,10.4,69,17,1,21,5,0,1,Casual Browsers
U06061,40,Android,15,2.5,42,7,0,30,5,0,3,At-Risk/Dormant
U06062,55,iOS,8,3.0,18,4,0,40,3,1,3,At-Risk/Dormant
U06063,36,Android,18,6.8,44,11,2,25,3,0,1,Casual Browsers
U06064,21,Android,4,0.9,4,0,1,52,3,1,3,At-Risk/Dormant
U06065,35,Android,17,5.3,39,10,0,31,4,0,1,Casual Browsers
U06066,30,Android,11,6.6,24,2,0,30,5,0,3,At-Risk/Dormant
U06067,36,Web,20,17.1,65,16,2,10,16,0,2,Steady Engagers
U06068,29,Android,31,12.5,102,26,0,26,8,0,2,Steady Engagers
U06069,25,Android,7,4.8,19,2,0,32,5,0,3,At-Risk/Dormant
U06070,65,Android,17,8.2,53,10,1,19,3,0,1,Casual Browsers
U06071,24,Web,6,0.5,14,1,0,46,1,0,3,At-Risk/Dormant
U06072,51,Android,21,14.3,58,14,0,14,10,0,2,Steady Engagers
U06073,52,Web,4,2.1,8,1,0,40,5,1,3,At-Risk/Dormant
U06074,47,Android,25,11.4,80,16,4,6,11,0,2,Steady Engagers
U06075,61,Web,18,13.3,62,18,5,16,11,0,2,Steady Engagers
U06076,18,Android,6,4.8,18,2,0,38,6,0,3,At-Risk/Dormant
U06077,32,Android,17,6.4,48,15,0,26,2,0,1,Casual Browsers
U06078,26,iOS,39,19.2,163,47,9,0,11,0,0,Power Users
U06079,45,Android,11,6.2,27,5,0,29,4,0,3,At-Risk/Dormant
U06080,48,iOS,24,15.5,86,21,8,24,10,0,0,Power Users
U06081,61,iOS,25,12.7,88,22,5,27,13,0,2,Steady Engagers
U06082,36,iOS,21,11.2,61,18,5,14,10,0,2,Steady Engagers
U06083,29,Android,7,7.9,14,1,0,31,3,0,3,At-Risk/Dormant
U06084,62,iOS,36,13.0,115,28,4,0,25,0,0,Power Users
U06085,50,Android,25,9.9,86,20,1,20,15,0,2,Steady Engagers
U06086,54,Web,2,2.5,4,1,0,43,0,1,3,At-Risk/Dormant
U06087,39,iOS,13,7.2,23,3,0,30,1,0,3,At-Risk/Dormant
U06088,39,iOS,24,13.0,62,12,2,20,8,0,2,Steady Engagers
U06089,36,Web,10,9.0,19,2,0,37,2,1,3,At-Risk/Dormant
U06090,53,iOS,14,4.2,32,7,1,28,15,0,1,Casual Browsers
U06091,28,iOS,25,13.4,64,13,3,6,11,0,2,Steady Engagers
U06092,64,Android,16,9.3,40,7,1,21,8,0,1,Casual Browsers
U06093,26,iOS,16,10.3,40,6,0,31,5,0,1,Casual Browsers
U06094,40,Android,20,12.7,64,22,5,15,11,0,2,Steady Engagers
U06095,33,Android,15,0.6,16,4,1,35,3,0,3,At-Risk/Dormant
U06096,48,Web,9,3.0,16,2,1,52,3,0,3,At-Risk/Dormant
U06097,50,Android,6,1.1,8,1,0,44,1,0,3,At-Risk/Dormant
U06098,62,iOS,26,13.6,82,21,3,11,10,0,2,Steady Engagers
U06099,55,Android,22,18.1,68,9,0,11,8,0,2,Steady Engagers
U06100,29,Android,14,5.8,36,3,0,36,9,0,1,Casual Browsers
U06101,27,Web,23,15.4,66,16,4,7,17,0,2,Steady Engagers
U06102,60,Android,25,14.6,74,14,2,13,7,0,2,Steady Engagers
U06103,41,iOS,14,7.0,35,4,0,26,6,0,1,Casual Browsers
U06104,22,iOS,22,15.4,66,15,4,14,8,0,2,Steady Engagers
U06105,57,Web,13,3.8,36,8,1,31,2,0,3,At-Risk/Dormant
U06106,49,Android,12,1.7,23,2,0,43,6,1,3,At-Risk/Dormant
U06107,19,iOS,29,15.7,77,20,1,12,12,0,2,Steady Engagers
U06108,55,iOS,16,4.9,30,2,0,38,5,0,3,At-Risk/Dormant
U06109,47,Android,18,7.0,46,11,0,21,6,0,1,Casual Browsers
U06110,47,Android,11,2.9,20,0,0,37,6,0,3,At-Risk/Dormant
U06111,59,Android,11,5.3,28,6,2,36,4,0,3,At-Risk/Dormant
U06112,41,iOS,50,17.0,196,52,9,0,20,0,0,Power Users
U06113,40,Android,32,12.8,96,23,3,10,12,0,2,Steady Engagers
U06114,47,Android,7,4.7,12,1,0,33,5,0,3,At-Risk/Dormant
U06115,27,iOS,19,13.4,39,5,0,24,7,0,1,Casual Browsers
U06116,25,iOS,15,6.8,35,2,0,27,8,1,1,Casual Browsers
U06117,58,Android,20,10.7,69,16,0,19,6,0,1,Casual Browsers
U06118,28,Android,16,10.9,32,3,0,27,4,0,1,Casual Browsers
U06119,42,Android,12,7.4,25,5,1,36,2,0,3,At-Risk/Dormant
U06120,30,iOS,12,8.4,21,3,0,36,11,0,1,Casual Browsers
U06121,29,Web,16,9.3,41,8,2,20,9,1,1,Casual Browsers
U06122,46,iOS,17,13.4,42,9,1,29,9,0,1,Casual Browsers
U06123,56,iOS,29,14.2,86,27,3,10,6,0,2,Steady Engagers
U06124,39,Android,23,11.7,83,20,5,12,8,0,2,Steady Engagers
U06125,24,Web,18,9.6,41,9,1,18,6,0,1,Casual Browsers
U06126,29,Android,27,13.8,81,22,3,12,4,0,2,Steady Engagers
U06127,25,Android,29,13.9,104,29,2,10,8,0,2,Steady Engagers
U06128,60,Android,24,11.9,80,14,1,21,7,0,2,Steady Engagers
U06129,33,Android,8,4.3,25,2,0,31,5,0,3,At-Risk/Dormant
U06130,35,iOS,37,17.0,139,33,8,4,13,0,0,Power Users
U06131,21,Android,11,4.9,28,3,0,29,2,0,3,At-Risk/Dormant
U06132,39,Android,27,12.7,108,26,6,4,7,0,0,Power Users
U06133,61,Android,21,6.0,44,3,1,33,7,0,1,Casual Browsers
U06134,37,Web,27,11.2,84,22,2,13,16,0,2,Steady Engagers
U06135,49,iOS,18,5.9,46,9,0,22,7,0,1,Casual Browsers
U06136,26,Web,4,0.8,12,0,0,49,3,1,3,At-Risk/Dormant
U06137,24,Web,9,5.2,19,2,0,34,4,0,3,At-Risk/Dormant
U06138,53,Web,17,7.0,36,8,1,21,6,0,1,Casual Browsers
U06139,21,iOS,11,5.0,15,2,0,35,4,0,3,At-Risk/Dormant
U06140,39,Android,11,3.6,26,1,0,36,4,1,3,At-Risk/Dormant
U06141,33,Android,22,7.9,58,14,1,20,7,0,1,Casual Browsers
U06142,18,Android,10,7.0,22,2,0,37,2,0,3,At-Risk/Dormant
U06143,43,iOS,17,5.2,46,13,1,21,3,0,1,Casual Browsers
U06144,64,Android,18,8.4,34,8,2,49,7,1,1,Casual Browsers
U06145,21,Android,36,8.6,115,27,6,23,10,0,0,Power Users
U06146,57,iOS,13,3.8,39,6,0,34,4,1,3,At-Risk/Dormant
U06147,43,Android,11,3.9,24,5,0,35,4,1,3,At-Risk/Dormant
U06148,52,Android,20,9.6,55,12,1,18,12,0,1,Casual Browsers
U06149,22,Android,23,10.9,63,14,0,25,6,0,1,Casual Browsers
U06150,59,iOS,28,11.8,99,21,1,11,10,0,2,Steady Engagers
U06151,18,Android,12,4.9,23,5,0,35,3,0,3,At-Risk/Dormant
U06152,61,Android,11,0.5,21,4,0,39,5,1,3,At-Risk/Dormant
U06153,49,Android,20,10.6,70,17,3,14,7,0,2,Steady Engagers
U06154,34,iOS,26,17.4,92,26,4,6,13,0,0,Power Users
U06155,18,Android,27,16.3,102,30,7,8,12,0,0,Power Users
U06156,47,Android,9,9.7,19,4,1,28,4,1,3,At-Risk/Dormant
U06157,22,Web,45,15.0,162,50,10,0,10,0,0,Power Users
U06158,47,Web,10,7.5,19,3,0,43,2,1,3,At-Risk/Dormant
U06159,55,Android,16,10.1,39,11,1,17,16,0,1,Casual Browsers
U06160,30,Android,12,5.9,34,4,1,31,4,0,3,At-Risk/Dormant
U06161,29,Android,14,9.6,37,9,0,19,7,0,1,Casual Browsers
U06162,28,iOS,29,15.4,92,22,1,9,14,0,2,Steady Engagers
U06163,28,Android,8,0.5,18,3,0,39,4,1,3,At-Risk/Dormant
U06164,23,Web,24,9.0,54,8,2,30,14,0,1,Casual Browsers
U06165,29,Web,22,6.9,37,8,0,26,6,0,1,Casual Browsers
U06166,49,iOS,12,7.3,34,2,0,28,9,0,1,Casual Browsers
U06167,32,Android,34,15.4,114,30,5,4,13,0,0,Power Users
U06168,55,Web,17,10.4,35,7,2,41,7,1,1,Casual Browsers
U06169,57,iOS,12,7.1,30,3,1,27,4,0,3,At-Risk/Dormant
U06170,54,iOS,40,15.3,134,44,3,0,21,0,0,Power Users
U06171,43,Android,22,9.4,49,7,0,28,11,0,1,Casual Browsers
U06172,33,iOS,24,13.8,80,27,6,3,13,0,0,Power Users
U06173,62,Web,10,2.5,23,3,0,39,6,1,3,At-Risk/Dormant
U06174,27,Web,14,11.5,33,7,0,32,8,0,1,Casual Browsers
U06175,40,iOS,15,7.8,43,9,0,28,7,0,1,Casual Browsers
U06176,39,iOS,17,3.7,46,11,0,28,5,0,1,Casual Browsers
U06177,53,Android,43,22.5,152,40,4,0,11,0,0,Power Users
U06178,44,iOS,29,13.3,97,35,7,7,17,0,0,Power Users
U06179,56,Web,11,5.1,28,7,0,38,4,1,3,At-Risk/Dormant
U06180,62,iOS,24,8.6,78,18,1,19,6,0,2,Steady Engagers
U06181,36,Android,34,21.9,139,40,8,0,16,0,0,Power Users
U06182,59,Android,29,12.1,107,35,7,8,13,0,0,Power Users
U06183,26,iOS,10,1.4,9,1,0,43,3,1,3,At-Risk/Dormant
U06184,61,Web,6,3.4,12,1,0,49,4,1,3,At-Risk/Dormant
U06185,26,Android,29,7.8,97,17,0,8,10,0,2,Steady Engagers
U06186,58,Android,22,10.8,62,17,1,20,8,0,2,Steady Engagers
U06187,36,Web,21,11.1,62,16,4,24,10,0,2,Steady Engagers
U06188,64,iOS,25,12.9,67,19,4,20,11,0,2,Steady Engagers
U06189,24,Android,18,6.0,40,8,1,35,8,0,1,Casual Browsers
U06190,40,Android,24,17.9,84,21,6,7,9,0,2,Steady Engagers
U06191,61,Android,19,10.1,46,12,1,19,3,0,1,Casual Browsers
U06192,20,Android,9,6.4,15,0,0,43,4,0,3,At-Risk/Dormant
U06193,30,iOS,15,7.4,33,6,0,29,5,0,1,Casual Browsers
U06194,22,iOS,30,14.9,117,27,5,2,13,0,0,Power Users
U06195,33,iOS,40,14.4,142,42,2,6,21,0,0,Power Users
U06196,36,iOS,24,5.9,81,21,3,9,8,0,2,Steady Engagers
U06197,47,Android,23,8.1,58,4,0,19,9,0,1,Casual Browsers
U06198,30,Android,3,6.0,7,1,0,40,1,1,3,At-Risk/Dormant
U06199,25,Android,10,2.2,26,0,0,34,6,0,3,At-Risk/Dormant
U06200,26,Android,23,9.1,52,7,0,19,7,0,1,Casual Browsers
U06201,63,iOS,29,13.3,108,36,6,0,18,0,0,Power Users
U06202,63,Android,4,0.5,6,0,0,41,6,1,3,At-Risk/Dormant
U06203,28,iOS,26,13.1,99,29,5,12,5,0,2,Steady Engagers
U06204,27,Android,4,4.7,8,0,0,46,3,1,3,At-Risk/Dormant
U06205,20,Android,32,13.2,119,38,5,8,5,0,0,Power Users
U06206,64,Android,24,11.4,84,17,4,8,9,0,2,Steady Engagers
U06207,51,iOS,23,9.1,62,12,2,24,6,0,1,Casual Browsers
U06208,54,iOS,34,10.8,116,29,6,17,7,0,0,Power Users
U06209,31,Web,20,7.1,47,8,1,23,8,0,1,Casual Browsers
U06210,48,Android,19,4.5,41,7,0,33,5,0,1,Casual Browsers
U06211,20,iOS,6,5.4,12,3,0,40,2,0,3,At-Risk/Dormant
U06212,50,iOS,19,10.8,54,10,2,19,9,0,1,Casual Browsers
U06213,45,Android,18,8.0,41,7,2,22,10,0,1,Casual Browsers
U06214,33,Android,33,14.5,93,20,2,7,12,0,2,Steady Engagers
U06215,52,Android,30,10.7,94,28,6,9,8,0,0,Power Users
U06216,49,Android,37,21.6,156,53,12,0,25,0,0,Power Users
U06217,39,Web,6,6.3,14,3,0,50,1,1,3,At-Risk/Dormant
U06218,26,Android,32,17.6,116,36,5,4,16,0,0,Power Users
U06219,19,iOS,28,8.2,75,10,0,21,7,0,1,Casual Browsers
U06220,63,iOS,14,3.6,29,5,0,41,8,0,3,At-Risk/Dormant
U06221,31,Android,31,11.1,96,25,8,8,9,0,0,Power Users
U06222,32,iOS,19,6.6,42,10,2,28,10,0,1,Casual Browsers
U06223,50,Android,21,14.0,57,12,0,15,15,0,2,Steady Engagers
U06224,30,iOS,10,0.5,18,2,0,48,1,1,3,At-Risk/Dormant
U06225,36,Android,30,15.6,96,23,2,12,11,0,2,Steady Engagers
U06226,52,Android,20,8.8,58,14,1,22,6,0,1,Casual Browsers
U06227,46,Android,16,10.7,35,5,0,26,5,0,1,Casual Browsers
U06228,49,iOS,10,9.5,18,1,1,30,5,0,3,At-Risk/Dormant
U06229,18,iOS,25,11.6,59,9,1,23,5,0,1,Casual Browsers
U06230,39,iOS,14,9.8,29,2,0,26,7,1,1,Casual Browsers
U06231,40,Android,12,3.5,32,1,0,42,5,0,3,At-Risk/Dormant
U06232,48,Web,3,0.5,2,0,0,49,0,1,3,At-Risk/Dormant
U06233,25,Android,15,3.6,38,5,0,31,4,0,3,At-Risk/Dormant
U06234,25,Web,9,7.1,29,5,0,34,5,1,3,At-Risk/Dormant
U06235,54,iOS,22,12.9,52,10,4,31,12,0,2,Steady Engagers
U06236,50,iOS,20,9.3,61,13,1,17,5,0,1,Casual Browsers
U06237,56,Android,7,6.5,10,0,1,47,1,1,3,At-Risk/Dormant
U06238,30,iOS,19,15.4,63,14,4,25,9,0,2,Steady Engagers
U06239,65,iOS,7,1.0,25,3,0,42,4,1,3,At-Risk/Dormant
U06240,31,Android,12,7.5,22,3,0,33,6,0,3,At-Risk/Dormant
U06241,49,iOS,30,13.2,91,27,6,9,17,0,0,Power Users
U06242,25,Android,11,10.2,20,3,0,29,2,0,3,At-Risk/Dormant
U06243,62,iOS,8,5.7,13,2,0,37,1,0,3,At-Risk/Dormant
U06244,33,iOS,12,10.4,21,0,0,48,1,1,3,At-Risk/Dormant
U06245,56,Web,19,9.3,62,10,4,20,9,0,2,Steady Engagers
U06246,33,iOS,38,17.3,154,50,12,0,14,0,0,Power Users
U06247,55,Android,22,12.7,68,13,2,23,4,0,1,Casual Browsers
U06248,39,iOS,16,8.6,35,5,0,28,3,0,1,Casual Browsers
U06249,20,Android,11,9.9,19,4,0,30,7,0,1,Casual Browsers
U06250,27,iOS,32,13.7,109,28,4,4,15,0,0,Power Users
U06251,50,iOS,12,7.1,21,2,0,43,5,1,3,At-Risk/Dormant
U06252,27,iOS,14,8.3,43,9,1,17,11,0,1,Casual Browsers
U06253,31,Android,28,5.5,85,19,4,19,8,0,2,Steady Engagers
U06254,44,Android,5,5.4,13,1,0,49,4,1,3,At-Risk/Dormant
U06255,30,iOS,10,9.3,23,6,0,38,4,0,3,At-Risk/Dormant
U06256,24,Android,24,14.1,77,18,2,10,11,0,2,Steady Engagers
U06257,47,Android,17,7.8,49,12,3,23,6,0,1,Casual Browsers
U06258,51,Android,21,8.7,55,10,2,22,11,0,1,Casual Browsers
U06259,53,iOS,27,10.0,76,12,1,16,9,0,2,Steady Engagers
U06260,63,Android,19,7.7,43,7,1,19,7,0,1,Casual Browsers
U06261,23,iOS,14,5.1,45,7,0,37,3,0,3,At-Risk/Dormant
U06262,38,Web,10,6.2,20,4,1,33,5,1,3,At-Risk/Dormant
U06263,29,iOS,21,12.1,53,16,3,14,6,0,2,Steady Engagers
U06264,61,Android,29,10.0,94,21,2,15,8,0,2,Steady Engagers
U06265,43,Android,5,0.5,5,0,0,43,1,1,3,At-Risk/Dormant
U06266,22,Android,7,3.6,22,0,0,54,3,1,3,At-Risk/Dormant
U06267,51,iOS,24,11.3,81,24,5,19,17,0,2,Steady Engagers
U06268,20,iOS,16,10.9,51,9,2,22,6,0,1,Casual Browsers
U06269,31,Android,11,2.8,22,3,0,36,4,0,3,At-Risk/Dormant
U06270,52,Android,33,15.8,114,28,7,5,13,0,0,Power Users
U06271,42,Android,4,3.8,6,0,0,47,3,1,3,At-Risk/Dormant
U06272,54,Android,45,19.1,160,47,11,2,13,0,0,Power Users
U06273,45,Web,7,1.4,12,0,0,45,2,0,3,At-Risk/Dormant
U06274,58,Android,13,4.6,25,3,1,32,5,0,3,At-Risk/Dormant
U06275,45,Android,18,6.2,40,6,0,28,6,0,1,Casual Browsers
U06276,20,Android,29,12.4,86,19,3,12,11,0,2,Steady Engagers
U06277,21,Android,17,11.8,31,5,0,27,9,0,1,Casual Browsers
U06278,55,Android,4,0.9,11,2,0,47,0,1,3,At-Risk/Dormant
U06279,19,Android,30,17.1,75,18,1,10,15,0,2,Steady Engagers
U06280,36,Android,21,10.6,53,12,1,23,12,0,1,Casual Browsers
U06281,18,Android,24,9.6,62,10,1,20,7,0,1,Casual Browsers
U06282,32,iOS,18,5.1,43,6,0,27,3,0,1,Casual Browsers
U06283,46,iOS,13,4.1,32,6,0,38,1,0,3,At-Risk/Dormant
U06284,26,Android,22,11.4,67,16,1,18,6,0,2,Steady Engagers
U06285,40,Web,19,8.8,67,14,0,20,5,0,1,Casual Browsers
U06286,65,Android,18,11.3,56,12,3,19,8,0,1,Casual Browsers
U06287,21,Web,5,7.5,5,0,0,44,2,1,3,At-Risk/Dormant
U06288,21,Web,13,9.8,27,4,0,34,1,0,3,At-Risk/Dormant
U06289,31,Android,26,11.0,72,12,2,16,11,0,2,Steady Engagers
U06290,57,Android,22,9.1,73,20,3,21,5,0,2,Steady Engagers
U06291,37,Web,26,9.7,88,20,3,10,8,0,2,Steady Engagers
U06292,48,Android,4,4.6,6,1,0,43,2,1,3,At-Risk/Dormant
U06293,19,Android,25,16.4,88,19,3,15,11,0,2,Steady Engagers
U06294,53,iOS,33,19.4,130,34,2,21,11,0,0,Power Users
U06295,21,iOS,28,10.7,80,18,1,19,12,0,2,Steady Engagers
U06296,52,Web,14,4.2,26,3,0,27,4,1,3,At-Risk/Dormant
U06297,25,iOS,27,11.5,75,16,2,16,7,0,2,Steady Engagers
U06298,59,Web,16,10.5,46,10,0,25,8,0,1,Casual Browsers
U06299,32,iOS,23,9.6,73,12,0,23,11,0,1,Casual Browsers
U06300,26,iOS,27,15.6,84,31,5,6,17,0,0,Power Users
U06301,34,iOS,34,15.4,112,25,3,11,8,0,2,Steady Engagers
U06302,18,Web,23,11.2,58,5,0,25,4,0,1,Casual Browsers
U06303,25,Web,1,2.1,5,0,0,57,3,1,3,At-Risk/Dormant
U06304,46,Web,14,5.5,22,3,1,31,3,1,3,At-Risk/Dormant
U06305,32,iOS,23,5.3,53,8,2,21,7,0,1,Casual Browsers
U06306,34,iOS,11,8.7,35,5,0,33,4,1,3,At-Risk/Dormant
U06307,56,Android,30,11.8,114,34,2,27,15,0,2,Steady Engagers
U06308,23,Web,20,3.7,56,8,0,25,8,0,1,Casual Browsers
U06309,37,Android,14,6.9,37,7,1,27,7,0,1,Casual Browsers
U06310,26,Android,32,16.3,126,37,6,4,15,0,0,Power Users
U06311,41,Android,11,9.5,28,5,0,27,4,0,1,Casual Browsers
U06312,33,iOS,39,15.9,151,45,9,0,12,0,0,Power Users
U06313,20,iOS,30,12.6,80,23,3,8,16,0,2,Steady Engagers
U06314,21,Android,15,8.0,33,4,0,28,4,0,1,Casual Browsers
U06315,58,Android,13,3.3,28,7,1,35,5,0,3,At-Risk/Dormant
U06316,20,Android,5,1.1,10,0,0,43,2,1,3,At-Risk/Dormant
U06317,55,Android,25,14.9,85,17,1,9,14,0,2,Steady Engagers
U06318,61,Android,21,8.5,54,12,2,30,8,0,1,Casual Browsers
U06319,40,iOS,9,6.0,23,2,0,42,2,1,3,At-Risk/Dormant
U06320,32,Android,39,16.7,150,53,8,0,17,0,0,Power Users
U06321,55,Android,31,12.5,106,26,5,8,10,0,0,Power Users
U06322,65,Android,25,11.5,69,15,2,14,8,0,2,Steady Engagers
U06323,23,iOS,15,5.8,37,7,0,29,7,0,1,Casual Browsers
U06324,64,Web,6,3.4,8,0,0,38,5,1,3,At-Risk/Dormant
U06325,63,Android,10,5.5,20,2,0,33,0,1,3,At-Risk/Dormant
U06326,24,Android,35,11.6,125,36,6,1,12,0,0,Power Users
U06327,20,iOS,18,6.7,54,11,1,26,3,0,1,Casual Browsers
U06328,52,Android,18,14.5,64,13,1,41,9,0,1,Casual Browsers
U06329,21,Web,2,5.0,5,1,0,44,0,0,3,At-Risk/Dormant
U06330,46,Web,27,8.7,70,16,1,13,10,0,2,Steady Engagers
U06331,21,iOS,42,14.0,147,35,7,0,18,0,0,Power Users
U06332,51,Web,21,10.4,70,10,1,25,8,0,1,Casual Browsers
U06333,29,Android,11,8.7,18,3,0,30,3,0,3,At-Risk/Dormant
U06334,22,Android,31,13.0,106,35,6,17,9,0,0,Power Users
U06335,21,Android,14,0.5,29,7,1,34,4,1,3,At-Risk/Dormant
U06336,27,Android,15,6.2,30,6,0,30,6,0,1,Casual Browsers
U06337,43,Android,11,1.7,22,2,0,35,4,1,3,At-Risk/Dormant
U06338,21,iOS,22,13.4,55,8,1,21,12,0,2,Steady Engagers
U06339,56,iOS,12,7.1,27,6,0,35,4,0,3,At-Risk/Dormant
U06340,46,Android,10,6.6,22,6,1,30,2,0,3,At-Risk/Dormant
U06341,32,iOS,26,9.2,81,25,1,23,12,0,2,Steady Engagers
U06342,65,Android,15,6.3,27,3,0,47,2,0,3,At-Risk/Dormant
U06343,49,Android,30,13.1,99,24,7,24,14,0,0,Power Users
U06344,50,Android,22,10.5,63,21,2,42,8,0,1,Casual Browsers
U06345,26,iOS,16,14.9,49,8,1,28,5,0,1,Casual Browsers
U06346,52,iOS,21,6.9,59,15,0,22,5,0,1,Casual Browsers
U06347,44,iOS,22,14.4,65,15,1,10,15,0,2,Steady Engagers
U06348,65,Android,16,9.8,32,7,0,28,9,0,1,Casual Browsers
U06349,40,Android,24,17.4,72,14,1,10,13,0,2,Steady Engagers
U06350,50,Web,16,7.6,41,5,1,43,9,0,1,Casual Browsers
U06351,34,Android,33,18.1,124,38,14,0,14,0,0,Power Users
U06352,19,Android,30,9.8,97,24,5,8,9,0,2,Steady Engagers
U06353,24,Android,3,5.9,6,0,0,40,3,1,3,At-Risk/Dormant
U06354,59,Android,25,9.8,75,14,3,36,8,0,1,Casual Browsers
U06355,53,iOS,11,5.5,34,4,0,40,2,0,3,At-Risk/Dormant
U06356,35,Android,16,12.1,43,8,3,24,10,0,1,Casual Browsers
U06357,51,iOS,14,9.6,34,9,0,25,7,0,1,Casual Browsers
U06358,18,Web,11,5.5,22,2,0,33,5,1,3,At-Risk/Dormant
U06359,19,Android,16,6.0,38,6,0,28,8,0,1,Casual Browsers
U06360,42,Android,11,10.3,29,5,0,27,6,0,1,Casual Browsers
U06361,47,Web,12,5.3,39,13,2,37,10,0,1,Casual Browsers
U06362,62,iOS,45,19.6,181,60,9,0,17,0,0,Power Users
U06363,54,Web,12,9.1,32,8,0,28,4,0,1,Casual Browsers
U06364,30,Android,21,13.0,73,16,2,20,10,0,2,Steady Engagers
U06365,57,iOS,6,3.8,17,2,1,41,1,1,3,At-Risk/Dormant
U06366,41,Web,9,0.6,11,1,0,47,2,0,3,At-Risk/Dormant
U06367,57,Android,26,11.0,89,22,4,16,7,0,2,Steady Engagers
U06368,26,Web,17,2.6,38,8,1,32,7,0,1,Casual Browsers
U06369,19,iOS,23,8.2,51,7,1,21,4,0,1,Casual Browsers
U06370,20,Web,6,4.5,5,0,0,41,4,0,3,At-Risk/Dormant
U06371,65,Android,12,7.7,31,6,1,34,1,0,3,At-Risk/Dormant
U06372,21,Android,13,6.4,30,6,0,29,6,0,1,Casual Browsers
U06373,63,Android,26,18.7,78,19,2,10,11,0,2,Steady Engagers
U06374,52,Web,9,2.3,16,3,0,38,5,0,3,At-Risk/Dormant
U06375,25,Android,15,8.7,31,6,3,27,9,1,1,Casual Browsers
U06376,59,Android,25,14.7,70,18,4,15,16,0,2,Steady Engagers
U06377,24,Web,9,4.9,18,4,1,37,0,1,3,At-Risk/Dormant
U06378,24,Android,15,6.4,38,5,0,31,5,1,1,Casual Browsers
U06379,45,iOS,15,5.4,31,4,0,40,2,0,3,At-Risk/Dormant
U06380,31,Android,21,14.1,53,14,2,21,4,0,1,Casual Browsers
U06381,31,iOS,21,11.1,68,13,2,20,5,0,1,Casual Browsers
U06382,27,Android,17,5.7,36,3,0,27,1,0,3,At-Risk/Dormant
U06383,47,iOS,24,10.1,57,10,1,29,3,0,1,Casual Browsers
U06384,19,iOS,36,16.7,129,37,10,0,16,0,0,Power Users
U06385,29,Android,12,7.4,31,8,1,26,4,0,1,Casual Browsers
U06386,44,Android,23,14.6,84,19,1,10,12,0,2,Steady Engagers
U06387,41,Android,18,8.3,38,6,0,37,7,0,1,Casual Browsers
U06388,51,iOS,7,8.2,10,1,0,36,1,1,3,At-Risk/Dormant
U06389,28,Android,25,11.4,57,8,2,18,8,0,2,Steady Engagers
U06390,49,Android,19,10.0,42,7,0,29,9,0,1,Casual Browsers
U06391,54,Android,30,14.8,98,23,0,12,7,0,2,Steady Engagers
U06392,36,iOS,19,11.3,75,15,5,13,10,0,2,Steady Engagers
U06393,30,iOS,29,11.1,81,17,5,17,13,0,2,Steady Engagers
U06394,44,Android,13,6.1,34,11,3,30,4,0,1,Casual Browsers
U06395,45,Web,2,4.5,5,0,1,45,0,1,3,At-Risk/Dormant
U06396,22,iOS,9,6.8,28,4,1,33,4,0,3,At-Risk/Dormant
U06397,45,Web,5,3.8,6,0,0,38,3,1,3,At-Risk/Dormant
U06398,25,iOS,15,7.6,35,7,0,34,6,0,1,Casual Browsers
U06399,45,Android,5,5.5,16,2,1,41,2,1,3,At-Risk/Dormant
U06400,62,Web,6,2.3,13,1,0,48,6,0,3,At-Risk/Dormant
U06401,43,iOS,8,7.4,19,3,0,30,2,1,3,At-Risk/Dormant
U06402,54,iOS,15,10.3,36,9,2,29,3,0,1,Casual Browsers
U06403,32,Android,24,10.3,47,8,0,19,9,0,1,Casual Browsers
U06404,62,Android,21,10.6,58,13,2,14,8,0,2,Steady Engagers
U06405,57,iOS,16,10.6,42,5,0,39,10,0,1,Casual Browsers
U06406,62,Android,12,3.7,23,3,0,66,8,1,3,At-Risk/Dormant
U06407,53,iOS,18,9.4,49,14,6,21,16,0,2,Steady Engagers
U06408,49,Android,23,9.7,68,18,2,23,8,0,2,Steady Engagers
U06409,43,iOS,8,1.0,13,2,0,37,3,1,3,At-Risk/Dormant
U06410,62,Android,9,9.0,28,5,1,36,10,0,1,Casual Browsers
U06411,58,Android,7,1.8,14,5,1,35,7,1,3,At-Risk/Dormant
U06412,38,Android,11,7.5,20,6,1,56,4,1,3,At-Risk/Dormant
U06413,22,Web,8,5.1,17,1,0,38,2,0,3,At-Risk/Dormant
U06414,18,iOS,30,13.1,87,26,2,14,7,0,2,Steady Engagers
U06415,29,Web,22,12.9,75,24,5,14,16,0,2,Steady Engagers
U06416,21,iOS,12,7.8,24,3,0,31,6,0,3,At-Risk/Dormant
U06417,28,iOS,13,9.7,26,4,1,27,3,0,1,Casual Browsers
U06418,23,iOS,22,14.6,83,19,4,5,18,0,2,Steady Engagers
U06419,65,Web,24,15.2,83,22,4,10,8,0,2,Steady Engagers
U06420,22,Web,15,7.0,41,7,0,42,5,0,3,At-Risk/Dormant
U06421,48,iOS,23,11.3,52,9,0,30,7,0,1,Casual Browsers
U06422,34,Android,27,16.7,90,23,8,8,4,0,0,Power Users
U06423,26,iOS,30,15.5,104,18,3,19,13,0,2,Steady Engagers
U06424,51,Android,20,9.6,52,15,3,31,8,0,1,Casual Browsers
U06425,64,Android,14,4.6,28,2,0,35,4,0,3,At-Risk/Dormant
U06426,55,iOS,28,20.3,102,27,2,7,12,0,2,Steady Engagers
U06427,64,Web,2,1.2,8,0,0,61,1,1,3,At-Risk/Dormant
U06428,46,Android,23,8.8,88,20,3,29,13,0,2,Steady Engagers
U06429,50,Android,18,5.4,33,7,0,44,8,1,3,At-Risk/Dormant
U06430,25,Web,8,3.0,10,0,0,50,1,1,3,At-Risk/Dormant
U06431,58,Android,23,10.0,59,10,0,20,8,0,1,Casual Browsers
U06432,53,Android,21,13.5,62,19,3,22,13,1,2,Steady Engagers
U06433,30,iOS,12,6.4,25,4,0,30,6,0,3,At-Risk/Dormant
U06434,35,Web,31,16.9,98,24,6,11,14,0,0,Power Users
U06435,47,iOS,47,20.3,195,67,13,0,17,0,0,Power Users
U06436,18,iOS,18,13.5,51,6,1,18,12,0,1,Casual Browsers
U06437,57,Android,7,8.1,13,3,0,34,3,0,3,At-Risk/Dormant
U06438,31,Android,9,6.4,22,3,0,28,2,1,3,At-Risk/Dormant
U06439,21,iOS,10,8.5,19,1,0,42,4,1,3,At-Risk/Dormant
U06440,33,Web,22,14.1,68,16,6,24,9,0,2,Steady Engagers
U06441,58,Android,8,4.4,15,3,0,40,3,0,3,At-Risk/Dormant
U06442,31,Android,6,7.0,11,0,0,41,1,1,3,At-Risk/Dormant
U06443,43,Android,16,13.8,36,6,0,32,8,0,1,Casual Browsers
U06444,56,Android,20,8.6,44,4,0,36,5,0,1,Casual Browsers
U06445,19,Android,6,0.5,14,0,0,40,2,1,3,At-Risk/Dormant
U06446,54,Android,26,6.5,55,12,0,22,10,0,1,Casual Browsers
U06447,31,iOS,21,9.6,56,12,4,21,4,0,1,Casual Browsers
U06448,51,Android,22,6.7,52,11,4,20,11,0,2,Steady Engagers
U06449,27,iOS,22,11.9,71,17,2,8,17,0,2,Steady Engagers
U06450,24,iOS,17,8.4,35,3,0,25,7,0,1,Casual Browsers
U06451,55,Web,17,6.8,36,5,0,32,3,0,3,At-Risk/Dormant
U06452,56,Web,10,8.9,27,3,0,37,6,0,3,At-Risk/Dormant
U06453,65,Android,12,7.6,32,5,0,35,6,0,3,At-Risk/Dormant
U06454,50,Android,27,7.9,83,13,0,16,6,0,1,Casual Browsers
U06455,40,iOS,29,15.5,100,23,0,4,12,0,2,Steady Engagers
U06456,27,Android,22,9.6,69,20,1,25,15,0,2,Steady Engagers
U06457,32,Android,34,15.9,110,29,1,5,14,0,2,Steady Engagers
U06458,49,Android,5,4.6,10,0,0,41,4,0,3,At-Risk/Dormant
U06459,34,Web,17,9.7,45,5,1,33,10,0,1,Casual Browsers
U06460,41,Android,11,7.0,18,4,1,41,8,0,3,At-Risk/Dormant
U06461,26,iOS,30,21.4,136,39,5,0,12,0,0,Power Users
U06462,39,Android,16,7.7,36,2,0,32,4,0,1,Casual Browsers
U06463,29,iOS,24,5.4,58,9,1,23,6,0,1,Casual Browsers
U06464,23,Android,23,14.0,79,17,3,17,7,0,2,Steady Engagers
U06465,24,Web,13,7.6,41,9,0,29,7,0,1,Casual Browsers
U06466,42,iOS,9,2.6,16,3,0,32,11,1,3,At-Risk/Dormant
U06467,35,Android,17,7.3,42,10,0,25,4,0,1,Casual Browsers
U06468,22,Android,12,5.4,23,3,0,40,3,0,3,At-Risk/Dormant
U06469,42,Web,5,3.8,8,1,0,44,1,1,3,At-Risk/Dormant
U06470,25,iOS,13,9.2,30,4,0,35,6,0,1,Casual Browsers
U06471,18,Android,17,8.4,42,7,1,25,9,0,1,Casual Browsers
U06472,24,Android,9,4.5,19,1,0,37,4,0,3,At-Risk/Dormant
U06473,39,Android,21,11.5,71,17,4,9,10,0,2,Steady Engagers
U06474,63,Android,15,10.8,36,5,1,24,9,0,1,Casual Browsers
U06475,29,Android,9,4.9,20,1,0,44,2,1,3,At-Risk/Dormant
U06476,31,Android,14,5.5,34,7,1,30,8,0,1,Casual Browsers
U06477,29,Android,8,8.0,23,3,0,47,6,1,3,At-Risk/Dormant
U06478,35,Web,14,11.5,38,10,2,27,6,1,1,Casual Browsers
U06479,52,iOS,18,16.9,73,17,2,17,9,0,2,Steady Engagers
U06480,33,Web,8,4.2,21,1,0,41,4,1,3,At-Risk/Dormant
U06481,49,iOS,25,13.4,47,4,1,28,6,0,1,Casual Browsers
U06482,61,iOS,15,7.2,38,7,0,22,7,0,1,Casual Browsers
U06483,63,Android,26,7.0,70,16,3,17,8,0,2,Steady Engagers
U06484,45,iOS,28,13.1,73,19,3,15,10,0,2,Steady Engagers
U06485,52,Android,14,11.0,39,7,1,28,5,0,1,Casual Browsers
U06486,62,iOS,11,9.1,29,1,0,33,4,0,3,At-Risk/Dormant
U06487,55,Web,6,8.5,21,3,0,36,3,0,3,At-Risk/Dormant
U06488,32,Web,5,6.8,11,1,0,40,4,0,3,At-Risk/Dormant
U06489,24,Android,13,7.6,24,2,0,36,4,0,3,At-Risk/Dormant
U06490,23,iOS,17,9.8,48,11,2,24,6,0,1,Casual Browsers
U06491,60,Android,40,18.1,138,40,12,0,14,0,0,Power Users
U06492,44,Android,38,17.9,133,40,3,0,12,0,0,Power Users
U06493,32,Android,17,11.7,28,3,0,24,5,0,1,Casual Browsers
U06494,34,Android,26,10.1,91,19,3,12,12,0,2,Steady Engagers
U06495,31,iOS,23,9.7,71,11,2,18,11,0,2,Steady Engagers
U06496,56,Android,18,12.0,49,12,4,14,10,0,2,Steady Engagers
U06497,47,Android,18,12.0,58,8,2,19,8,0,1,Casual Browsers
U06498,60,Web,9,8.0,21,3,0,45,1,1,3,At-Risk/Dormant
U06499,32,iOS,21,5.3,45,3,1,24,9,0,1,Casual Browsers
U06500,40,Android,9,1.4,20,2,0,40,5,0,3,At-Risk/Dormant
U06501,23,iOS,22,7.3,46,9,1,38,6,0,1,Casual Browsers
U06502,64,iOS,33,15.2,95,24,2,3,10,0,2,Steady Engagers
U06503,42,iOS,14,7.7,30,5,0,34,4,0,3,At-Risk/Dormant
U06504,44,iOS,29,13.0,99,33,10,5,10,0,0,Power Users
U06505,37,Web,8,6.2,17,5,0,48,1,1,3,At-Risk/Dormant
U06506,31,Android,9,7.6,17,2,0,34,2,0,3,At-Risk/Dormant
U06507,63,iOS,19,13.9,38,7,0,33,6,0,1,Casual Browsers
U06508,41,Android,28,16.4,105,30,5,9,14,0,0,Power Users
U06509,50,Web,7,1.8,8,0,0,38,0,1,3,At-Risk/Dormant
U06510,19,Android,9,6.7,16,5,1,33,2,0,3,At-Risk/Dormant
U06511,31,Android,30,14.4,84,16,4,10,7,0,2,Steady Engagers
U06512,56,Web,14,10.6,36,8,0,30,5,0,1,Casual Browsers
U06513,22,iOS,12,8.4,31,10,1,24,4,0,1,Casual Browsers
U06514,22,Android,18,6.0,34,3,0,24,10,0,1,Casual Browsers
U06515,56,Android,30,13.4,87,23,1,12,15,0,2,Steady Engagers
U06516,32,Android,18,10.9,59,9,2,22,3,0,1,Casual Browsers
U06517,31,Web,19,9.2,50,7,1,26,4,0,1,Casual Browsers
U06518,45,Android,24,14.5,80,15,3,8,13,0,2,Steady Engagers
U06519,27,Android,20,4.2,60,15,3,29,10,0,1,Casual Browsers
U06520,20,iOS,24,10.4,72,16,2,16,8,0,2,Steady Engagers
U06521,18,Android,16,8.2,45,8,1,27,6,0,1,Casual Browsers
U06522,21,Android,12,4.8,20,6,0,39,4,0,3,At-Risk/Dormant
U06523,25,Web,7,9.0,12,1,0,37,3,0,3,At-Risk/Dormant
U06524,51,Android,13,6.8,29,5,0,33,7,0,1,Casual Browsers
U06525,32,Web,18,5.8,39,11,1,22,11,0,1,Casual Browsers
U06526,21,iOS,13,5.5,29,4,0,35,6,0,3,At-Risk/Dormant
U06527,18,Android,9,9.4,14,1,0,30,5,0,3,At-Risk/Dormant
U06528,40,iOS,7,2.3,9,1,0,45,1,1,3,At-Risk/Dormant
U06529,58,iOS,15,2.1,36,5,0,34,6,0,3,At-Risk/Dormant
U06530,34,iOS,18,11.4,44,10,1,20,2,0,1,Casual Browsers
U06531,21,iOS,21,14.9,75,15,1,20,11,0,2,Steady Engagers
U06532,28,Android,19,9.4,54,10,3,19,6,0,1,Casual Browsers
U06533,41,Android,12,5.6,32,6,2,41,2,1,3,At-Risk/Dormant
U06534,27,iOS,34,16.3,123,34,5,8,4,0,0,Power Users
U06535,64,Android,40,13.1,134,40,4,0,14,0,0,Power Users
U06536,54,Android,17,15.1,54,7,0,13,8,0,1,Casual Browsers
U06537,34,iOS,25,14.2,81,22,4,14,13,0,2,Steady Engagers
U06538,63,Android,6,5.4,10,1,0,42,1,1,3,At-Risk/Dormant
U06539,33,iOS,26,10.7,88,28,6,15,7,0,2,Steady Engagers
U06540,24,Web,12,6.4,21,0,0,31,3,0,3,At-Risk/Dormant
U06541,63,Web,18,10.9,48,7,0,23,11,0,1,Casual Browsers
U06542,64,Android,17,9.7,41,5,1,31,8,0,1,Casual Browsers
U06543,33,Android,23,6.4,74,15,3,13,10,0,2,Steady Engagers
U06544,46,Web,23,12.7,49,19,1,17,17,0,2,Steady Engagers
U06545,26,Android,24,15.8,61,14,3,9,14,0,2,Steady Engagers
U06546,48,iOS,8,4.7,17,2,0,43,1,0,3,At-Risk/Dormant
U06547,51,iOS,22,10.1,60,13,2,18,10,0,2,Steady Engagers
U06548,52,Android,13,9.8,34,3,0,33,4,0,1,Casual Browsers
U06549,45,Android,16,10.2,46,8,1,23,9,0,1,Casual Browsers
U06550,51,iOS,23,7.0,65,14,1,17,18,0,2,Steady Engagers
U06551,44,Android,13,7.1,39,7,1,34,3,0,3,At-Risk/Dormant
U06552,57,Web,5,8.2,5,0,0,58,1,1,3,At-Risk/Dormant
U06553,26,iOS,14,6.1,41,3,0,40,8,0,3,At-Risk/Dormant
U06554,41,Android,20,11.5,45,7,2,16,14,0,2,Steady Engagers
U06555,37,iOS,35,11.6,113,31,7,10,11,0,0,Power Users
U06556,43,Android,14,14.9,47,7,1,18,9,0,1,Casual Browsers
U06557,24,Android,26,12.8,80,14,2,20,8,0,2,Steady Engagers
U06558,33,Web,26,19.0,82,17,4,13,12,0,2,Steady Engagers
U06559,63,iOS,11,7.9,30,6,0,31,1,1,3,At-Risk/Dormant
U06560,23,iOS,5,5.1,10,2,0,42,3,1,3,At-Risk/Dormant
U06561,48,Web,4,0.5,9,1,0,42,1,1,3,At-Risk/Dormant
U06562,49,iOS,8,3.9,19,0,0,33,10,0,3,At-Risk/Dormant
U06563,40,Android,24,19.3,82,28,5,16,15,0,0,Power Users
U06564,19,Android,33,15.9,123,29,4,6,12,0,0,Power Users
U06565,19,Android,26,12.2,85,16,3,16,16,0,2,Steady Engagers
U06566,31,Android,30,15.6,79,23,1,15,11,0,2,Steady Engagers
U06567,22,iOS,14,7.9,51,12,0,23,8,0,1,Casual Browsers
U06568,22,iOS,27,13.9,73,11,0,22,10,0,2,Steady Engagers
U06569,25,Android,26,15.2,85,25,3,6,10,0,2,Steady Engagers
U06570,27,iOS,21,10.7,62,10,1,23,10,0,1,Casual Browsers
U06571,58,Web,16,3.0,40,1,0,50,5,1,3,At-Risk/Dormant
U06572,48,Web,13,10.5,26,4,0,33,8,0,1,Casual Browsers
U06573,19,Android,11,7.3,31,0,0,28,4,0,3,At-Risk/Dormant
U06574,48,Web,8,7.6,21,3,0,48,3,1,3,At-Risk/Dormant
U06575,24,Web,28,11.4,92,22,3,15,14,0,2,Steady Engagers
U06576,38,Android,28,13.3,84,31,6,9,10,0,0,Power Users
U06577,19,Android,29,14.8,95,21,5,7,18,0,0,Power Users
U06578,22,Android,33,11.5,81,16,1,9,14,0,2,Steady Engagers
U06579,24,iOS,18,10.2,44,6,0,31,2,0,1,Casual Browsers
U06580,38,iOS,13,7.3,32,7,0,33,10,0,1,Casual Browsers
U06581,40,iOS,23,6.4,53,10,1,24,10,0,1,Casual Browsers
U06582,34,iOS,24,6.0,70,12,0,18,6,0,1,Casual Browsers
U06583,47,Android,31,17.1,101,36,5,15,13,0,0,Power Users
U06584,52,Android,21,13.0,61,10,2,25,5,0,1,Casual Browsers
U06585,52,Web,16,5.1,45,8,1,32,3,0,3,At-Risk/Dormant
U06586,45,Web,18,11.5,51,13,3,11,11,0,2,Steady Engagers
U06587,44,iOS,6,6.2,11,0,0,33,7,0,3,At-Risk/Dormant
U06588,41,Android,27,15.0,109,27,4,5,11,0,0,Power Users
U06589,29,Android,23,9.2,45,8,1,28,6,0,1,Casual Browsers
U06590,41,Android,39,19.6,136,36,6,0,19,0,0,Power Users
U06591,18,Android,10,8.0,13,2,0,36,5,1,3,At-Risk/Dormant
U06592,64,Android,18,9.2,52,8,1,30,2,0,1,Casual Browsers
U06593,35,Web,14,6.8,32,6,0,22,8,1,1,Casual Browsers
U06594,54,iOS,32,16.0,99,33,5,6,12,0,0,Power Users
U06595,63,Android,6,7.3,21,4,0,32,4,1,3,At-Risk/Dormant
U06596,41,Android,7,0.8,12,2,0,39,5,1,3,At-Risk/Dormant
U06597,59,Android,17,10.1,50,13,1,18,12,0,1,Casual Browsers
U06598,41,iOS,9,5.6,13,4,0,35,6,0,3,At-Risk/Dormant
U06599,24,iOS,10,1.9,22,3,0,33,2,1,3,At-Risk/Dormant
U06600,19,Android,28,12.8,101,21,3,7,12,0,2,Steady Engagers
U06601,24,Web,34,13.5,124,39,8,9,13,0,0,Power Users
U06602,63,Android,17,4.7,43,5,1,33,5,0,1,Casual Browsers
U06603,40,Android,9,8.4,12,1,0,35,5,0,3,At-Risk/Dormant
U06604,33,Web,9,6.8,19,3,0,34,5,0,3,At-Risk/Dormant
U06605,39,Android,30,12.4,115,29,4,9,15,0,0,Power Users
U06606,30,Android,16,9.6,50,11,1,19,8,0,1,Casual Browsers
U06607,59,iOS,20,11.3,39,6,0,28,7,0,1,Casual Browsers
U06608,65,Android,23,16.2,80,27,1,10,12,0,2,Steady Engagers
U06609,22,Android,30,6.6,107,26,4,18,13,0,2,Steady Engagers
U06610,52,Android,9,10.4,14,1,0,30,12,0,1,Casual Browsers
U06611,34,Android,28,18.1,117,30,7,0,6,0,0,Power Users
U06612,20,iOS,12,6.8,26,4,0,29,7,0,1,Casual Browsers
U06613,62,Android,14,7.3,51,4,0,24,3,0,1,Casual Browsers
U06614,20,iOS,15,12.4,32,9,1,30,8,0,1,Casual Browsers
U06615,27,Web,11,14.1,44,14,3,25,10,0,1,Casual Browsers
U06616,19,Android,14,6.3,38,4,0,29,1,0,3,At-Risk/Dormant
U06617,40,Android,34,8.8,107,30,4,1,12,0,0,Power Users
U06618,46,Android,5,1.4,10,0,0,46,0,1,3,At-Risk/Dormant
U06619,33,Android,25,7.9,68,13,5,18,6,0,2,Steady Engagers
U06620,21,Android,18,11.6,61,11,2,14,8,0,2,Steady Engagers
U06621,23,iOS,19,10.3,69,13,1,14,6,0,1,Casual Browsers
U06622,62,Android,18,9.2,49,9,1,30,7,0,1,Casual Browsers
U06623,56,iOS,11,10.5,15,0,0,44,3,0,3,At-Risk/Dormant
U06624,62,iOS,14,8.4,48,6,1,23,11,0,1,Casual Browsers
U06625,43,Web,22,8.8,67,19,4,17,9,0,2,Steady Engagers
U06626,44,Android,27,9.6,78,24,3,15,11,0,2,Steady Engagers
U06627,55,Android,23,11.1,72,12,2,24,16,0,2,Steady Engagers
U06628,47,Web,12,10.8,27,4,0,29,8,0,1,Casual Browsers
U06629,38,Android,14,8.2,30,6,1,26,7,0,1,Casual Browsers
U06630,32,iOS,8,9.3,14,0,0,37,3,0,3,At-Risk/Dormant
U06631,41,iOS,27,12.6,103,27,5,3,15,0,0,Power Users
U06632,21,iOS,23,15.6,79,28,5,5,15,0,0,Power Users
U06633,27,Android,38,15.0,142,43,6,0,14,0,0,Power Users
U06634,53,Android,26,14.1,67,16,5,7,13,0,2,Steady Engagers
U06635,59,iOS,16,9.5,36,8,0,30,8,0,1,Casual Browsers
U06636,22,iOS,19,7.7,49,10,1,16,7,0,1,Casual Browsers
U06637,22,iOS,15,7.9,35,5,1,22,7,0,1,Casual Browsers
U06638,22,iOS,28,13.5,75,18,6,8,8,0,2,Steady Engagers
U06639,55,Web,6,4.7,10,2,1,38,4,0,3,At-Risk/Dormant
U06640,32,Web,25,12.4,86,30,7,7,10,0,0,Power Users
U06641,33,iOS,31,17.0,112,35,3,1,15,0,0,Power Users
U06642,18,Android,18,12.2,57,17,0,18,9,0,1,Casual Browsers
U06643,64,Android,14,13.1,35,6,0,19,8,0,1,Casual Browsers
U06644,38,iOS,19,5.2,54,9,2,27,6,1,1,Casual Browsers
U06645,56,iOS,24,11.4,81,14,6,15,11,0,2,Steady Engagers
U06646,51,Android,23,12.1,71,19,4,19,13,0,2,Steady Engagers
U06647,24,iOS,19,8.9,46,8,2,23,10,0,1,Casual Browsers
U06648,56,Android,8,6.0,18,4,0,35,1,0,3,At-Risk/Dormant
U06649,44,Android,29,7.7,68,14,1,27,14,0,2,Steady Engagers
U06650,47,Web,18,9.8,44,6,0,20,5,0,1,Casual Browsers
U06651,27,Android,18,16.0,49,9,1,27,6,0,1,Casual Browsers
U06652,58,iOS,18,11.5,59,10,1,20,9,0,1,Casual Browsers
U06653,62,iOS,14,4.3,41,7,0,24,7,0,1,Casual Browsers
U06654,37,iOS,11,8.7,16,1,0,34,3,1,3,At-Risk/Dormant
U06655,22,Android,13,10.8,21,1,0,31,4,0,1,Casual Browsers
U06656,58,iOS,15,10.4,43,3,0,28,3,0,1,Casual Browsers
U06657,60,Android,21,14.3,63,21,2,19,6,0,2,Steady Engagers
U06658,42,iOS,16,13.9,56,10,1,27,4,0,1,Casual Browsers
U06659,45,Android,14,9.4,34,7,1,24,13,0,1,Casual Browsers
U06660,28,Web,24,15.8,80,25,3,17,11,0,2,Steady Engagers
U06661,21,iOS,32,19.6,124,46,12,2,12,0,0,Power Users
U06662,63,Android,24,12.0,83,23,1,13,11,0,2,Steady Engagers
U06663,41,Android,19,12.3,56,12,3,26,7,0,1,Casual Browsers
U06664,31,Android,9,6.2,19,1,0,32,3,1,3,At-Risk/Dormant
U06665,51,iOS,28,15.6,82,13,1,12,10,0,2,Steady Engagers
U06666,19,iOS,6,6.7,14,0,0,38,1,0,3,At-Risk/Dormant
U06667,21,iOS,27,13.7,107,30,5,10,10,0,0,Power Users
U06668,29,Web,16,12.2,48,11,2,30,7,0,1,Casual Browsers
U06669,39,iOS,24,14.3,97,27,2,8,11,0,2,Steady Engagers
U06670,35,iOS,10,6.5,18,1,0,39,3,1,3,At-Risk/Dormant
U06671,26,Android,23,11.9,75,18,1,26,10,0,2,Steady Engagers
U06672,34,iOS,24,15.1,71,21,3,11,13,0,2,Steady Engagers
U06673,34,iOS,14,4.6,37,5,1,33,4,0,3,At-Risk/Dormant
U06674,43,iOS,26,10.1,81,31,3,8,7,0,2,Steady Engagers
U06675,45,Android,10,3.1,27,1,0,39,5,1,3,At-Risk/Dormant
U06676,60,Android,21,13.0,55,12,2,14,15,0,2,Steady Engagers
U06677,56,Android,7,4.9,13,0,0,45,2,1,3,At-Risk/Dormant
U06678,32,Web,22,10.7,55,10,1,22,9,0,1,Casual Browsers
U06679,61,iOS,19,12.4,65,14,1,18,9,0,2,Steady Engagers
U06680,42,Android,9,5.7,25,4,0,33,8,1,3,At-Risk/Dormant
U06681,27,Android,24,5.9,45,13,1,25,12,0,1,Casual Browsers
U06682,34,iOS,14,10.0,41,8,1,27,6,0,1,Casual Browsers
U06683,53,Web,21,6.4,48,8,1,25,7,0,1,Casual Browsers
U06684,57,Web,11,4.9,19,2,0,37,3,0,3,At-Risk/Dormant
U06685,35,Web,14,14.8,46,14,5,19,8,0,2,Steady Engagers
U06686,25,Web,21,9.4,56,10,0,20,4,0,1,Casual Browsers
U06687,27,Android,29,18.2,79,20,5,23,9,0,2,Steady Engagers
U06688,22,Android,11,3.3,19,3,0,31,3,1,3,At-Risk/Dormant
U06689,51,iOS,23,10.5,88,19,3,14,10,0,2,Steady Engagers
U06690,42,iOS,22,4.1,57,16,2,18,10,0,1,Casual Browsers
U06691,39,Android,25,14.3,82,23,4,12,9,0,2,Steady Engagers
U06692,50,iOS,24,13.1,89,23,3,8,13,0,2,Steady Engagers
U06693,57,Android,39,17.1,117,20,5,25,13,0,0,Power Users
U06694,56,Android,8,8.0,14,2,0,50,4,1,3,At-Risk/Dormant
U06695,24,Android,0,3.3,0,0,0,44,2,1,3,At-Risk/Dormant
U06696,46,Web,18,7.6,57,15,2,26,5,0,1,Casual Browsers
U06697,60,iOS,22,3.3,36,8,0,25,7,0,1,Casual Browsers
U06698,55,iOS,8,6.1,17,1,0,37,2,1,3,At-Risk/Dormant
U06699,33,Web,26,13.6,90,19,7,17,10,0,2,Steady Engagers
U06700,36,Web,12,9.5,35,6,0,23,6,0,1,Casual Browsers
U06701,60,Android,14,9.8,41,9,1,29,7,0,1,Casual Browsers
U06702,19,iOS,7,5.3,19,2,1,31,8,0,3,At-Risk/Dormant
U06703,43,Android,10,4.4,20,3,1,39,2,0,3,At-Risk/Dormant
U06704,23,iOS,19,10.3,47,8,2,30,6,0,1,Casual Browsers
U06705,60,Android,15,14.8,45,6,0,24,9,0,1,Casual Browsers
U06706,19,Android,28,16.2,80,27,5,6,9,0,0,Power Users
U06707,19,iOS,35,12.7,90,12,2,18,6,0,2,Steady Engagers
U06708,33,Android,26,11.4,90,26,5,24,11,0,2,Steady Engagers
U06709,27,iOS,21,12.7,52,12,2,32,4,0,1,Casual Browsers
U06710,41,iOS,22,14.5,81,16,3,21,12,0,2,Steady Engagers
U06711,32,iOS,12,4.3,27,3,1,28,9,0,1,Casual Browsers
U06712,35,Android,12,1.2,26,6,1,32,7,0,3,At-Risk/Dormant
U06713,45,Android,10,4.8,19,2,0,37,3,1,3,At-Risk/Dormant
U06714,44,Android,31,12.0,94,28,2,12,9,0,2,Steady Engagers
U06715,62,Web,28,14.3,74,11,0,15,13,0,2,Steady Engagers
U06716,41,Web,19,9.2,65,14,0,25,9,0,1,Casual Browsers
U06717,45,Android,10,6.2,21,4,0,27,4,0,3,At-Risk/Dormant
U06718,50,iOS,22,8.7,72,13,1,16,8,0,1,Casual Browsers
U06719,26,iOS,26,12.0,99,23,6,19,16,0,0,Power Users
U06720,50,Web,12,5.3,30,3,0,44,4,0,3,At-Risk/Dormant
U06721,59,Android,29,9.5,92,24,2,9,11,0,2,Steady Engagers
U06722,33,iOS,18,14.6,45,5,1,28,10,0,1,Casual Browsers
U06723,26,iOS,15,0.9,33,6,1,27,11,0,1,Casual Browsers
U06724,34,Android,25,12.3,80,13,3,7,10,0,2,Steady Engagers
U06725,31,Android,20,12.5,78,10,1,17,10,0,2,Steady Engagers
U06726,46,Android,9,10.8,23,6,1,30,7,0,1,Casual Browsers
U06727,59,iOS,12,2.4,27,2,0,34,2,0,3,At-Risk/Dormant
U06728,46,iOS,12,0.5,22,3,0,54,4,0,3,At-Risk/Dormant
U06729,24,iOS,25,8.8,86,17,2,14,9,0,2,Steady Engagers
U06730,33,Android,10,10.7,17,2,0,33,4,0,3,At-Risk/Dormant
U06731,51,Web,16,1.6,39,11,2,30,8,0,1,Casual Browsers
U06732,33,Android,39,21.0,136,40,8,0,16,0,0,Power Users
U06733,46,Web,5,3.3,7,2,1,42,3,1,3,At-Risk/Dormant
U06734,51,Android,16,7.7,46,6,1,29,6,0,1,Casual Browsers
U06735,33,Web,20,13.1,60,20,3,18,7,0,2,Steady Engagers
U06736,49,Web,23,8.2,64,14,1,21,8,0,1,Casual Browsers
U06737,37,Web,14,9.0,39,5,0,32,15,0,1,Casual Browsers
U06738,24,Web,0,2.4,0,0,0,47,1,1,3,At-Risk/Dormant
U06739,35,Android,18,5.5,44,7,0,24,9,1,1,Casual Browsers
U06740,39,iOS,35,14.6,119,31,4,4,19,0,0,Power Users
U06741,18,iOS,21,9.6,57,9,2,21,8,0,1,Casual Browsers
U06742,60,Android,13,0.5,31,3,0,40,4,0,3,At-Risk/Dormant
U06743,43,Web,6,2.7,11,1,0,35,4,1,3,At-Risk/Dormant
U06744,19,Android,30,15.2,100,18,4,5,15,0,2,Steady Engagers
U06745,59,Android,26,16.6,87,27,5,9,9,0,0,Power Users
U06746,59,Web,18,12.4,53,10,0,20,9,0,1,Casual Browsers
U06747,18,Android,21,12.1,51,13,4,20,5,0,2,Steady Engagers
U06748,25,Android,29,10.6,86,19,3,8,10,0,2,Steady Engagers
U06749,35,Android,11,5.0,30,2,0,30,9,0,3,At-Risk/Dormant
U06750,42,iOS,24,9.0,72,23,2,11,13,0,2,Steady Engagers
U06751,52,Web,17,6.2,30,3,0,36,5,0,3,At-Risk/Dormant
U06752,38,Android,8,4.8,17,2,0,34,2,0,3,At-Risk/Dormant
U06753,47,iOS,12,6.9,20,5,0,36,3,0,3,At-Risk/Dormant
U06754,18,iOS,23,15.5,79,19,2,12,17,0,2,Steady Engagers
U06755,49,iOS,17,10.8,53,5,0,30,16,0,1,Casual Browsers
U06756,61,iOS,33,9.4,90,25,4,15,8,0,2,Steady Engagers
U06757,43,Web,22,15.0,59,13,2,13,9,0,2,Steady Engagers
U06758,39,Android,13,5.6,28,5,0,38,2,1,3,At-Risk/Dormant
U06759,32,Android,8,5.1,18,2,0,37,1,1,3,At-Risk/Dormant
U06760,63,iOS,39,12.2,164,46,8,0,12,0,0,Power Users
U06761,19,Android,19,9.4,46,6,0,41,8,0,1,Casual Browsers
U06762,31,iOS,16,10.4,44,9,0,19,4,0,1,Casual Browsers
U06763,24,Android,20,10.4,53,11,4,17,11,0,2,Steady Engagers
U06764,59,Android,9,1.8,13,1,0,39,3,1,3,At-Risk/Dormant
U06765,41,Web,24,7.3,81,15,2,14,8,0,2,Steady Engagers
U06766,62,Android,21,13.4,71,17,1,13,7,0,2,Steady Engagers
U06767,49,iOS,15,1.7,42,7,0,38,7,0,3,At-Risk/Dormant
U06768,44,iOS,20,8.5,47,14,3,22,8,0,1,Casual Browsers
U06769,42,Android,22,9.6,61,13,0,16,14,0,2,Steady Engagers
U06770,27,Android,19,13.2,49,4,1,21,8,1,1,Casual Browsers
U06771,44,Android,21,16.8,66,10,1,16,11,0,2,Steady Engagers
U06772,50,iOS,17,6.0,42,10,1,32,4,0,1,Casual Browsers
U06773,64,Android,14,9.3,32,3,0,34,7,0,1,Casual Browsers
U06774,44,iOS,24,7.3,61,8,0,29,6,0,1,Casual Browsers
U06775,63,Android,21,8.9,57,11,5,21,8,0,2,Steady Engagers
U06776,63,Android,21,8.0,53,13,4,28,6,0,1,Casual Browsers
U06777,43,Android,17,11.6,42,8,1,25,5,0,1,Casual Browsers
U06778,39,Android,31,13.4,91,21,3,8,12,0,2,Steady Engagers
U06779,24,Android,10,4.4,15,2,0,39,1,1,3,At-Risk/Dormant
U06780,30,Web,6,2.7,19,5,2,36,4,1,3,At-Risk/Dormant
U06781,60,Android,13,4.8,37,9,2,30,9,0,1,Casual Browsers
U06782,24,iOS,19,9.6,43,12,0,16,9,0,1,Casual Browsers
U06783,37,iOS,19,7.6,41,10,1,33,7,1,1,Casual Browsers
U06784,51,iOS,12,8.8,30,6,1,29,7,1,1,Casual Browsers
U06785,29,iOS,19,6.8,52,9,1,27,8,0,1,Casual Browsers
U06786,64,Android,16,11.3,37,10,1,26,4,0,1,Casual Browsers
U06787,49,iOS,11,9.9,32,6,1,29,9,0,1,Casual Browsers
U06788,19,Android,20,6.0,39,7,2,34,7,0,1,Casual Browsers
U06789,29,iOS,24,11.7,80,13,4,19,9,0,2,Steady Engagers
U06790,53,Android,17,10.8,48,13,3,25,4,0,1,Casual Browsers
U06791,59,iOS,35,12.6,112,32,5,0,16,0,0,Power Users
U06792,62,iOS,24,11.9,61,10,1,25,5,0,1,Casual Browsers
U06793,58,iOS,24,7.9,55,7,2,26,12,0,1,Casual Browsers
U06794,21,Android,13,5.9,26,5,1,29,4,0,3,At-Risk/Dormant
U06795,53,iOS,6,1.5,6,1,0,44,1,0,3,At-Risk/Dormant
U06796,23,iOS,5,2.5,7,2,0,45,4,0,3,At-Risk/Dormant
U06797,21,iOS,20,5.6,45,5,1,24,11,0,1,Casual Browsers
U06798,51,Android,17,9.2,42,4,0,34,6,1,1,Casual Browsers
U06799,40,Android,35,13.6,107,32,5,4,15,0,0,Power Users
U06800,49,Android,11,4.7,29,5,0,41,5,1,3,At-Risk/Dormant
U06801,58,iOS,20,13.8,58,14,1,17,7,0,2,Steady Engagers
U06802,21,Android,18,9.0,37,8,1,30,5,0,1,Casual Browsers
U06803,43,iOS,13,6.4,34,4,0,31,2,0,3,At-Risk/Dormant
U06804,58,iOS,14,12.1,32,7,0,35,4,0,1,Casual Browsers
U06805,39,iOS,35,11.7,108,32,7,2,19,0,0,Power Users
U06806,43,iOS,12,7.5,30,5,0,27,13,0,1,Casual Browsers
U06807,41,iOS,30,20.7,109,33,4,4,11,0,0,Power Users
U06808,61,iOS,27,17.0,87,22,3,11,15,0,2,Steady Engagers
U06809,20,Android,18,6.8,48,8,0,18,9,1,1,Casual Browsers
U06810,60,Web,31,12.8,99,28,4,4,10,0,0,Power Users
U06811,57,Web,28,16.9,99,21,5,9,12,0,0,Power Users
U06812,57,iOS,9,4.8,21,2,0,39,2,0,3,At-Risk/Dormant
U06813,37,Web,19,9.8,57,10,0,47,6,1,1,Casual Browsers
U06814,42,Web,2,1.9,3,0,0,56,4,1,3,At-Risk/Dormant
U06815,35,iOS,10,5.4,30,6,0,34,9,0,3,At-Risk/Dormant
U06816,30,iOS,15,0.5,49,4,0,33,6,0,3,At-Risk/Dormant
U06817,60,iOS,13,4.2,35,4,1,39,5,0,3,At-Risk/Dormant
U06818,42,Android,5,3.7,17,1,0,39,5,1,3,At-Risk/Dormant
U06819,52,Android,15,5.4,36,6,0,30,4,0,3,At-Risk/Dormant
U06820,22,iOS,27,10.7,66,12,1,33,6,0,1,Casual Browsers
U06821,55,iOS,32,9.4,105,26,3,19,9,0,2,Steady Engagers
U06822,49,Android,14,6.2,26,3,0,38,4,1,3,At-Risk/Dormant
U06823,65,iOS,8,11.4,21,1,0,31,8,0,1,Casual Browsers
U06824,24,iOS,26,16.3,77,21,2,12,16,0,2,Steady Engagers
U06825,43,iOS,16,12.3,38,6,0,22,6,0,1,Casual Browsers
U06826,42,Android,14,8.3,35,7,2,35,8,0,1,Casual Browsers
U06827,43,iOS,7,2.7,9,1,0,37,4,0,3,At-Risk/Dormant
U06828,20,Android,12,4.3,30,4,0,37,4,0,3,At-Risk/Dormant
U06829,40,Android,15,9.4,30,8,2,30,1,0,1,Casual Browsers
U06830,32,Android,5,3.7,9,0,0,40,1,0,3,At-Risk/Dormant
U06831,47,Android,12,15.6,34,7,1,23,5,0,1,Casual Browsers
U06832,29,Android,4,0.5,7,2,0,45,2,0,3,At-Risk/Dormant
U06833,38,iOS,4,2.7,10,2,0,45,2,1,3,At-Risk/Dormant
U06834,47,Android,30,15.7,118,43,11,0,16,0,0,Power Users
U06835,21,Android,23,11.5,66,14,5,23,14,0,2,Steady Engagers
U06836,55,Web,15,9.4,36,4,0,28,5,0,1,Casual Browsers
U06837,52,iOS,27,13.4,104,29,5,3,9,0,0,Power Users
U06838,20,Web,21,5.5,70,14,3,21,10,0,2,Steady Engagers
U06839,21,iOS,20,5.8,45,5,0,39,6,0,1,Casual Browsers
U06840,58,Android,39,18.0,144,39,8,0,12,0,0,Power Users
U06841,31,Web,16,16.0,61,10,0,14,17,0,2,Steady Engagers
U06842,59,Web,23,6.6,58,5,0,25,11,0,1,Casual Browsers
U06843,41,iOS,24,14.4,75,23,3,12,19,0,2,Steady Engagers
U06844,34,iOS,20,11.5,64,11,0,18,16,0,2,Steady Engagers
U06845,31,iOS,14,9.3,42,8,2,29,8,0,1,Casual Browsers
U06846,49,iOS,29,12.5,96,16,2,13,12,0,2,Steady Engagers
U06847,23,iOS,25,13.2,70,17,3,16,17,0,2,Steady Engagers
U06848,37,iOS,30,10.8,87,18,2,18,12,0,2,Steady Engagers
U06849,34,Android,24,14.2,84,15,3,19,10,0,2,Steady Engagers
U06850,25,Android,4,5.8,6,0,0,43,0,1,3,At-Risk/Dormant
U06851,34,Android,15,6.4,43,5,1,29,9,1,1,Casual Browsers
U06852,43,Android,25,13.7,94,18,6,13,12,0,2,Steady Engagers
U06853,50,Android,7,5.1,19,3,0,58,0,0,3,At-Risk/Dormant
U06854,22,Web,15,8.6,36,6,1,24,5,0,1,Casual Browsers
U06855,59,Android,8,7.4,14,3,0,36,1,1,3,At-Risk/Dormant
U06856,60,Android,12,8.2,23,3,0,27,3,0,3,At-Risk/Dormant
U06857,51,Android,14,10.7,48,5,1,25,9,0,1,Casual Browsers
U06858,62,iOS,23,11.3,61,11,0,24,5,0,1,Casual Browsers
U06859,38,iOS,33,9.8,95,14,2,16,12,0,2,Steady Engagers
U06860,57,iOS,12,9.5,35,10,0,38,5,0,1,Casual Browsers
U06861,52,Web,16,9.6,30,6,1,25,8,0,1,Casual Browsers
U06862,45,Web,23,16.7,54,12,3,20,3,0,2,Steady Engagers
U06863,26,Web,4,0.5,9,0,0,64,0,1,3,At-Risk/Dormant
U06864,44,Web,20,14.5,47,11,0,13,12,0,2,Steady Engagers
U06865,61,Android,22,11.6,61,8,1,24,6,0,1,Casual Browsers
U06866,65,iOS,27,20.6,94,27,4,5,14,0,0,Power Users
U06867,39,Android,29,10.6,80,16,2,23,9,0,2,Steady Engagers
U06868,29,iOS,20,12.5,69,13,1,15,9,0,2,Steady Engagers
U06869,53,Android,5,1.9,15,2,1,41,3,1,3,At-Risk/Dormant
U06870,21,Android,34,16.7,100,18,2,9,13,0,2,Steady Engagers
U06871,25,Android,10,4.8,26,7,0,40,6,0,3,At-Risk/Dormant
U06872,44,iOS,26,10.1,97,14,3,16,12,0,2,Steady Engagers
U06873,65,iOS,10,1.5,20,2,0,35,4,1,3,At-Risk/Dormant
U06874,33,Android,10,0.5,30,5,0,31,3,0,3,At-Risk/Dormant
U06875,39,iOS,25,13.2,84,22,0,10,9,0,2,Steady Engagers
U06876,33,Android,14,6.5,25,3,0,28,6,0,1,Casual Browsers
U06877,39,iOS,39,13.3,128,24,3,7,11,0,0,Power Users
U06878,18,Android,27,13.1,72,10,3,27,9,0,2,Steady Engagers
U06879,46,Android,7,6.9,18,1,0,48,6,1,3,At-Risk/Dormant
U06880,46,iOS,17,7.1,51,8,1,33,10,0,1,Casual Browsers
U06881,33,iOS,24,15.3,87,18,2,10,9,0,2,Steady Engagers
U06882,30,Web,2,1.8,1,0,0,43,1,1,3,At-Risk/Dormant
U06883,54,iOS,19,13.4,73,13,3,10,10,0,2,Steady Engagers
U06884,27,Web,10,14.6,28,7,1,22,4,0,1,Casual Browsers
U06885,20,Android,31,18.4,100,35,6,0,17,0,0,Power Users
U06886,19,Android,16,11.0,39,11,2,34,4,0,1,Casual Browsers
U06887,60,Web,16,4.5,37,4,0,55,5,0,3,At-Risk/Dormant
U06888,35,Android,29,12.2,101,20,3,4,19,0,2,Steady Engagers
U06889,22,iOS,15,11.8,38,8,0,22,6,1,1,Casual Browsers
U06890,60,Android,20,13.6,65,13,2,46,7,0,1,Casual Browsers
U06891,25,iOS,10,4.3,21,2,0,32,5,0,3,At-Risk/Dormant
U06892,34,Android,34,17.2,121,28,2,3,13,0,0,Power Users
U06893,18,iOS,11,8.2,36,6,0,31,4,0,3,At-Risk/Dormant
U06894,50,iOS,22,14.2,71,19,1,15,11,0,2,Steady Engagers
U06895,51,Android,21,8.5,57,9,0,25,9,0,1,Casual Browsers
U06896,54,Android,13,5.5,29,9,1,25,6,1,1,Casual Browsers
U06897,30,Android,28,17.7,87,26,3,14,16,0,2,Steady Engagers
U06898,33,Android,6,3.4,8,0,0,53,3,0,3,At-Risk/Dormant
U06899,63,Android,30,18.5,119,36,3,4,10,0,0,Power Users
U06900,57,Web,8,0.5,14,0,0,43,5,1,3,At-Risk/Dormant
U06901,19,Android,32,12.5,99,19,2,6,19,0,2,Steady Engagers
U06902,51,Android,10,7.6,22,2,0,47,4,0,3,At-Risk/Dormant
U06903,57,iOS,15,11.6,39,9,2,23,8,0,1,Casual Browsers
U06904,44,Android,31,16.8,98,24,5,4,13,0,0,Power Users
U06905,48,Android,19,8.8,43,5,1,19,8,0,1,Casual Browsers
U06906,18,iOS,25,12.9,91,20,1,8,6,0,2,Steady Engagers
U06907,19,iOS,13,6.4,32,5,1,27,8,0,1,Casual Browsers
U06908,19,Web,10,10.1,22,9,1,27,7,0,1,Casual Browsers
U06909,25,Android,18,8.7,50,11,2,21,10,0,1,Casual Browsers
U06910,65,iOS,26,14.2,63,15,2,13,14,0,2,Steady Engagers
U06911,48,Web,20,14.7,47,10,2,19,14,0,2,Steady Engagers
U06912,55,Web,27,12.3,88,18,3,15,12,0,2,Steady Engagers
U06913,32,Web,25,15.4,95,23,6,17,13,0,0,Power Users
U06914,63,Android,22,12.4,74,18,2,8,13,0,2,Steady Engagers
U06915,27,Web,22,11.4,58,7,1,30,9,0,1,Casual Browsers
U06916,61,Web,28,10.8,82,16,2,15,10,0,2,Steady Engagers
U06917,19,iOS,14,6.0,38,8,1,30,7,0,1,Casual Browsers
U06918,18,iOS,39,12.1,146,31,4,1,14,0,0,Power Users
U06919,21,Web,4,1.6,11,0,0,45,3,1,3,At-Risk/Dormant
U06920,56,Android,14,3.5,32,4,0,39,5,1,3,At-Risk/Dormant
U06921,30,iOS,24,13.0,76,9,2,25,8,0,2,Steady Engagers
U06922,39,iOS,24,13.6,69,20,3,10,11,0,2,Steady Engagers
U06923,40,iOS,7,1.4,12,1,1,48,5,1,3,At-Risk/Dormant
U06924,55,iOS,21,13.0,64,18,5,26,11,0,2,Steady Engagers
U06925,34,Android,22,13.8,64,13,2,12,10,0,2,Steady Engagers
U06926,18,Android,9,3.7,16,3,1,33,4,0,3,At-Risk/Dormant
U06927,36,Android,27,13.9,74,11,0,21,8,0,2,Steady Engagers
U06928,31,iOS,13,4.2,31,3,0,36,8,0,3,At-Risk/Dormant
U06929,53,iOS,19,7.1,33,5,0,30,6,0,1,Casual Browsers
U06930,54,Web,28,14.4,96,23,3,12,15,0,2,Steady Engagers
U06931,22,iOS,23,7.4,70,22,3,28,7,0,2,Steady Engagers
U06932,56,iOS,11,9.0,28,8,2,26,5,0,1,Casual Browsers
U06933,21,Android,17,3.4,36,6,0,33,7,0,3,At-Risk/Dormant
U06934,47,iOS,20,6.0,68,19,4,29,7,0,1,Casual Browsers
U06935,36,Web,9,8.0,28,1,1,27,5,0,3,At-Risk/Dormant
U06936,32,iOS,14,7.5,32,6,0,41,3,0,3,At-Risk/Dormant
U06937,41,Web,17,9.4,41,8,0,32,3,0,1,Casual Browsers
U06938,32,Web,3,2.1,9,1,0,46,1,1,3,At-Risk/Dormant
U06939,56,Android,14,8.1,38,5,0,25,7,0,1,Casual Browsers
U06940,64,iOS,15,13.3,42,7,1,23,4,0,1,Casual Browsers
U06941,57,iOS,30,13.2,91,21,3,7,13,0,2,Steady Engagers
U06942,39,iOS,6,2.9,19,6,0,31,4,0,3,At-Risk/Dormant
U06943,42,Android,15,9.9,37,14,5,27,12,0,1,Casual Browsers
U06944,39,Android,23,15.2,65,10,1,24,9,0,2,Steady Engagers
U06945,56,Android,16,10.9,54,11,2,17,9,0,1,Casual Browsers
U06946,44,iOS,24,9.5,69,12,1,12,8,0,2,Steady Engagers
U06947,40,Android,13,11.1,36,5,0,25,9,1,1,Casual Browsers
U06948,37,Android,26,15.4,78,15,2,17,13,0,2,Steady Engagers
U06949,36,iOS,18,8.1,50,9,2,32,9,0,1,Casual Browsers
U06950,44,Android,26,11.8,68,11,1,17,10,0,2,Steady Engagers
U06951,51,Web,13,10.5,32,3,0,34,6,1,1,Casual Browsers
U06952,38,Android,23,19.3,71,20,5,7,20,0,0,Power Users
U06953,56,Android,17,15.3,64,17,5,19,14,0,2,Steady Engagers
U06954,57,Web,5,4.4,7,1,0,37,3,0,3,At-Risk/Dormant
U06955,38,Web,13,7.9,30,4,1,26,9,1,1,Casual Browsers
U06956,61,iOS,24,7.1,72,14,1,12,14,0,2,Steady Engagers
U06957,26,iOS,26,11.5,100,22,5,13,23,0,0,Power Users
U06958,62,Android,22,13.9,67,23,2,13,14,0,2,Steady Engagers
U06959,32,iOS,13,16.8,38,9,1,29,11,0,1,Casual Browsers
U06960,45,Android,11,4.1,30,5,1,39,4,1,3,At-Risk/Dormant
U06961,31,iOS,15,10.5,42,12,1,17,9,0,1,Casual Browsers
U06962,39,Android,22,10.3,48,7,0,21,11,0,1,Casual Browsers
U06963,34,iOS,22,14.0,59,14,2,24,2,0,1,Casual Browsers
U06964,51,Android,29,11.7,93,27,1,7,13,0,2,Steady Engagers
U06965,21,Android,27,10.9,79,23,1,13,15,0,2,Steady Engagers
U06966,58,Android,26,13.3,83,17,2,8,6,0,2,Steady Engagers
U06967,61,iOS,28,15.8,105,26,6,11,15,0,0,Power Users
U06968,45,Android,17,10.5,53,9,0,21,9,0,1,Casual Browsers
U06969,44,iOS,24,11.2,58,13,0,17,9,0,1,Casual Browsers
U06970,51,Android,16,12.5,51,9,2,19,12,0,1,Casual Browsers
U06971,27,iOS,9,4.7,12,0,0,41,3,1,3,At-Risk/Dormant
U06972,53,Android,20,11.0,62,10,3,17,8,0,2,Steady Engagers
U06973,28,Web,14,2.8,31,5,0,40,7,1,3,At-Risk/Dormant
U06974,50,Android,30,8.9,84,20,4,16,13,0,2,Steady Engagers
U06975,32,Android,30,12.4,101,25,4,5,11,0,2,Steady Engagers
U06976,53,Android,21,13.6,61,14,4,18,9,0,2,Steady Engagers
U06977,55,Android,11,6.6,13,0,0,54,7,1,3,At-Risk/Dormant
U06978,28,iOS,39,15.1,161,46,4,0,16,0,0,Power Users
U06979,47,Android,17,11.5,44,7,1,25,10,0,1,Casual Browsers
U06980,41,Web,28,8.5,82,25,4,18,8,0,2,Steady Engagers
U06981,32,iOS,25,15.7,76,19,6,12,10,0,2,Steady Engagers
U06982,46,Android,41,16.5,145,48,10,0,28,0,0,Power Users
U06983,65,iOS,23,7.1,66,18,2,12,9,0,2,Steady Engagers
U06984,18,Android,32,14.5,110,34,5,11,14,0,0,Power Users
U06985,63,Android,25,8.3,59,9,1,17,8,0,1,Casual Browsers
U06986,59,Android,2,4.1,1,1,0,41,1,1,3,At-Risk/Dormant
U06987,43,Android,31,12.7,101,21,1,12,6,0,2,Steady Engagers
U06988,47,Android,37,17.5,118,27,2,0,11,0,0,Power Users
U06989,35,Web,6,1.3,9,0,0,42,1,1,3,At-Risk/Dormant
U06990,24,iOS,7,9.4,13,4,0,30,5,0,3,At-Risk/Dormant
U06991,45,Web,30,12.7,92,23,3,5,14,0,2,Steady Engagers
U06992,57,Android,35,17.6,117,33,5,0,13,0,0,Power Users
U06993,29,Web,8,9.8,15,3,0,44,5,1,3,At-Risk/Dormant
U06994,52,Android,38,15.6,128,33,8,3,15,0,0,Power Users
U06995,53,Android,25,13.4,81,13,1,11,11,0,2,Steady Engagers
U06996,54,Web,16,5.7,42,6,0,34,2,0,3,At-Risk/Dormant
U06997,34,Android,19,15.9,66,14,2,20,9,0,2,Steady Engagers
U06998,36,Android,16,7.3,45,8,2,21,3,0,1,Casual Browsers
U06999,37,Web,18,8.4,34,4,1,27,4,0,1,Casual Browsers
U07000,59,iOS,18,2.0,47,6,1,36,5,0,3,At-Risk/Dormant
U07001,61,iOS,25,8.9,75,12,2,19,7,0,2,Steady Engagers
U07002,37,Android,29,16.0,89,29,6,5,18,0,0,Power Users
U07003,64,Android,8,4.1,10,3,0,35,5,1,3,At-Risk/Dormant
U07004,45,Web,11,8.4,33,7,0,34,3,1,3,At-Risk/Dormant
U07005,36,Android,8,5.6,15,1,0,37,3,0,3,At-Risk/Dormant
U07006,18,Android,15,10.6,35,8,0,21,1,0,1,Casual Browsers
U07007,47,Android,5,7.6,11,2,0,37,7,1,3,At-Risk/Dormant
U07008,48,Web,7,0.5,16,0,0,45,2,1,3,At-Risk/Dormant
U07009,64,iOS,15,7.7,32,5,0,31,4,0,1,Casual Browsers
U07010,52,iOS,30,13.1,85,22,3,9,16,0,2,Steady Engagers
U07011,19,Web,21,12.3,62,9,1,18,9,0,1,Casual Browsers
U07012,45,Android,16,5.5,35,5,0,25,9,0,1,Casual Browsers
U07013,53,Web,20,13.0,66,18,1,14,9,0,2,Steady Engagers
U07014,41,Android,5,3.6,9,2,0,44,2,0,3,At-Risk/Dormant
U07015,38,Android,11,8.0,28,3,1,38,2,0,3,At-Risk/Dormant
U07016,56,Android,25,9.2,74,23,1,14,8,0,2,Steady Engagers
U07017,47,Web,8,7.0,18,4,0,37,1,1,3,At-Risk/Dormant
U07018,50,Web,8,8.8,20,3,0,38,4,1,3,At-Risk/Dormant
U07019,40,iOS,13,6.4,33,3,1,26,11,0,1,Casual Browsers
U07020,31,Android,6,12.5,18,4,0,23,10,0,1,Casual Browsers
U07021,42,Android,16,6.8,39,5,0,39,6,1,3,At-Risk/Dormant
U07022,64,Android,8,2.1,19,3,0,33,3,1,3,At-Risk/Dormant
U07023,46,Android,24,10.9,63,8,0,17,6,0,1,Casual Browsers
U07024,51,Android,23,5.3,72,14,0,22,10,0,1,Casual Browsers
U07025,23,iOS,31,17.1,131,37,11,2,10,0,0,Power Users
U07026,65,iOS,17,5.5,34,4,0,35,8,0,1,Casual Browsers
U07027,29,Web,14,2.4,39,6,0,31,3,1,3,At-Risk/Dormant
U07028,64,iOS,31,5.8,80,22,2,11,10,0,2,Steady Engagers
U07029,39,Android,33,16.6,110,28,3,11,11,0,0,Power Users
U07030,62,iOS,20,9.4,51,14,2,21,7,0,1,Casual Browsers
U07031,60,Android,21,10.0,63,20,4,30,5,0,1,Casual Browsers
U07032,54,iOS,21,10.6,42,7,2,23,8,0,1,Casual Browsers
U07033,61,iOS,16,5.6,44,7,0,36,4,0,3,At-Risk/Dormant
U07034,47,Android,17,9.3,34,1,0,27,3,0,1,Casual Browsers
U07035,58,Android,20,13.2,62,18,2,15,12,0,2,Steady Engagers
U07036,26,Web,22,9.3,59,18,4,17,8,0,2,Steady Engagers
U07037,21,iOS,26,12.8,65,16,3,18,8,0,2,Steady Engagers
U07038,44,iOS,33,16.0,109,25,3,6,11,0,0,Power Users
U07039,56,iOS,20,11.5,58,10,0,19,9,0,1,Casual Browsers
U07040,54,iOS,8,7.2,25,2,2,42,3,0,3,At-Risk/Dormant
U07041,43,Android,9,5.9,26,1,0,29,8,0,3,At-Risk/Dormant
U07042,43,Web,28,14.4,111,27,5,7,13,0,0,Power Users
U07043,47,Web,7,6.1,9,1,0,39,1,1,3,At-Risk/Dormant
U07044,59,Android,12,5.3,35,4,0,28,4,0,3,At-Risk/Dormant
U07045,58,Android,28,11.2,97,28,1,10,12,0,2,Steady Engagers
U07046,23,iOS,19,11.2,47,10,1,23,10,0,1,Casual Browsers
U07047,46,iOS,33,14.9,118,26,7,6,9,0,0,Power Users
U07048,36,Android,24,11.6,66,12,3,18,10,0,2,Steady Engagers
U07049,56,iOS,9,1.2,15,0,0,35,4,0,3,At-Risk/Dormant
U07050,42,iOS,16,9.9,31,9,2,26,6,1,1,Casual Browsers
U07051,65,iOS,4,8.1,9,1,0,33,3,0,3,At-Risk/Dormant
U07052,38,Android,15,5.7,22,4,0,27,3,0,3,At-Risk/Dormant
U07053,50,Android,13,4.9,32,6,0,29,6,1,3,At-Risk/Dormant
U07054,23,Android,10,8.0,19,1,0,36,4,1,3,At-Risk/Dormant
U07055,62,Web,23,17.3,78,21,5,14,7,0,2,Steady Engagers
U07056,25,iOS,14,7.2,27,4,1,26,7,0,1,Casual Browsers
U07057,36,Android,37,16.4,136,43,8,0,11,0,0,Power Users
U07058,58,Web,16,4.1,29,4,1,32,4,1,3,At-Risk/Dormant
U07059,64,Android,30,15.0,101,25,3,12,9,0,2,Steady Engagers
U07060,41,iOS,11,2.4,23,1,0,42,0,0,3,At-Risk/Dormant
U07061,41,Android,9,1.1,10,0,0,46,2,0,3,At-Risk/Dormant
U07062,20,iOS,14,5.5,39,7,0,24,5,0,1,Casual Browsers
U07063,64,iOS,26,14.4,67,13,1,13,9,0,2,Steady Engagers
U07064,18,iOS,34,13.5,113,31,3,3,12,0,0,Power Users
U07065,19,Android,22,18.0,64,16,2,17,6,0,2,Steady Engagers
U07066,40,Android,27,12.1,63,9,1,23,9,0,2,Steady Engagers
U07067,18,Android,16,12.0,34,5,1,23,9,0,1,Casual Browsers
U07068,25,Web,20,3.0,44,0,0,25,10,1,1,Casual Browsers
U07069,48,Android,3,3.4,4,1,0,50,6,0,3,At-Risk/Dormant
U07070,51,iOS,26,7.9,86,24,4,16,10,0,2,Steady Engagers
U07071,32,iOS,40,17.3,136,34,7,0,9,0,0,Power Users
U07072,56,Android,15,6.1,33,6,1,38,8,0,1,Casual Browsers
U07073,47,Android,19,14.3,50,10,1,30,11,0,1,Casual Browsers
U07074,28,Android,10,4.0,15,3,0,31,4,0,3,At-Risk/Dormant
U07075,52,iOS,21,11.9,56,14,4,17,5,0,2,Steady Engagers
U07076,46,Web,18,10.4,44,9,0,19,10,0,1,Casual Browsers
U07077,56,Android,24,12.2,66,23,4,14,11,0,2,Steady Engagers
U07078,25,Web,25,16.1,80,18,3,9,13,0,2,Steady Engagers
U07079,29,Android,15,10.4,31,5,0,27,3,0,1,Casual Browsers
U07080,32,Android,15,9.9,41,1,0,35,9,0,1,Casual Browsers
U07081,34,Web,19,9.8,46,6,1,32,9,0,1,Casual Browsers
U07082,60,Web,19,8.7,44,11,0,25,8,0,1,Casual Browsers
U07083,53,Android,22,7.2,57,14,2,23,7,0,1,Casual Browsers
U07084,44,iOS,23,9.1,53,10,1,20,9,0,1,Casual Browsers
U07085,43,Web,6,0.5,10,0,0,47,0,1,3,At-Risk/Dormant
U07086,60,iOS,10,5.2,10,1,0,35,1,0,3,At-Risk/Dormant
U07087,39,iOS,18,9.8,47,10,2,26,4,0,1,Casual Browsers
U07088,28,Android,16,3.2,35,5,0,29,5,0,3,At-Risk/Dormant
U07089,24,Android,31,19.0,99,28,7,0,12,0,0,Power Users
U07090,33,iOS,21,11.2,64,9,3,16,13,0,2,Steady Engagers
U07091,49,iOS,24,13.3,94,22,4,7,15,0,2,Steady Engagers
U07092,40,Android,11,8.1,36,3,0,35,5,0,3,At-Risk/Dormant
U07093,38,Android,16,10.7,47,6,0,23,5,0,1,Casual Browsers
U07094,41,Android,27,6.0,69,17,3,26,10,0,2,Steady Engagers
U07095,64,iOS,24,11.8,67,18,1,17,8,0,2,Steady Engagers
U07096,65,Android,5,0.5,9,0,0,43,1,0,3,At-Risk/Dormant
U07097,25,Android,14,4.5,29,7,0,33,3,0,3,At-Risk/Dormant
U07098,23,Android,22,14.7,69,15,1,12,7,0,2,Steady Engagers
U07099,29,Web,36,12.1,128,26,3,8,17,0,0,Power Users
U07100,58,iOS,12,5.2,28,7,0,35,8,0,3,At-Risk/Dormant
U07101,40,Android,35,14.7,115,31,6,7,13,0,0,Power Users
U07102,59,Android,10,3.5,28,5,0,35,6,0,3,At-Risk/Dormant
U07103,49,Android,14,10.4,30,5,2,42,6,0,1,Casual Browsers
U07104,44,iOS,11,8.0,17,2,0,42,5,1,3,At-Risk/Dormant
U07105,31,iOS,32,13.9,129,35,5,0,15,0,0,Power Users
U07106,34,iOS,17,8.2,29,6,1,42,5,1,3,At-Risk/Dormant
U07107,25,iOS,11,9.2,30,2,1,41,6,0,3,At-Risk/Dormant
U07108,42,Android,5,4.3,14,0,0,36,2,1,3,At-Risk/Dormant
U07109,31,Android,23,6.0,53,7,1,27,6,1,1,Casual Browsers
U07110,32,Android,17,5.3,35,7,0,29,8,0,1,Casual Browsers
U07111,19,iOS,23,18.7,89,31,7,20,10,0,0,Power Users
U07112,56,Android,5,12.2,10,1,0,25,8,0,1,Casual Browsers
U07113,63,iOS,21,6.6,41,4,0,25,2,0,1,Casual Browsers
U07114,41,Android,21,16.2,63,20,1,16,12,0,2,Steady Engagers
U07115,43,iOS,19,6.8,47,13,1,24,3,0,1,Casual Browsers
U07116,62,Android,28,14.5,86,21,6,13,14,0,0,Power Users
U07117,42,Android,25,13.9,101,30,5,3,8,0,0,Power Users
U07118,47,iOS,13,5.7,24,3,0,42,3,0,3,At-Risk/Dormant
U07119,38,Android,6,3.0,11,0,0,37,3,0,3,At-Risk/Dormant
U07120,42,Android,22,4.3,48,9,1,27,10,0,1,Casual Browsers
U07121,43,Android,8,7.2,15,3,0,32,11,0,1,Casual Browsers
U07122,52,iOS,35,10.1,106,31,2,14,6,0,2,Steady Engagers
U07123,47,Android,20,12.1,54,11,0,19,9,0,1,Casual Browsers
U07124,42,Web,18,10.3,43,10,1,22,5,0,1,Casual Browsers
U07125,21,Web,9,2.8,10,2,0,62,3,1,3,At-Risk/Dormant
U07126,61,Web,4,1.8,5,0,0,41,1,1,3,At-Risk/Dormant
U07127,60,Android,19,12.9,56,9,2,17,3,0,1,Casual Browsers
U07128,26,iOS,16,12.3,39,7,0,26,8,0,1,Casual Browsers
U07129,32,Android,14,4.0,31,4,1,32,2,0,3,At-Risk/Dormant
U07130,64,Web,15,8.2,43,7,0,32,6,0,1,Casual Browsers
U07131,33,iOS,10,5.1,27,5,1,37,4,1,3,At-Risk/Dormant
U07132,56,Android,8,4.0,7,0,0,41,3,0,3,At-Risk/Dormant
U07133,55,Android,8,4.7,22,4,1,35,5,1,3,At-Risk/Dormant
U07134,59,Web,14,7.0,29,7,1,32,8,0,1,Casual Browsers
U07135,18,Web,13,8.1,21,6,2,29,5,1,1,Casual Browsers
U07136,41,iOS,27,14.6,95,19,5,13,17,0,0,Power Users
U07137,45,iOS,12,4.5,28,5,1,32,5,0,3,At-Risk/Dormant
U07138,58,iOS,18,15.2,63,18,5,25,9,0,2,Steady Engagers
U07139,28,Web,19,8.7,56,16,1,25,5,0,1,Casual Browsers
U07140,32,iOS,36,9.5,123,29,4,16,13,0,0,Power Users
U07141,26,Android,23,12.7,77,21,2,15,10,0,2,Steady Engagers
U07142,54,iOS,2,5.6,8,2,0,45,0,1,3,At-Risk/Dormant
U07143,65,Web,22,14.4,74,14,3,15,7,0,2,Steady Engagers
U07144,24,Android,23,11.1,77,17,2,12,8,0,2,Steady Engagers
U07145,29,Android,18,10.9,45,10,3,27,4,0,1,Casual Browsers
U07146,32,Android,24,15.3,75,16,2,21,9,0,2,Steady Engagers
U07147,60,Android,27,12.7,83,21,4,14,14,0,2,Steady Engagers
U07148,39,iOS,19,9.8,55,10,2,19,4,0,1,Casual Browsers
U07149,31,Android,18,10.0,45,9,0,32,5,0,1,Casual Browsers
U07150,33,iOS,22,12.8,54,10,1,44,8,0,1,Casual Browsers
U07151,46,Android,32,11.7,110,18,3,11,5,0,2,Steady Engagers
U07152,36,Web,12,10.0,21,3,0,29,6,1,1,Casual Browsers
U07153,24,Web,4,10.4,13,2,1,35,3,1,3,At-Risk/Dormant
U07154,57,iOS,11,8.2,35,5,0,30,3,1,3,At-Risk/Dormant
U07155,38,iOS,13,8.2,40,9,2,26,6,0,1,Casual Browsers
U07156,30,Android,10,4.9,13,0,0,36,2,0,3,At-Risk/Dormant
U07157,52,Web,9,5.0,21,3,0,35,6,0,3,At-Risk/Dormant
U07158,53,iOS,19,8.3,66,13,1,35,10,0,1,Casual Browsers
U07159,25,Android,27,8.0,78,20,3,14,9,0,2,Steady Engagers
U07160,21,Web,23,12.0,57,10,0,23,20,0,2,Steady Engagers
U07161,20,Android,12,12.0,25,9,1,29,5,0,1,Casual Browsers
U07162,54,iOS,7,0.5,13,2,0,46,1,0,3,At-Risk/Dormant
U07163,48,Android,15,5.9,29,4,1,27,4,0,1,Casual Browsers
U07164,56,iOS,24,12.7,65,16,4,13,10,0,2,Steady Engagers
U07165,48,Android,14,5.9,18,2,0,34,6,0,3,At-Risk/Dormant
U07166,37,Android,28,11.9,84,22,3,46,14,0,2,Steady Engagers
U07167,46,iOS,31,11.6,99,28,3,18,8,0,2,Steady Engagers
U07168,52,Web,2,1.9,5,0,0,46,2,0,3,At-Risk/Dormant
U07169,37,Android,9,3.5,14,1,0,47,2,0,3,At-Risk/Dormant
U07170,61,iOS,25,14.3,78,21,2,6,12,0,2,Steady Engagers
U07171,61,iOS,14,9.1,30,4,1,30,5,0,1,Casual Browsers
U07172,56,Web,9,2.2,18,1,0,37,4,0,3,At-Risk/Dormant
U07173,65,Android,17,5.3,40,5,0,36,6,1,3,At-Risk/Dormant
U07174,36,iOS,20,6.8,56,10,0,21,11,0,1,Casual Browsers
U07175,23,Web,12,7.8,27,6,2,31,5,0,1,Casual Browsers
U07176,41,Android,22,6.7,72,18,3,28,13,0,2,Steady Engagers
U07177,53,Android,12,4.7,36,6,1,23,8,0,1,Casual Browsers
U07178,55,Web,36,15.7,127,36,6,23,9,0,0,Power Users
U07179,36,Android,14,3.7,34,6,1,51,7,0,3,At-Risk/Dormant
U07180,32,Android,32,7.6,74,12,2,17,9,0,2,Steady Engagers
U07181,39,Android,30,11.8,72,16,3,7,15,0,2,Steady Engagers
U07182,56,Web,20,9.0,43,6,1,34,4,0,1,Casual Browsers
U07183,20,Web,7,14.0,18,3,1,32,9,1,1,Casual Browsers
U07184,33,iOS,11,6.9,27,5,1,27,4,0,3,At-Risk/Dormant
U07185,29,iOS,19,12.0,44,12,2,16,4,0,1,Casual Browsers
U07186,56,Android,34,10.6,106,20,2,7,13,0,2,Steady Engagers
U07187,40,Android,23,15.8,86,17,2,3,8,0,2,Steady Engagers
U07188,22,Android,7,6.4,20,3,0,42,2,1,3,At-Risk/Dormant
U07189,30,Android,7,4.2,18,3,0,41,4,1,3,At-Risk/Dormant
U07190,20,Android,22,16.5,60,13,1,14,12,0,2,Steady Engagers
U07191,40,iOS,26,11.2,70,16,4,10,16,0,2,Steady Engagers
U07192,65,Android,31,12.2,127,39,8,0,14,0,0,Power Users
U07193,45,Android,32,15.2,101,29,5,4,12,0,0,Power Users
U07194,59,Android,12,10.2,51,8,0,23,9,0,1,Casual Browsers
U07195,53,Android,16,8.8,37,8,0,27,12,0,1,Casual Browsers
U07196,60,Android,7,2.8,18,2,1,31,4,0,3,At-Risk/Dormant
U07197,32,Android,36,13.5,125,43,7,9,10,0,0,Power Users
U07198,63,Android,23,9.7,71,11,2,21,7,0,1,Casual Browsers
U07199,29,iOS,19,9.0,48,5,1,23,3,0,1,Casual Browsers
U07200,39,iOS,22,11.8,53,12,1,22,12,0,2,Steady Engagers
U07201,50,Web,6,3.0,10,1,0,35,5,0,3,At-Risk/Dormant
U07202,31,iOS,14,1.4,24,4,0,32,3,0,3,At-Risk/Dormant
U07203,30,iOS,19,12.2,67,16,2,17,11,0,2,Steady Engagers
U07204,24,Web,13,10.4,35,6,0,38,7,0,1,Casual Browsers
U07205,18,iOS,20,5.3,44,7,1,22,6,0,1,Casual Browsers
U07206,42,iOS,24,15.4,63,9,4,20,11,0,2,Steady Engagers
U07207,65,Android,9,5.2,16,0,0,59,4,1,3,At-Risk/Dormant
U07208,28,Android,14,11.5,34,5,0,26,9,0,1,Casual Browsers
U07209,39,Android,15,12.4,43,13,3,30,4,0,1,Casual Browsers
U07210,62,Android,5,2.3,17,3,0,35,5,1,3,At-Risk/Dormant
U07211,55,iOS,9,7.3,17,4,1,32,6,0,3,At-Risk/Dormant
U07212,18,Android,21,14.1,57,11,1,21,6,0,1,Casual Browsers
U07213,42,iOS,21,9.4,64,11,1,18,13,0,2,Steady Engagers
U07214,24,Web,21,14.8,70,14,0,19,8,0,2,Steady Engagers
U07215,29,iOS,28,15.8,89,15,1,11,9,0,2,Steady Engagers
U07216,29,Android,9,4.0,15,0,0,35,5,1,3,At-Risk/Dormant
U07217,47,Android,26,13.0,78,20,5,9,9,0,2,Steady Engagers
U07218,27,Android,18,8.2,53,10,1,18,11,0,1,Casual Browsers
U07219,30,Web,12,2.6,21,5,1,35,3,1,3,At-Risk/Dormant
U07220,28,iOS,32,15.5,99,20,3,6,7,0,2,Steady Engagers
U07221,35,iOS,26,14.7,87,23,3,11,14,0,2,Steady Engagers
U07222,49,iOS,14,8.3,23,6,1,26,7,0,1,Casual Browsers
U07223,37,iOS,29,14.4,86,17,5,16,9,0,2,Steady Engagers
U07224,33,iOS,28,15.8,86,17,3,9,7,0,2,Steady Engagers
U07225,42,Android,22,13.8,66,19,4,13,7,0,2,Steady Engagers
U07226,47,Android,37,13.8,104,20,3,1,12,0,2,Steady Engagers
U07227,18,Android,34,15.0,118,29,4,9,14,0,0,Power Users
U07228,60,iOS,20,11.5,57,10,2,17,4,0,1,Casual Browsers
U07229,61,Web,31,13.4,106,24,3,2,14,0,2,Steady Engagers
U07230,46,iOS,27,16.7,94,22,6,7,18,0,0,Power Users
U07231,45,iOS,22,13.6,102,29,7,3,16,0,0,Power Users
U07232,51,Web,17,9.6,43,9,1,32,10,0,1,Casual Browsers
U07233,39,Android,31,15.4,120,41,7,11,17,0,0,Power Users
U07234,35,Android,5,2.8,11,0,0,37,3,1,3,At-Risk/Dormant
U07235,34,Web,8,7.0,11,1,0,38,6,1,3,At-Risk/Dormant
U07236,25,Web,14,8.5,29,4,0,31,4,0,1,Casual Browsers
U07237,58,iOS,10,4.4,27,5,1,47,3,0,3,At-Risk/Dormant
U07238,33,Android,13,10.1,26,5,0,29,7,0,1,Casual Browsers
U07239,31,Web,18,11.4,40,9,0,27,5,0,1,Casual Browsers
U07240,64,iOS,6,4.1,6,0,1,41,3,1,3,At-Risk/Dormant
U07241,42,iOS,18,8.1,56,7,1,25,5,0,1,Casual Browsers
U07242,47,Android,31,20.2,111,33,3,0,12,0,0,Power Users
U07243,29,iOS,18,7.3,42,9,1,32,5,0,1,Casual Browsers
U07244,31,Web,23,10.0,77,22,4,19,9,0,2,Steady Engagers
U07245,52,Web,32,19.0,126,36,4,7,9,0,0,Power Users
U07246,39,iOS,16,13.5,54,16,3,20,11,0,2,Steady Engagers
U07247,25,iOS,12,4.4,21,5,0,36,4,0,3,At-Risk/Dormant
U07248,58,iOS,25,19.1,91,21,5,9,13,0,0,Power Users
U07249,37,iOS,15,7.5,40,5,1,26,8,0,1,Casual Browsers
U07250,50,Android,12,4.5,32,2,0,35,2,1,3,At-Risk/Dormant
U07251,34,Android,16,13.1,41,6,0,30,11,0,1,Casual Browsers
U07252,44,Android,3,1.5,3,0,0,57,4,1,3,At-Risk/Dormant
U07253,55,iOS,6,4.2,15,3,0,46,8,1,3,At-Risk/Dormant
U07254,60,Android,20,12.9,61,12,3,14,11,0,2,Steady Engagers
U07255,27,Android,13,8.6,22,2,1,36,6,0,3,At-Risk/Dormant
U07256,50,Web,32,13.0,104,24,7,8,13,0,0,Power Users
U07257,61,iOS,23,12.3,60,14,1,22,10,0,2,Steady Engagers
U07258,48,Android,11,5.5,30,5,1,32,4,0,3,At-Risk/Dormant
U07259,24,Android,25,13.8,88,26,4,7,10,0,2,Steady Engagers
U07260,27,iOS,18,6.8,35,5,0,31,7,0,1,Casual Browsers
U07261,27,Android,13,8.3,41,5,1,25,6,0,1,Casual Browsers
U07262,23,iOS,25,15.2,72,18,4,9,8,0,2,Steady Engagers
U07263,54,iOS,30,20.7,89,25,6,5,9,0,0,Power Users
U07264,64,Android,23,15.5,82,28,8,16,22,0,0,Power Users
U07265,42,iOS,38,15.1,119,32,6,3,19,0,0,Power Users
U07266,46,Android,7,9.8,11,1,0,39,4,0,3,At-Risk/Dormant
U07267,55,iOS,12,13.8,28,6,0,26,4,1,1,Casual Browsers
U07268,37,Android,15,7.0,32,6,0,26,4,0,1,Casual Browsers
U07269,40,Android,21,16.6,62,18,7,11,18,0,0,Power Users
U07270,46,Android,31,10.8,89,23,7,5,10,0,0,Power Users
U07271,32,Web,20,7.3,44,9,1,22,7,0,1,Casual Browsers
U07272,20,Android,4,0.5,3,0,0,41,3,0,3,At-Risk/Dormant
U07273,45,Android,14,6.4,23,2,0,40,10,0,3,At-Risk/Dormant
U07274,57,Android,29,21.6,111,31,4,0,13,0,0,Power Users
U07275,21,iOS,29,12.9,82,17,1,22,11,0,2,Steady Engagers
U07276,28,Android,15,5.4,37,4,0,28,3,0,3,At-Risk/Dormant
U07277,30,Web,2,3.1,4,3,0,47,0,1,3,At-Risk/Dormant
U07278,56,iOS,20,3.4,43,6,0,25,5,0,1,Casual Browsers
U07279,42,iOS,9,5.9,19,4,0,55,5,1,3,At-Risk/Dormant
U07280,43,iOS,18,3.3,53,13,2,23,8,0,1,Casual Browsers
U07281,48,Android,19,8.6,51,11,1,31,5,0,1,Casual Browsers
U07282,31,Web,13,2.9,37,5,0,31,4,1,3,At-Risk/Dormant
U07283,52,Web,13,7.9,36,9,3,53,8,1,3,At-Risk/Dormant
U07284,19,Android,16,5.5,29,6,0,31,6,1,1,Casual Browsers
U07285,23,iOS,29,12.3,86,17,1,11,10,0,2,Steady Engagers
U07286,57,Android,25,10.2,59,10,0,16,11,0,2,Steady Engagers
U07287,49,iOS,14,14.6,44,8,1,24,9,0,1,Casual Browsers
U07288,26,iOS,27,20.1,98,42,5,0,14,0,0,Power Users
U07289,39,Web,4,0.5,6,0,0,43,0,1,3,At-Risk/Dormant
U07290,20,Android,27,10.7,102,24,3,7,9,0,2,Steady Engagers
U07291,50,iOS,9,10.1,17,3,0,31,3,1,3,At-Risk/Dormant
U07292,54,iOS,14,7.4,29,5,0,33,5,0,3,At-Risk/Dormant
U07293,31,Android,13,9.8,28,5,0,37,10,0,1,Casual Browsers
U07294,34,iOS,20,13.7,62,11,2,26,9,0,1,Casual Browsers
U07295,29,iOS,29,10.5,76,17,2,12,10,0,2,Steady Engagers
U07296,36,iOS,32,14.0,81,17,2,7,10,0,2,Steady Engagers
U07297,31,Web,10,2.1,17,2,1,39,6,0,3,At-Risk/Dormant
U07298,29,Android,16,13.0,44,13,2,22,12,0,1,Casual Browsers
U07299,38,Android,8,6.0,17,2,0,42,5,1,3,At-Risk/Dormant
U07300,59,Android,3,5.0,2,0,0,43,2,1,3,At-Risk/Dormant
U07301,54,Android,19,7.8,51,11,2,30,6,0,1,Casual Browsers
U07302,32,iOS,25,12.6,61,15,1,9,12,0,2,Steady Engagers
U07303,63,Web,24,8.4,60,14,3,18,8,0,2,Steady Engagers
U07304,28,Android,36,21.6,140,37,7,0,16,0,0,Power Users
U07305,61,iOS,21,12.3,77,20,2,16,12,0,2,Steady Engagers
U07306,32,Android,6,5.4,11,0,0,35,3,0,3,At-Risk/Dormant
U07307,43,Android,16,7.1,45,10,2,28,6,0,1,Casual Browsers
U07308,27,Web,13,6.9,15,3,0,44,6,1,3,At-Risk/Dormant
U07309,54,iOS,18,14.8,50,7,0,28,3,0,1,Casual Browsers
U07310,33,Android,13,11.8,23,2,0,37,1,0,3,At-Risk/Dormant
U07311,59,Web,8,6.4,13,0,0,36,7,0,3,At-Risk/Dormant
U07312,21,iOS,28,10.2,92,26,4,10,16,0,2,Steady Engagers
U07313,42,Android,8,5.3,17,0,0,30,5,0,3,At-Risk/Dormant
U07314,25,iOS,5,6.0,12,1,0,34,6,0,3,At-Risk/Dormant
U07315,60,iOS,22,8.8,72,19,8,8,7,0,2,Steady Engagers
U07316,38,Android,11,3.7,29,3,0,37,2,0,3,At-Risk/Dormant
U07317,50,Web,27,17.7,116,32,6,8,10,0,0,Power Users
U07318,60,iOS,33,10.1,126,34,3,4,9,0,0,Power Users
U07319,43,iOS,11,8.6,37,8,1,28,1,0,3,At-Risk/Dormant
U07320,20,Web,29,9.9,68,12,2,21,14,0,2,Steady Engagers
U07321,28,iOS,12,6.0,34,1,0,28,3,0,3,At-Risk/Dormant
U07322,28,Android,10,8.2,24,2,0,33,6,0,3,At-Risk/Dormant
U07323,61,Android,12,11.5,31,5,0,28,8,1,1,Casual Browsers
U07324,61,Android,16,9.4,43,5,2,24,12,0,1,Casual Browsers
U07325,40,Android,21,13.4,63,16,3,21,7,0,2,Steady Engagers
U07326,60,Android,19,7.5,53,7,1,26,5,0,1,Casual Browsers
U07327,29,iOS,32,8.6,90,20,3,26,14,0,2,Steady Engagers
U07328,50,Android,5,5.7,8,1,1,45,4,0,3,At-Risk/Dormant
U07329,36,Android,19,11.6,49,9,3,26,7,0,1,Casual Browsers
U07330,29,iOS,25,12.5,82,23,4,16,10,0,2,Steady Engagers
U07331,30,Android,10,4.3,28,7,0,30,6,1,3,At-Risk/Dormant
U07332,38,iOS,27,9.7,65,17,1,10,14,0,2,Steady Engagers
U07333,34,iOS,27,17.4,99,22,7,3,8,0,0,Power Users
U07334,28,Android,25,17.6,94,21,5,2,10,0,0,Power Users
U07335,34,Android,22,10.1,68,14,0,23,8,0,1,Casual Browsers
U07336,24,iOS,27,9.4,80,22,3,10,7,0,2,Steady Engagers
U07337,64,Android,19,8.7,52,15,1,27,11,0,1,Casual Browsers
U07338,36,iOS,13,7.1,21,1,0,33,1,0,3,At-Risk/Dormant
U07339,23,iOS,7,7.9,14,2,0,38,3,0,3,At-Risk/Dormant
U07340,45,iOS,15,7.3,28,4,0,36,4,1,3,At-Risk/Dormant
U07341,60,Android,25,16.8,72,15,1,13,12,0,2,Steady Engagers
U07342,35,Web,17,5.4,38,6,0,34,6,0,1,Casual Browsers
U07343,58,Android,10,1.5,26,1,1,36,3,1,3,At-Risk/Dormant
U07344,47,Web,9,8.5,20,1,0,33,2,0,3,At-Risk/Dormant
U07345,53,Web,10,8.6,22,5,1,25,4,0,1,Casual Browsers
U07346,32,Android,22,10.9,64,13,0,27,12,0,1,Casual Browsers
U07347,19,Android,12,4.8,32,6,1,28,7,0,1,Casual Browsers
U07348,34,Android,34,16.2,116,30,7,4,14,0,0,Power Users
U07349,62,Web,11,7.4,21,4,0,31,7,1,3,At-Risk/Dormant
U07350,55,Android,16,8.9,41,9,1,23,10,0,1,Casual Browsers
U07351,55,Web,24,14.7,78,13,3,16,13,0,2,Steady Engagers
U07352,60,iOS,6,5.6,9,0,0,39,1,1,3,At-Risk/Dormant
U07353,35,iOS,13,9.5,26,4,0,30,5,0,1,Casual Browsers
U07354,33,iOS,21,12.3,54,12,2,24,15,0,2,Steady Engagers
U07355,62,Android,27,15.9,81,23,1,38,14,0,2,Steady Engagers
U07356,45,Android,6,1.5,10,4,0,40,4,1,3,At-Risk/Dormant
U07357,32,Web,14,8.8,35,5,1,30,6,1,1,Casual Browsers
U07358,31,Android,11,5.3,24,2,0,39,3,1,3,At-Risk/Dormant
U07359,60,Web,37,15.1,150,36,6,8,9,0,0,Power Users
U07360,20,Web,7,1.5,12,0,0,44,2,0,3,At-Risk/Dormant
U07361,20,Android,17,11.9,51,7,2,21,9,0,1,Casual Browsers
U07362,53,iOS,22,19.1,70,18,2,7,7,0,2,Steady Engagers
U07363,18,Android,15,14.4,42,10,2,33,13,0,1,Casual Browsers
U07364,26,iOS,30,18.9,99,16,2,0,11,0,2,Steady Engagers
U07365,65,Web,17,8.8,35,3,1,30,18,0,1,Casual Browsers
U07366,38,Web,20,17.9,77,18,1,21,16,0,2,Steady Engagers
U07367,52,Web,25,11.1,75,13,3,16,12,0,2,Steady Engagers
U07368,41,Android,27,10.7,80,30,2,13,6,0,2,Steady Engagers
U07369,22,iOS,21,8.6,62,12,3,17,10,0,2,Steady Engagers
U07370,26,Android,13,15.6,30,7,0,16,5,0,1,Casual Browsers
U07371,54,Web,16,9.7,43,10,0,29,2,0,1,Casual Browsers
U07372,22,Android,39,17.9,122,26,4,4,13,0,0,Power Users
U07373,46,Android,16,7.7,30,7,0,27,6,0,1,Casual Browsers
U07374,34,Android,7,2.1,15,1,0,37,5,1,3,At-Risk/Dormant
U07375,35,Android,32,11.0,119,33,6,5,10,0,0,Power Users
U07376,63,Android,14,8.8,29,12,4,22,13,0,1,Casual Browsers
U07377,47,Android,12,4.4,33,7,0,25,1,0,3,At-Risk/Dormant
U07378,47,Web,6,10.6,13,2,1,39,3,0,3,At-Risk/Dormant
U07379,34,iOS,22,7.3,56,11,0,23,12,0,1,Casual Browsers
U07380,36,Android,24,10.3,72,13,2,18,7,0,2,Steady Engagers
U07381,50,iOS,26,12.2,89,24,4,10,14,0,2,Steady Engagers
U07382,19,Android,27,10.5,86,27,0,6,17,0,2,Steady Engagers
U07383,29,iOS,11,1.9,38,1,0,33,6,0,3,At-Risk/Dormant
U07384,46,Android,21,15.0,70,11,0,16,9,0,2,Steady Engagers
U07385,47,iOS,7,8.7,18,5,0,42,3,0,3,At-Risk/Dormant
U07386,22,Android,16,11.2,40,11,1,28,9,0,1,Casual Browsers
U07387,55,Android,29,12.2,84,20,2,16,7,0,2,Steady Engagers
U07388,44,iOS,13,4.5,33,2,0,29,11,0,1,Casual Browsers
U07389,29,iOS,35,22.4,138,51,11,0,17,0,0,Power Users
U07390,54,iOS,11,4.1,22,3,0,40,6,1,3,At-Risk/Dormant
U07391,65,Android,14,8.0,31,2,0,29,7,0,1,Casual Browsers
U07392,38,iOS,20,12.6,59,10,2,23,6,0,1,Casual Browsers
U07393,31,iOS,27,14.5,91,25,4,13,11,0,2,Steady Engagers
U07394,32,Android,6,5.8,11,1,0,43,3,1,3,At-Risk/Dormant
U07395,46,Android,23,9.1,47,7,1,27,6,0,1,Casual Browsers
U07396,20,Android,32,15.0,92,20,2,23,16,0,2,Steady Engagers
U07397,41,Android,20,11.2,59,14,4,14,13,0,2,Steady Engagers
U07398,19,Android,7,9.9,22,2,0,45,4,1,3,At-Risk/Dormant
U07399,19,Android,23,15.9,82,17,4,23,13,0,2,Steady Engagers
U07400,38,iOS,35,14.0,129,40,6,2,15,0,0,Power Users
U07401,53,iOS,28,14.0,100,23,5,21,6,0,2,Steady Engagers
U07402,60,iOS,13,3.0,37,9,0,29,3,0,3,At-Risk/Dormant
U07403,22,iOS,34,15.3,122,43,9,0,20,0,0,Power Users
U07404,29,Android,10,4.9,22,1,0,37,2,0,3,At-Risk/Dormant
U07405,38,Web,16,11.9,54,12,4,33,9,1,1,Casual Browsers
U07406,45,iOS,7,4.4,16,5,0,40,6,1,3,At-Risk/Dormant
U07407,65,iOS,19,6.8,33,3,0,31,5,0,1,Casual Browsers
U07408,50,Android,21,8.3,45,10,0,23,9,0,1,Casual Browsers
U07409,43,iOS,16,5.7,49,13,2,25,7,0,1,Casual Browsers
U07410,20,iOS,13,3.5,42,8,1,28,5,0,3,At-Risk/Dormant
U07411,21,iOS,20,9.4,64,16,5,18,6,0,2,Steady Engagers
U07412,25,iOS,16,6.0,32,10,0,24,6,0,1,Casual Browsers
U07413,49,Web,19,11.0,57,11,2,15,12,0,2,Steady Engagers
U07414,33,Web,19,14.4,56,6,0,17,7,0,1,Casual Browsers
U07415,29,iOS,7,4.2,8,1,0,39,1,0,3,At-Risk/Dormant
U07416,50,Web,8,1.8,25,2,0,36,3,1,3,At-Risk/Dormant
U07417,57,Web,21,11.0,82,16,1,23,7,0,2,Steady Engagers
U07418,39,Android,36,16.2,117,29,8,10,15,0,0,Power Users
U07419,60,iOS,25,11.6,88,23,1,20,9,0,2,Steady Engagers
U07420,53,Android,6,10.0,14,4,2,37,5,0,3,At-Risk/Dormant
U07421,52,Android,12,11.0,30,4,1,24,5,0,1,Casual Browsers
U07422,59,Android,10,5.9,21,2,0,39,3,0,3,At-Risk/Dormant
U07423,26,iOS,33,16.7,125,34,3,4,21,0,0,Power Users
U07424,54,Android,11,5.3,26,5,0,33,5,0,3,At-Risk/Dormant
U07425,63,Android,18,10.1,47,5,1,26,4,0,1,Casual Browsers
U07426,65,Android,13,1.7,34,4,0,31,3,0,3,At-Risk/Dormant
U07427,45,iOS,12,9.6,25,4,0,31,7,1,1,Casual Browsers
U07428,54,Web,14,4.0,41,4,0,27,4,0,3,At-Risk/Dormant
U07429,60,Web,11,5.1,23,2,0,30,7,1,3,At-Risk/Dormant
U07430,58,Android,12,12.1,29,5,1,37,7,0,1,Casual Browsers
U07431,61,Android,8,4.0,19,2,0,42,5,1,3,At-Risk/Dormant
U07432,57,Web,7,5.2,16,1,0,36,0,0,3,At-Risk/Dormant
U07433,36,Android,27,13.1,77,12,2,13,10,0,2,Steady Engagers
U07434,53,Web,6,9.8,11,3,0,25,1,1,3,At-Risk/Dormant
U07435,37,iOS,9,4.6,22,4,0,33,2,0,3,At-Risk/Dormant
U07436,56,iOS,16,11.9,44,6,1,29,6,0,1,Casual Browsers
U07437,56,Android,17,10.2,70,10,0,23,12,0,1,Casual Browsers
U07438,62,Android,14,2.4,32,4,0,29,3,0,3,At-Risk/Dormant
U07439,46,iOS,19,5.2,55,8,0,45,6,0,3,At-Risk/Dormant
U07440,40,Android,7,5.4,16,4,0,37,7,1,3,At-Risk/Dormant
U07441,25,Web,14,10.6,35,9,0,29,9,0,1,Casual Browsers
U07442,48,iOS,8,6.4,11,1,0,34,2,0,3,At-Risk/Dormant
U07443,45,Android,26,14.9,93,27,3,5,12,0,2,Steady Engagers
U07444,42,Android,12,5.2,33,3,0,41,3,0,3,At-Risk/Dormant
U07445,50,iOS,15,7.0,37,9,0,29,6,0,1,Casual Browsers
U07446,58,Android,17,9.9,53,8,1,38,9,0,1,Casual Browsers
U07447,25,iOS,14,5.5,31,7,0,25,8,0,1,Casual Browsers
U07448,38,iOS,16,6.6,32,4,0,28,3,0,3,At-Risk/Dormant
U07449,52,Web,19,13.6,51,10,2,17,6,0,1,Casual Browsers
U07450,57,Android,10,4.2,26,4,0,38,2,0,3,At-Risk/Dormant
U07451,55,Android,22,6.7,52,5,1,20,11,0,1,Casual Browsers
U07452,56,Web,16,4.6,38,9,0,34,3,0,3,At-Risk/Dormant
U07453,59,iOS,16,13.1,45,9,1,22,8,0,1,Casual Browsers
U07454,64,iOS,16,10.2,45,10,0,20,7,0,1,Casual Browsers
U07455,47,iOS,5,1.1,13,1,0,43,3,1,3,At-Risk/Dormant
U07456,29,Web,8,2.4,9,2,0,40,2,1,3,At-Risk/Dormant
U07457,45,Android,23,4.1,57,8,0,25,6,0,1,Casual Browsers
U07458,52,Android,12,4.5,39,5,1,35,5,1,3,At-Risk/Dormant
U07459,22,iOS,29,16.0,98,31,1,2,12,0,2,Steady Engagers
U07460,54,Android,32,9.7,94,26,2,15,10,0,2,Steady Engagers
U07461,44,Web,15,4.3,39,8,0,26,5,0,1,Casual Browsers
U07462,62,Android,20,14.4,61,10,2,17,10,0,2,Steady Engagers
U07463,28,Android,33,16.2,123,31,7,6,6,0,0,Power Users
U07464,61,Android,12,9.3,44,7,2,24,8,0,1,Casual Browsers
U07465,39,Web,10,5.8,16,3,0,38,2,0,3,At-Risk/Dormant
U07466,45,iOS,41,13.4,151,40,10,0,24,0,0,Power Users
U07467,49,Android,9,3.3,26,4,1,34,3,0,3,At-Risk/Dormant
U07468,45,Android,1,2.4,3,0,0,47,2,1,3,At-Risk/Dormant
U07469,61,Android,23,5.3,73,22,3,8,10,0,2,Steady Engagers
U07470,26,Android,42,24.2,166,59,11,0,23,0,0,Power Users
U07471,53,iOS,20,9.7,44,2,0,24,7,0,1,Casual Browsers
U07472,64,Android,21,8.8,50,12,1,25,3,0,1,Casual Browsers
U07473,28,Android,21,11.7,52,12,3,23,9,0,2,Steady Engagers
U07474,30,Android,24,13.9,78,11,3,14,6,0,2,Steady Engagers
U07475,40,iOS,21,13.1,61,17,0,17,9,0,2,Steady Engagers
U07476,52,iOS,11,8.9,27,6,1,30,4,0,1,Casual Browsers
U07477,64,iOS,31,19.2,112,26,5,7,15,0,0,Power Users
U07478,56,iOS,22,12.6,47,3,1,42,4,0,1,Casual Browsers
U07479,56,Web,7,0.5,10,2,0,42,2,1,3,At-Risk/Dormant
U07480,39,iOS,24,13.8,86,24,3,1,13,0,2,Steady Engagers
U07481,48,Web,9,2.0,19,5,0,41,2,1,3,At-Risk/Dormant
U07482,28,iOS,26,11.4,73,18,3,16,12,0,2,Steady Engagers
U07483,40,Android,35,12.3,126,40,6,3,17,0,0,Power Users
U07484,27,Web,12,1.8,32,5,0,45,2,1,3,At-Risk/Dormant
U07485,19,iOS,27,16.1,94,21,4,14,9,0,2,Steady Engagers
U07486,59,iOS,38,12.4,124,29,5,4,11,0,0,Power Users
U07487,56,Android,21,11.9,59,8,2,12,9,0,2,Steady Engagers
U07488,42,Android,16,10.0,39,5,0,32,9,0,1,Casual Browsers
U07489,18,Web,11,9.9,28,3,1,38,6,0,3,At-Risk/Dormant
U07490,22,Android,27,10.5,84,14,1,17,11,0,2,Steady Engagers
U07491,23,Android,15,5.5,30,4,0,27,5,0,1,Casual Browsers
U07492,52,Android,16,7.7,30,5,0,27,4,0,1,Casual Browsers
U07493,27,iOS,22,8.9,58,11,0,15,12,0,1,Casual Browsers
U07494,30,Web,8,4.2,20,1,0,53,2,1,3,At-Risk/Dormant
U07495,59,iOS,13,5.2,33,5,0,32,7,0,3,At-Risk/Dormant
U07496,60,Web,18,10.5,46,10,0,19,10,0,1,Casual Browsers
U07497,54,iOS,37,10.7,107,25,2,11,7,0,2,Steady Engagers
U07498,32,Android,26,12.4,89,19,3,17,14,0,2,Steady Engagers
U07499,45,Android,5,0.5,13,0,0,49,2,1,3,At-Risk/Dormant
U07500,27,Android,19,14.8,57,16,0,42,14,0,1,Casual Browsers
U07501,59,iOS,24,7.9,70,12,1,19,10,0,2,Steady Engagers
U07502,22,Android,25,14.5,77,16,1,18,10,0,2,Steady Engagers
U07503,53,Android,11,3.8,26,5,0,37,5,0,3,At-Risk/Dormant
U07504,42,Web,36,14.9,119,37,3,9,15,0,0,Power Users
U07505,54,iOS,9,9.2,21,3,0,23,7,0,1,Casual Browsers
U07506,39,Android,22,9.6,54,11,3,17,8,0,2,Steady Engagers
U07507,25,iOS,9,4.4,11,0,0,39,7,1,3,At-Risk/Dormant
U07508,54,iOS,16,9.0,46,8,2,25,6,0,1,Casual Browsers
U07509,48,Web,5,1.5,10,3,0,37,4,0,3,At-Risk/Dormant
U07510,40,iOS,35,14.0,130,33,7,6,15,0,0,Power Users
U07511,35,Android,29,14.3,110,30,7,4,19,0,0,Power Users
U07512,34,Android,7,8.4,10,2,0,33,6,0,3,At-Risk/Dormant
U07513,41,Android,17,7.7,47,6,0,27,4,0,1,Casual Browsers
U07514,30,iOS,12,9.1,22,2,1,26,6,0,1,Casual Browsers
U07515,31,iOS,15,11.0,47,9,0,22,10,0,1,Casual Browsers
U07516,31,iOS,13,2.7,32,3,0,28,5,0,3,At-Risk/Dormant
U07517,18,iOS,6,7.8,9,0,0,42,5,0,3,At-Risk/Dormant
U07518,62,Android,17,11.4,41,8,1,20,10,0,1,Casual Browsers
U07519,29,Android,15,9.0,35,5,0,36,4,0,1,Casual Browsers
U07520,25,Android,30,16.9,84,21,7,24,9,0,0,Power Users
U07521,25,Android,14,4.8,28,3,1,32,3,0,3,At-Risk/Dormant
U07522,65,iOS,9,9.5,28,3,0,42,6,1,3,At-Risk/Dormant
U07523,40,Web,15,9.5,40,9,1,25,4,0,1,Casual Browsers
U07524,33,Android,18,7.1,43,7,0,22,5,0,1,Casual Browsers
U07525,37,iOS,20,9.1,47,8,0,27,10,0,1,Casual Browsers
U07526,22,Android,40,17.4,132,26,7,1,9,0,0,Power Users
U07527,33,iOS,12,2.3,33,2,0,40,6,0,3,At-Risk/Dormant
U07528,29,Android,20,3.8,48,12,0,24,10,0,1,Casual Browsers
U07529,56,iOS,20,10.2,55,12,2,20,7,0,1,Casual Browsers
U07530,20,Android,17,17.0,53,6,0,15,16,0,2,Steady Engagers
U07531,38,Android,24,12.8,75,21,5,21,9,0,2,Steady Engagers
U07532,55,iOS,20,11.1,59,7,2,25,1,0,1,Casual Browsers
U07533,58,Android,19,11.3,48,11,2,29,7,0,1,Casual Browsers
U07534,42,iOS,16,10.4,38,12,0,31,7,0,1,Casual Browsers
U07535,28,Android,15,13.6,48,16,3,9,15,0,2,Steady Engagers
U07536,34,Web,12,4.1,28,9,0,33,3,0,3,At-Risk/Dormant
U07537,28,Android,32,14.0,90,25,2,22,8,0,2,Steady Engagers
U07538,49,iOS,12,2.9,30,3,1,36,3,0,3,At-Risk/Dormant
U07539,32,Web,7,5.2,16,1,1,42,2,0,3,At-Risk/Dormant
U07540,48,iOS,18,5.5,42,8,0,30,4,0,1,Casual Browsers
U07541,49,Android,31,12.4,84,16,1,11,11,0,2,Steady Engagers
U07542,63,iOS,16,7.7,27,4,0,32,8,0,1,Casual Browsers
U07543,35,Android,10,2.9,16,2,0,35,4,0,3,At-Risk/Dormant
U07544,64,iOS,15,6.5,33,6,0,26,5,0,1,Casual Browsers
U07545,37,Android,10,7.3,28,4,0,32,3,0,3,At-Risk/Dormant
U07546,50,iOS,16,7.7,49,8,2,36,13,0,1,Casual Browsers
U07547,49,Web,16,4.7,39,8,2,26,7,0,1,Casual Browsers
U07548,57,Android,27,9.5,95,29,4,15,7,0,2,Steady Engagers
U07549,40,Android,24,12.8,80,25,3,21,8,0,2,Steady Engagers
U07550,56,Android,13,2.4,29,2,0,29,3,0,3,At-Risk/Dormant
U07551,35,iOS,4,0.8,11,2,0,43,1,1,3,At-Risk/Dormant
U07552,41,Android,16,1.6,32,3,0,27,5,0,3,At-Risk/Dormant
U07553,41,iOS,20,7.5,83,15,1,15,11,0,2,Steady Engagers
U07554,51,iOS,16,7.6,37,4,0,24,2,0,1,Casual Browsers
U07555,47,Web,10,5.8,13,0,0,39,5,0,3,At-Risk/Dormant
U07556,21,Android,21,9.1,61,12,1,31,12,0,1,Casual Browsers
U07557,56,Android,19,12.1,48,9,0,15,7,0,1,Casual Browsers
U07558,54,Android,29,11.9,94,21,5,8,14,0,2,Steady Engagers
U07559,23,iOS,29,15.4,90,20,3,11,10,0,2,Steady Engagers
U07560,64,Android,24,8.2,85,17,1,22,10,0,2,Steady Engagers
U07561,49,Android,20,3.2,35,4,0,26,12,0,1,Casual Browsers
U07562,22,Android,19,16.0,63,10,0,18,5,0,1,Casual Browsers
U07563,41,iOS,28,9.6,73,13,1,16,9,0,2,Steady Engagers
U07564,58,Web,30,11.5,77,19,2,11,11,0,2,Steady Engagers
U07565,31,Android,35,15.6,114,21,5,10,12,0,0,Power Users
U07566,62,Android,18,7.0,53,13,3,22,6,0,1,Casual Browsers
U07567,38,Android,17,15.5,44,16,1,18,7,0,1,Casual Browsers
U07568,28,Android,10,4.2,11,1,0,41,3,1,3,At-Risk/Dormant
U07569,35,Web,10,4.7,16,1,0,56,1,1,3,At-Risk/Dormant
U07570,43,iOS,24,13.5,77,14,1,11,10,0,2,Steady Engagers
U07571,51,iOS,26,12.0,92,22,2,25,14,0,2,Steady Engagers
U07572,62,Web,9,8.7,19,5,1,34,1,0,3,At-Risk/Dormant
U07573,27,iOS,11,7.3,27,2,0,39,5,1,3,At-Risk/Dormant
U07574,64,Android,9,0.5,12,0,0,49,4,0,3,At-Risk/Dormant
U07575,43,iOS,40,14.8,158,43,8,6,10,0,0,Power Users
U07576,24,Android,19,13.4,56,11,1,15,4,0,1,Casual Browsers
U07577,62,Android,9,0.5,20,1,0,36,4,1,3,At-Risk/Dormant
U07578,34,Web,17,6.9,52,13,2,24,8,0,1,Casual Browsers
U07579,47,Android,18,9.1,31,6,0,28,2,0,1,Casual Browsers
U07580,51,iOS,4,5.0,10,1,0,52,2,1,3,At-Risk/Dormant
U07581,18,Android,20,7.8,66,21,1,33,12,0,1,Casual Browsers
U07582,28,Android,38,20.4,165,55,6,0,16,0,0,Power Users
U07583,50,iOS,31,19.3,89,23,3,7,12,0,2,Steady Engagers
U07584,33,iOS,25,10.3,77,28,4,23,14,0,2,Steady Engagers
U07585,18,iOS,11,3.2,32,4,0,33,5,0,3,At-Risk/Dormant
U07586,19,Android,17,13.0,45,13,0,45,8,0,1,Casual Browsers
U07587,57,Android,51,18.3,169,37,6,0,12,0,0,Power Users
U07588,25,iOS,28,10.4,99,17,1,14,8,0,2,Steady Engagers
U07589,22,iOS,9,6.2,20,3,1,36,6,0,3,At-Risk/Dormant
U07590,44,iOS,38,16.7,122,35,6,2,9,0,0,Power Users
U07591,23,iOS,23,15.8,77,15,2,10,16,0,2,Steady Engagers
U07592,49,Web,5,5.6,8,2,0,39,3,1,3,At-Risk/Dormant
U07593,44,iOS,15,7.3,51,12,1,30,18,0,1,Casual Browsers
U07594,49,Android,21,14.5,70,20,0,10,14,0,2,Steady Engagers
U07595,41,iOS,14,13.1,36,5,1,29,6,1,1,Casual Browsers
U07596,55,iOS,37,17.6,122,33,9,1,10,0,0,Power Users
U07597,48,Web,26,17.3,70,13,5,11,16,0,2,Steady Engagers
U07598,37,Android,20,10.3,52,11,1,22,7,0,1,Casual Browsers
U07599,18,iOS,21,9.5,65,6,1,16,8,0,1,Casual Browsers
U07600,31,Android,7,1.4,18,2,0,40,2,0,3,At-Risk/Dormant
U07601,24,iOS,20,6.8,45,6,0,24,5,0,1,Casual Browsers
U07602,18,Web,10,7.1,27,4,0,38,4,0,3,At-Risk/Dormant
U07603,31,Web,19,7.3,46,7,1,36,6,0,1,Casual Browsers
U07604,27,Android,28,7.6,87,16,3,26,5,0,2,Steady Engagers
U07605,21,Android,13,3.4,27,3,0,33,3,0,3,At-Risk/Dormant
U07606,32,iOS,4,11.0,12,4,0,40,5,1,3,At-Risk/Dormant
U07607,42,iOS,14,7.9,36,8,0,38,9,0,1,Casual Browsers
U07608,26,Web,17,8.0,39,9,1,29,3,0,1,Casual Browsers
U07609,31,Android,15,10.5,40,6,2,24,8,0,1,Casual Browsers
U07610,18,Web,22,12.0,53,15,4,13,6,0,2,Steady Engagers
U07611,20,iOS,18,1.2,54,10,1,35,4,0,3,At-Risk/Dormant
U07612,25,Android,25,8.3,68,10,0,19,18,0,2,Steady Engagers
U07613,39,Android,21,7.1,45,8,0,24,8,0,1,Casual Browsers
U07614,49,iOS,21,6.1,45,9,0,24,8,0,1,Casual Browsers
U07615,55,Android,32,18.4,95,22,3,7,16,0,0,Power Users
U07616,48,iOS,33,13.6,99,23,2,11,10,0,2,Steady Engagers
U07617,47,iOS,18,11.4,47,7,0,26,5,0,1,Casual Browsers
U07618,62,iOS,9,7.0,31,8,1,27,8,0,1,Casual Browsers
U07619,30,Android,13,8.7,33,8,1,26,5,0,1,Casual Browsers
U07620,56,Web,6,6.6,10,0,0,39,0,1,3,At-Risk/Dormant
U07621,62,iOS,35,8.9,111,30,3,7,14,0,0,Power Users
U07622,45,iOS,27,17.6,75,17,3,11,5,0,2,Steady Engagers
U07623,58,iOS,9,10.8,17,2,0,29,6,0,1,Casual Browsers
U07624,24,iOS,13,8.0,36,4,1,30,7,0,1,Casual Browsers
U07625,60,Web,16,7.1,48,6,1,28,5,0,1,Casual Browsers
U07626,45,iOS,16,4.6,47,12,2,25,5,0,1,Casual Browsers
U07627,28,iOS,18,13.1,42,12,1,16,10,0,1,Casual Browsers
U07628,20,Android,11,9.1,22,0,0,35,5,0,3,At-Risk/Dormant
U07629,52,Android,26,14.1,79,12,4,17,8,0,2,Steady Engagers
U07630,38,iOS,18,10.9,51,6,1,23,8,0,1,Casual Browsers
U07631,32,Android,36,16.6,114,26,3,2,7,0,0,Power Users
U07632,36,iOS,12,8.4,35,2,0,33,8,0,1,Casual Browsers
U07633,65,Web,13,9.3,33,7,0,25,7,0,1,Casual Browsers
U07634,38,Android,14,8.6,26,2,0,33,4,0,3,At-Risk/Dormant
U07635,21,Android,25,9.6,59,6,2,30,6,0,1,Casual Browsers
U07636,31,iOS,25,10.7,73,15,1,16,11,0,2,Steady Engagers
U07637,24,Android,21,8.0,54,16,3,18,8,0,2,Steady Engagers
U07638,50,iOS,27,15.6,96,19,1,11,9,0,2,Steady Engagers
U07639,56,iOS,3,5.0,8,1,0,37,1,0,3,At-Risk/Dormant
U07640,58,iOS,32,14.4,103,25,3,8,15,0,0,Power Users
U07641,48,iOS,25,13.8,67,15,2,11,13,0,2,Steady Engagers
U07642,54,iOS,9,4.6,21,0,0,45,3,1,3,At-Risk/Dormant
U07643,38,Android,29,17.6,111,36,7,5,16,0,0,Power Users
U07644,48,Android,24,9.8,69,14,2,31,7,0,1,Casual Browsers
U07645,23,Android,13,7.7,32,6,1,37,2,0,3,At-Risk/Dormant
U07646,43,Web,16,15.0,35,11,3,13,5,0,1,Casual Browsers
U07647,44,Android,4,0.5,8,0,0,61,1,1,3,At-Risk/Dormant
U07648,19,Android,28,13.9,80,22,2,10,8,0,2,Steady Engagers
U07649,44,Android,2,1.3,6,1,0,39,0,1,3,At-Risk/Dormant
U07650,52,Android,18,13.4,50,6,0,18,10,0,1,Casual Browsers
U07651,35,Android,23,5.9,53,9,1,18,9,0,1,Casual Browsers
U07652,44,iOS,21,5.5,54,8,1,36,5,0,1,Casual Browsers
U07653,31,Android,12,5.7,32,8,2,47,3,1,3,At-Risk/Dormant
U07654,30,iOS,9,6.9,25,4,1,43,5,1,3,At-Risk/Dormant
U07655,24,Android,24,9.6,83,28,2,18,11,0,2,Steady Engagers
U07656,33,iOS,27,16.3,92,28,5,9,6,0,2,Steady Engagers
U07657,56,Android,11,1.7,21,2,0,34,1,0,3,At-Risk/Dormant
U07658,62,iOS,5,5.8,12,0,0,34,7,0,3,At-Risk/Dormant
U07659,48,Web,11,6.2,18,4,0,28,4,0,3,At-Risk/Dormant
U07660,47,Android,12,7.7,26,3,1,34,7,0,1,Casual Browsers
U07661,47,Web,9,1.9,8,0,0,38,2,1,3,At-Risk/Dormant
U07662,40,Android,9,3.6,17,2,0,44,3,1,3,At-Risk/Dormant
U07663,38,iOS,28,11.4,86,23,3,18,13,0,2,Steady Engagers
U07664,47,iOS,14,14.4,34,10,2,11,8,0,1,Casual Browsers
U07665,55,Android,18,7.9,50,9,0,32,5,0,1,Casual Browsers
U07666,37,Android,30,15.7,101,33,5,15,12,0,0,Power Users
U07667,45,Android,12,8.2,22,2,0,32,9,0,1,Casual Browsers
U07668,40,iOS,23,10.6,61,15,3,16,14,0,2,Steady Engagers
U07669,31,Android,12,9.8,23,2,0,24,7,0,1,Casual Browsers
U07670,31,Web,7,3.4,18,2,2,40,5,0,3,At-Risk/Dormant
U07671,21,Android,13,7.4,30,4,0,45,3,1,3,At-Risk/Dormant
U07672,39,Web,15,6.9,33,5,0,30,5,0,1,Casual Browsers
U07673,52,Android,11,0.5,22,2,0,35,3,1,3,At-Risk/Dormant
U07674,50,iOS,6,4.5,11,2,0,37,5,1,3,At-Risk/Dormant
U07675,65,Android,16,12.0,42,8,0,48,7,0,1,Casual Browsers
U07676,19,Android,20,10.9,63,17,2,18,9,0,2,Steady Engagers
U07677,54,Android,10,10.2,35,9,1,25,3,0,1,Casual Browsers
U07678,56,iOS,9,5.8,15,3,0,29,2,1,3,At-Risk/Dormant
U07679,38,Android,28,18.2,88,14,3,15,7,0,2,Steady Engagers
U07680,31,iOS,29,21.0,89,24,5,4,10,0,0,Power Users
U07681,35,Web,14,13.3,38,10,3,37,10,0,1,Casual Browsers
U07682,50,Android,12,12.6,29,6,0,29,12,0,1,Casual Browsers
U07683,59,Android,22,9.1,88,17,3,28,11,0,2,Steady Engagers
U07684,48,Android,10,2.2,15,0,0,35,2,1,3,At-Risk/Dormant
U07685,42,Android,28,22.6,100,27,4,33,8,0,2,Steady Engagers
U07686,49,iOS,11,6.0,23,4,0,37,3,0,3,At-Risk/Dormant
U07687,21,iOS,11,4.5,30,2,0,37,5,0,3,At-Risk/Dormant
U07688,47,Android,18,10.0,44,7,0,26,6,0,1,Casual Browsers
U07689,20,Android,19,6.5,61,11,1,25,10,0,1,Casual Browsers
U07690,64,iOS,16,11.1,49,11,3,22,6,0,1,Casual Browsers
U07691,60,Android,20,7.3,38,9,0,19,9,0,1,Casual Browsers
U07692,42,iOS,25,15.5,74,26,4,10,6,0,2,Steady Engagers
U07693,35,Web,13,3.6,24,3,0,34,6,1,3,At-Risk/Dormant
U07694,53,Android,14,4.3,35,4,2,27,8,0,1,Casual Browsers
U07695,48,iOS,10,4.0,22,3,1,43,7,0,3,At-Risk/Dormant
U07696,51,Web,10,4.4,19,2,1,44,4,1,3,At-Risk/Dormant
U07697,42,iOS,22,10.0,45,9,2,16,13,0,2,Steady Engagers
U07698,29,iOS,28,16.3,83,17,1,8,14,0,2,Steady Engagers
U07699,21,iOS,32,16.3,122,33,5,3,8,0,0,Power Users
U07700,31,iOS,34,16.4,127,43,10,12,8,0,0,Power Users
U07701,43,iOS,11,2.5,22,2,0,39,6,0,3,At-Risk/Dormant
U07702,38,iOS,24,9.6,77,18,3,18,8,0,2,Steady Engagers
U07703,42,iOS,10,6.8,27,6,0,29,8,0,1,Casual Browsers
U07704,31,iOS,10,3.8,22,1,0,36,1,0,3,At-Risk/Dormant
U07705,63,Android,16,7.2,43,8,0,50,3,0,3,At-Risk/Dormant
U07706,35,Web,10,5.6,17,7,0,35,3,0,3,At-Risk/Dormant
U07707,58,Android,28,7.7,81,17,1,19,9,0,2,Steady Engagers
U07708,36,Android,14,7.7,36,3,0,23,4,1,1,Casual Browsers
U07709,39,Android,16,7.9,39,9,1,27,9,0,1,Casual Browsers
U07710,46,Android,27,15.5,104,31,5,6,22,0,0,Power Users
U07711,30,iOS,32,8.3,111,22,2,7,12,0,2,Steady Engagers
U07712,28,Android,30,13.9,85,23,3,7,14,0,2,Steady Engagers
U07713,36,iOS,16,8.2,51,9,2,20,13,0,1,Casual Browsers
U07714,56,iOS,14,6.1,31,12,0,19,6,0,1,Casual Browsers
U07715,24,Android,27,8.3,81,15,2,18,7,0,2,Steady Engagers
U07716,39,Android,9,6.1,18,4,0,37,5,1,3,At-Risk/Dormant
U07717,50,iOS,16,8.3,39,8,2,29,7,0,1,Casual Browsers
U07718,51,iOS,24,12.9,83,16,2,19,12,0,2,Steady Engagers
U07719,38,Android,29,19.0,81,27,8,3,10,0,0,Power Users
U07720,21,Android,6,4.6,8,2,0,44,6,1,3,At-Risk/Dormant
U07721,18,Android,25,8.0,79,12,3,26,7,0,2,Steady Engagers
U07722,40,Android,12,6.5,24,4,0,30,10,0,1,Casual Browsers
U07723,56,Android,8,0.5,19,3,0,44,2,1,3,At-Risk/Dormant
U07724,19,Web,10,9.1,36,4,0,34,1,0,3,At-Risk/Dormant
U07725,60,Android,8,1.5,11,0,1,46,4,1,3,At-Risk/Dormant
U07726,50,Android,35,18.2,116,24,5,9,14,0,0,Power Users
U07727,18,Web,5,3.9,7,1,0,46,7,0,3,At-Risk/Dormant
U07728,34,iOS,16,5.0,30,2,0,32,5,0,3,At-Risk/Dormant
U07729,28,Android,24,11.1,66,11,2,19,12,0,2,Steady Engagers
U07730,63,iOS,14,11.2,40,6,0,39,3,0,1,Casual Browsers
U07731,44,Web,17,11.2,31,4,0,34,7,0,1,Casual Browsers
U07732,33,Android,27,10.2,67,17,2,17,11,0,2,Steady Engagers
U07733,31,Android,5,3.6,18,3,1,47,1,0,3,At-Risk/Dormant
U07734,45,Web,16,7.1,43,8,0,24,12,0,1,Casual Browsers
U07735,18,iOS,11,11.0,26,3,0,31,6,0,1,Casual Browsers
U07736,30,Web,20,10.8,54,8,0,20,15,0,1,Casual Browsers
U07737,25,Android,11,5.5,25,3,0,34,3,0,3,At-Risk/Dormant
U07738,47,Web,4,4.7,4,0,0,50,2,1,3,At-Risk/Dormant
U07739,50,Android,6,5.0,14,2,1,41,1,0,3,At-Risk/Dormant
U07740,40,iOS,23,8.7,73,15,1,25,9,0,1,Casual Browsers
U07741,24,Web,33,12.9,105,29,2,11,18,0,0,Power Users
U07742,35,Android,13,2.9,22,4,0,30,5,0,3,At-Risk/Dormant
U07743,58,Android,11,7.9,32,1,0,34,4,0,3,At-Risk/Dormant
U07744,27,iOS,29,10.5,88,12,1,17,6,0,2,Steady Engagers
U07745,25,Web,28,9.5,105,26,1,9,6,0,2,Steady Engagers
U07746,23,Android,18,13.1,36,7,1,23,9,0,1,Casual Browsers
U07747,57,Web,6,5.0,16,4,1,38,3,0,3,At-Risk/Dormant
U07748,23,Android,9,0.5,27,2,0,37,2,0,3,At-Risk/Dormant
U07749,45,Android,31,17.5,99,36,6,7,8,0,0,Power Users
U07750,65,Android,24,10.1,89,24,3,11,7,0,2,Steady Engagers
U07751,48,Web,25,8.6,62,13,1,18,6,0,1,Casual Browsers
U07752,37,Android,7,3.3,10,1,0,49,5,1,3,At-Risk/Dormant
U07753,27,iOS,29,14.6,85,25,4,15,5,0,2,Steady Engagers
U07754,18,Android,20,10.6,63,10,1,13,6,0,1,Casual Browsers
U07755,25,Web,4,0.5,8,1,0,46,3,1,3,At-Risk/Dormant
U07756,63,iOS,16,12.2,31,7,2,26,6,0,1,Casual Browsers
U07757,24,Android,18,14.7,43,9,1,18,10,0,1,Casual Browsers
U07758,18,Android,22,10.0,54,13,1,16,8,0,1,Casual Browsers
U07759,57,Android,19,8.8,54,7,1,26,6,0,1,Casual Browsers
U07760,38,Android,28,10.6,59,7,2,21,12,0,2,Steady Engagers
U07761,35,Web,4,1.1,11,2,0,50,1,1,3,At-Risk/Dormant
U07762,52,iOS,7,4.5,20,6,0,39,1,0,3,At-Risk/Dormant
U07763,43,Android,30,17.7,100,36,4,4,14,0,0,Power Users
U07764,61,iOS,23,4.8,60,10,1,20,11,0,1,Casual Browsers
U07765,40,iOS,15,7.0,28,5,0,31,5,1,1,Casual Browsers
U07766,52,Android,11,8.4,30,2,0,45,7,0,3,At-Risk/Dormant
U07767,60,Android,28,9.2,85,13,2,23,8,0,2,Steady Engagers
U07768,40,Android,27,10.6,103,27,3,17,11,0,2,Steady Engagers
U07769,31,iOS,16,13.7,38,6,2,19,9,0,1,Casual Browsers
U07770,64,Android,11,3.5,17,1,0,39,1,0,3,At-Risk/Dormant
U07771,28,iOS,15,3.0,45,10,1,30,1,0,3,At-Risk/Dormant
U07772,19,Android,7,0.5,16,3,0,50,4,1,3,At-Risk/Dormant
U07773,45,iOS,28,12.3,80,18,1,17,13,0,2,Steady Engagers
U07774,65,Android,7,1.8,14,3,0,39,4,1,3,At-Risk/Dormant
U07775,22,iOS,38,8.0,110,18,2,8,15,0,2,Steady Engagers
U07776,58,Android,33,17.5,121,40,10,0,13,0,0,Power Users
U07777,57,Android,14,7.5,31,5,0,32,9,0,1,Casual Browsers
U07778,62,Android,20,10.9,58,18,4,28,9,0,2,Steady Engagers
U07779,38,iOS,30,16.8,85,28,3,5,20,0,0,Power Users
U07780,30,iOS,27,14.9,81,15,2,5,16,0,2,Steady Engagers
U07781,42,Android,8,1.9,16,0,0,39,2,1,3,At-Risk/Dormant
U07782,24,iOS,22,15.1,70,18,2,11,13,0,2,Steady Engagers
U07783,58,iOS,16,4.8,34,6,0,38,11,0,1,Casual Browsers
U07784,49,iOS,32,14.9,92,23,2,11,9,0,2,Steady Engagers
U07785,41,iOS,25,11.9,67,13,3,10,13,0,2,Steady Engagers
U07786,42,Android,7,4.6,12,3,0,35,2,0,3,At-Risk/Dormant
U07787,52,iOS,27,17.4,110,28,2,5,10,0,2,Steady Engagers
U07788,43,iOS,23,15.0,58,15,2,15,17,0,2,Steady Engagers
U07789,58,iOS,23,11.6,67,18,3,21,9,0,2,Steady Engagers
U07790,62,Android,12,4.8,28,3,0,31,3,1,3,At-Risk/Dormant
U07791,63,iOS,21,10.6,48,7,0,28,5,0,1,Casual Browsers
U07792,47,Android,33,17.4,126,31,7,20,11,0,0,Power Users
U07793,53,iOS,30,12.5,73,19,2,23,9,0,2,Steady Engagers
U07794,32,Android,34,16.4,109,21,4,2,8,0,0,Power Users
U07795,19,Android,18,9.5,45,8,2,23,9,0,1,Casual Browsers
U07796,37,iOS,13,5.8,34,4,0,33,3,0,3,At-Risk/Dormant
U07797,59,Web,18,12.2,50,9,2,19,13,0,2,Steady Engagers
U07798,24,Android,31,9.5,87,20,1,18,13,0,2,Steady Engagers
U07799,44,iOS,10,5.9,21,2,0,44,1,0,3,At-Risk/Dormant
U07800,27,iOS,10,4.5,26,4,0,36,4,1,3,At-Risk/Dormant
U07801,38,Web,3,0.5,5,0,0,43,1,0,3,At-Risk/Dormant
U07802,24,iOS,15,7.6,43,2,0,24,7,1,1,Casual Browsers
U07803,53,Android,24,12.3,58,8,1,23,11,0,1,Casual Browsers
U07804,56,Android,15,15.8,38,7,0,19,14,1,1,Casual Browsers
U07805,54,iOS,7,5.2,13,1,0,36,5,1,3,At-Risk/Dormant
U07806,51,Android,11,10.2,40,9,3,27,8,0,1,Casual Browsers
U07807,29,Web,9,0.6,28,1,0,52,3,0,3,At-Risk/Dormant
U07808,43,Web,18,0.5,43,4,1,32,10,0,1,Casual Browsers
U07809,23,Web,14,13.0,33,6,0,38,9,1,1,Casual Browsers
U07810,35,Android,21,10.1,50,14,0,21,13,0,1,Casual Browsers
U07811,42,iOS,4,0.5,11,2,0,38,3,1,3,At-Risk/Dormant
U07812,50,iOS,25,11.2,76,18,2,15,7,0,2,Steady Engagers
U07813,22,Android,12,7.4,24,4,0,31,6,1,3,At-Risk/Dormant
U07814,57,Android,10,11.5,27,3,0,34,6,1,1,Casual Browsers
U07815,40,Android,11,6.9,23,3,0,34,3,0,3,At-Risk/Dormant
U07816,60,Android,18,14.7,38,6,0,26,7,0,1,Casual Browsers
U07817,43,Web,8,8.4,18,6,3,41,7,0,3,At-Risk/Dormant
U07818,44,Web,19,8.9,63,11,2,27,14,0,1,Casual Browsers
U07819,51,Android,23,17.0,53,12,2,35,8,0,1,Casual Browsers
U07820,57,iOS,25,15.9,77,16,1,13,9,0,2,Steady Engagers
U07821,25,Android,17,10.2,46,9,1,27,11,0,1,Casual Browsers
U07822,42,Android,20,13.0,58,7,1,21,11,0,1,Casual Browsers
U07823,19,Android,22,12.3,79,13,3,16,6,0,2,Steady Engagers
U07824,40,iOS,19,11.6,57,10,2,18,10,0,2,Steady Engagers
U07825,57,iOS,24,14.3,76,13,4,10,9,0,2,Steady Engagers
U07826,59,Web,16,12.0,38,6,1,35,6,0,1,Casual Browsers
U07827,31,Web,14,11.6,37,7,1,25,4,0,1,Casual Browsers
U07828,36,Android,3,2.0,5,0,0,43,0,1,3,At-Risk/Dormant
U07829,44,iOS,16,6.9,34,4,0,33,5,0,1,Casual Browsers
U07830,37,Android,10,1.6,21,2,1,36,2,1,3,At-Risk/Dormant
U07831,26,Android,22,11.7,65,19,4,16,11,0,2,Steady Engagers
U07832,32,iOS,9,12.9,19,6,0,22,13,0,1,Casual Browsers
U07833,37,Android,37,14.2,109,15,0,6,9,0,2,Steady Engagers
U07834,42,Android,18,11.9,59,13,4,21,9,0,2,Steady Engagers
U07835,62,Android,20,7.9,62,11,0,19,8,0,1,Casual Browsers
U07836,44,Android,22,13.1,49,11,1,16,8,0,1,Casual Browsers
U07837,36,Web,12,10.3,39,7,1,39,4,0,1,Casual Browsers
U07838,49,Android,23,6.8,56,6,0,34,6,0,1,Casual Browsers
U07839,55,iOS,12,4.6,24,0,0,43,2,1,3,At-Risk/Dormant
U07840,38,Web,12,7.6,35,6,1,28,16,1,1,Casual Browsers
U07841,41,iOS,28,16.0,90,23,3,13,15,0,2,Steady Engagers
U07842,28,Android,22,13.2,67,12,5,15,9,0,2,Steady Engagers
U07843,59,Web,16,4.5,38,6,0,22,8,0,1,Casual Browsers
U07844,59,Android,20,14.5,76,19,6,5,18,0,2,Steady Engagers
U07845,26,Android,26,7.5,73,12,0,15,11,0,2,Steady Engagers
U07846,34,iOS,16,7.8,46,15,1,22,9,0,1,Casual Browsers
U07847,31,Android,26,16.3,91,18,0,9,6,0,2,Steady Engagers
U07848,62,iOS,18,6.4,39,7,2,30,8,0,1,Casual Browsers
U07849,21,Android,14,2.3,27,6,0,34,6,0,3,At-Risk/Dormant
U07850,27,iOS,15,4.9,35,6,0,35,3,0,3,At-Risk/Dormant
U07851,33,iOS,17,6.8,37,10,2,39,5,0,1,Casual Browsers
U07852,44,Web,17,11.6,48,5,1,21,8,0,1,Casual Browsers
U07853,29,Android,9,4.4,9,1,0,41,2,1,3,At-Risk/Dormant
U07854,43,Android,17,6.1,34,4,0,18,6,0,1,Casual Browsers
U07855,53,Web,20,8.8,52,9,1,17,12,0,1,Casual Browsers
U07856,57,iOS,20,15.8,54,16,4,21,12,0,2,Steady Engagers
U07857,22,Android,20,13.6,69,18,4,12,11,0,2,Steady Engagers
U07858,24,Android,23,6.3,76,16,0,14,12,0,2,Steady Engagers
U07859,22,iOS,7,2.9,9,1,0,35,8,0,3,At-Risk/Dormant
U07860,61,iOS,35,9.7,114,36,8,15,14,0,0,Power Users
U07861,49,iOS,14,7.0,33,4,0,25,8,0,1,Casual Browsers
U07862,43,Web,23,12.7,67,23,4,11,11,0,2,Steady Engagers
U07863,55,Android,18,9.3,43,8,2,20,8,0,1,Casual Browsers
U07864,46,Android,33,15.4,123,36,6,3,10,0,0,Power Users
U07865,29,iOS,25,16.8,73,21,4,13,15,0,2,Steady Engagers
U07866,42,Web,11,8.4,23,4,0,28,7,0,1,Casual Browsers
U07867,51,Android,10,4.0,20,3,0,46,2,0,3,At-Risk/Dormant
U07868,19,iOS,8,6.9,18,1,0,40,2,1,3,At-Risk/Dormant
U07869,47,Android,27,17.0,85,19,4,6,13,0,2,Steady Engagers
U07870,41,Android,11,11.6,44,7,0,23,3,0,1,Casual Browsers
U07871,21,Web,16,13.2,40,3,0,29,6,0,1,Casual Browsers
U07872,30,Android,14,5.1,27,5,1,30,6,0,3,At-Risk/Dormant
U07873,39,Android,27,18.7,103,33,8,3,9,0,0,Power Users
U07874,34,iOS,36,16.6,98,28,7,7,9,0,0,Power Users
U07875,31,Android,17,9.7,66,16,1,18,7,0,1,Casual Browsers
U07876,49,Android,8,6.0,15,5,0,35,3,0,3,At-Risk/Dormant
U07877,37,iOS,12,3.1,21,4,0,33,5,1,3,At-Risk/Dormant
U07878,41,Android,5,3.5,10,0,0,42,0,0,3,At-Risk/Dormant
U07879,56,iOS,28,16.4,77,19,2,8,12,0,2,Steady Engagers
U07880,22,Android,28,14.4,101,29,4,7,11,0,0,Power Users
U07881,35,Android,18,5.5,48,8,2,21,5,0,1,Casual Browsers
U07882,21,iOS,12,9.3,32,3,1,29,4,0,1,Casual Browsers
U07883,62,Android,29,10.0,102,25,4,7,8,0,2,Steady Engagers
U07884,26,Web,7,2.4,19,3,0,38,3,1,3,At-Risk/Dormant
U07885,57,Web,13,10.5,33,4,0,31,6,0,1,Casual Browsers
U07886,27,Web,21,8.6,42,13,1,18,9,0,1,Casual Browsers
U07887,33,Android,25,13.6,73,21,0,17,13,0,2,Steady Engagers
U07888,47,Android,12,5.4,32,2,1,29,6,0,3,At-Risk/Dormant
U07889,57,Web,2,0.5,7,2,0,45,2,1,3,At-Risk/Dormant
U07890,26,iOS,21,9.4,72,21,3,15,6,0,2,Steady Engagers
U07891,28,iOS,25,9.2,61,15,5,29,5,0,2,Steady Engagers
U07892,60,Web,12,3.8,28,4,0,30,7,0,3,At-Risk/Dormant
U07893,33,Android,11,5.4,20,2,0,35,8,1,3,At-Risk/Dormant
U07894,28,Android,16,7.8,27,6,2,25,6,0,1,Casual Browsers
U07895,53,iOS,17,8.7,44,8,1,25,10,0,1,Casual Browsers
U07896,22,iOS,12,9.3,39,11,1,26,1,0,1,Casual Browsers
U07897,59,Android,33,17.4,111,25,5,12,16,0,0,Power Users
U07898,60,iOS,21,8.0,63,17,0,24,6,0,1,Casual Browsers
U07899,59,iOS,6,6.9,13,3,0,38,3,0,3,At-Risk/Dormant
U07900,32,Android,18,9.9,56,13,2,17,5,0,1,Casual Browsers
U07901,23,Android,16,10.0,48,12,0,24,13,0,1,Casual Browsers
U07902,38,iOS,16,2.2,26,7,0,34,3,0,3,At-Risk/Dormant
U07903,34,iOS,26,6.1,68,14,4,23,8,0,2,Steady Engagers
U07904,64,Web,6,6.9,13,1,0,41,3,1,3,At-Risk/Dormant
U07905,48,Android,20,9.1,52,14,2,22,7,0,1,Casual Browsers
U07906,63,Web,29,11.7,76,21,0,18,10,0,2,Steady Engagers
U07907,54,iOS,14,7.0,35,4,0,30,1,1,3,At-Risk/Dormant
U07908,52,iOS,23,15.2,85,26,5,13,22,0,0,Power Users
U07909,23,Android,20,11.9,47,8,1,21,5,0,1,Casual Browsers
U07910,21,Android,12,8.4,25,3,0,40,6,0,3,At-Risk/Dormant
U07911,20,iOS,6,0.5,11,1,0,49,6,1,3,At-Risk/Dormant
U07912,46,Android,7,4.1,13,1,0,33,1,1,3,At-Risk/Dormant
U07913,27,Android,13,13.6,28,6,1,31,5,0,1,Casual Browsers
U07914,65,Web,2,2.0,3,1,0,50,0,1,3,At-Risk/Dormant
U07915,24,Android,36,11.6,111,25,4,9,15,0,0,Power Users
U07916,63,Web,8,5.1,13,0,0,40,1,1,3,At-Risk/Dormant
U07917,50,iOS,15,9.6,28,4,1,36,4,0,1,Casual Browsers
U07918,23,Web,18,9.5,66,13,3,17,8,0,2,Steady Engagers
U07919,20,Android,22,12.7,87,17,4,12,11,0,2,Steady Engagers
U07920,37,iOS,6,3.0,14,0,0,40,4,1,3,At-Risk/Dormant
U07921,34,iOS,27,9.2,66,15,2,16,8,0,2,Steady Engagers
U07922,33,Web,7,3.3,12,1,0,38,2,1,3,At-Risk/Dormant
U07923,43,Android,22,12.1,57,12,1,15,6,0,1,Casual Browsers
U07924,24,Android,10,5.0,12,3,0,36,3,1,3,At-Risk/Dormant
U07925,24,Web,10,9.6,16,2,0,36,5,1,3,At-Risk/Dormant
U07926,51,Android,16,11.4,36,7,1,24,4,0,1,Casual Browsers
U07927,65,iOS,19,9.8,44,10,3,32,12,0,1,Casual Browsers
U07928,31,Android,10,6.1,25,5,0,32,7,0,3,At-Risk/Dormant
U07929,62,Android,16,12.5,44,5,0,20,5,0,1,Casual Browsers
U07930,34,iOS,15,9.3,26,7,0,29,13,0,1,Casual Browsers
U07931,34,iOS,32,10.1,102,28,6,15,15,0,0,Power Users
U07932,22,iOS,27,10.1,80,21,5,20,6,0,2,Steady Engagers
U07933,38,iOS,10,3.8,20,1,0,44,1,1,3,At-Risk/Dormant
U07934,41,iOS,25,16.8,92,25,4,11,13,0,2,Steady Engagers
U07935,49,Web,3,0.8,6,0,0,44,0,1,3,At-Risk/Dormant
U07936,25,Android,25,12.4,61,18,2,45,9,0,1,Casual Browsers
U07937,27,Android,32,16.8,105,24,2,5,18,0,0,Power Users
U07938,38,Android,47,22.1,181,48,9,0,16,0,0,Power Users
U07939,21,iOS,21,6.1,52,6,0,31,4,0,1,Casual Browsers
U07940,24,Android,13,4.4,34,3,1,29,2,0,3,At-Risk/Dormant
U07941,48,iOS,34,20.4,110,35,7,0,11,0,0,Power Users
U07942,63,Android,11,0.5,17,1,0,51,0,0,3,At-Risk/Dormant
U07943,45,iOS,17,11.8,44,11,4,18,4,0,1,Casual Browsers
U07944,24,Web,22,14.2,57,14,2,18,7,0,2,Steady Engagers
U07945,65,iOS,39,16.8,117,27,6,0,15,0,0,Power Users
U07946,43,iOS,25,16.5,74,24,1,37,9,0,2,Steady Engagers
U07947,52,Android,26,12.8,77,12,0,19,11,0,2,Steady Engagers
U07948,27,iOS,18,13.3,60,14,1,30,8,0,1,Casual Browsers
U07949,45,Android,18,10.8,66,9,1,19,8,0,1,Casual Browsers
U07950,21,Web,27,6.7,77,15,1,24,1,0,1,Casual Browsers
U07951,48,Android,34,7.9,81,18,4,19,12,0,2,Steady Engagers
U07952,27,Android,12,5.8,27,2,0,30,5,0,3,At-Risk/Dormant
U07953,61,Android,6,0.5,14,3,0,47,4,0,3,At-Risk/Dormant
U07954,20,iOS,21,14.8,81,18,2,21,7,0,2,Steady Engagers
U07955,49,Web,25,14.2,55,6,0,28,5,0,1,Casual Browsers
U07956,24,Android,20,12.1,57,13,2,14,11,0,2,Steady Engagers
U07957,50,Android,28,10.6,86,13,1,18,5,0,2,Steady Engagers
U07958,41,Android,21,7.2,44,10,0,18,6,0,1,Casual Browsers
U07959,64,Web,7,4.6,14,1,0,41,2,1,3,At-Risk/Dormant
U07960,49,Web,10,5.2,12,2,0,41,3,1,3,At-Risk/Dormant
U07961,35,Android,40,15.4,145,42,6,0,13,0,0,Power Users
U07962,22,iOS,26,13.8,66,17,5,14,8,0,2,Steady Engagers
U07963,46,iOS,23,13.8,72,17,2,9,15,0,2,Steady Engagers
U07964,39,iOS,6,7.1,9,1,0,30,6,0,3,At-Risk/Dormant
U07965,20,iOS,13,7.5,28,5,0,30,6,0,1,Casual Browsers
U07966,45,iOS,20,12.8,48,13,1,25,12,0,1,Casual Browsers
U07967,28,iOS,9,7.9,20,4,0,41,4,1,3,At-Risk/Dormant
U07968,29,Android,20,7.7,55,8,1,21,9,0,1,Casual Browsers
U07969,18,Android,27,14.7,114,35,3,15,11,0,0,Power Users
U07970,35,Android,16,8.1,42,6,1,39,7,0,1,Casual Browsers
U07971,28,Android,19,6.4,41,10,1,22,7,0,1,Casual Browsers
U07972,21,Android,27,10.8,81,18,2,18,9,0,2,Steady Engagers
U07973,38,Web,19,11.2,52,13,2,23,9,0,1,Casual Browsers
U07974,28,Web,20,8.8,71,17,4,14,17,0,2,Steady Engagers
U07975,24,Android,24,11.2,55,6,1,14,9,0,1,Casual Browsers
U07976,40,Android,17,6.1,50,6,2,30,6,0,1,Casual Browsers
U07977,21,iOS,21,11.5,52,11,2,21,7,0,1,Casual Browsers
U07978,65,iOS,11,5.0,33,5,0,29,12,0,1,Casual Browsers
U07979,40,Android,14,8.5,33,6,0,36,5,0,1,Casual Browsers
U07980,65,Web,18,7.7,43,5,1,30,4,0,1,Casual Browsers
U07981,60,Android,9,4.3,12,2,0,57,5,1,3,At-Risk/Dormant
U07982,65,Android,15,5.5,29,4,0,27,6,0,1,Casual Browsers
U07983,44,iOS,16,4.4,42,9,0,33,3,1,3,At-Risk/Dormant
U07984,38,iOS,22,4.4,51,11,2,24,7,0,1,Casual Browsers
U07985,52,Android,29,12.4,89,21,2,10,17,0,2,Steady Engagers
U07986,21,iOS,24,12.0,79,19,1,18,8,0,2,Steady Engagers
U07987,58,Web,26,8.3,69,17,1,10,16,0,2,Steady Engagers
U07988,33,Android,18,11.3,49,15,3,13,15,0,2,Steady Engagers
U07989,18,iOS,16,8.5,34,6,0,25,7,0,1,Casual Browsers
U07990,29,Android,10,10.3,31,6,0,28,3,0,1,Casual Browsers
U07991,29,iOS,25,5.8,77,21,2,23,5,0,1,Casual Browsers
U07992,18,Android,8,2.2,16,3,1,43,3,1,3,At-Risk/Dormant
U07993,50,Android,14,9.2,28,5,0,33,3,0,3,At-Risk/Dormant
U07994,22,Android,20,12.1,61,11,2,14,14,0,2,Steady Engagers
U07995,58,Web,7,6.0,15,1,0,44,2,1,3,At-Risk/Dormant
U07996,39,Android,12,6.1,34,7,1,24,3,0,1,Casual Browsers
U07997,52,Web,21,8.1,48,14,2,29,10,0,1,Casual Browsers
U07998,34,Android,24,14.3,73,20,5,22,7,0,2,Steady Engagers
U07999,24,Web,25,12.0,58,12,1,23,11,0,2,Steady Engagers
U08000,26,iOS,15,11.2,33,5,2,24,2,0,1,Casual Browsers
U08001,49,Android,21,14.1,59,11,1,33,9,0,1,Casual Browsers
U08002,52,iOS,13,7.8,28,6,2,38,6,1,1,Casual Browsers
U08003,30,iOS,12,4.3,18,3,0,32,6,0,3,At-Risk/Dormant
U08004,35,iOS,16,4.8,32,6,0,28,6,0,1,Casual Browsers
U08005,63,Android,16,10.0,50,7,1,31,13,0,1,Casual Browsers
U08006,58,iOS,34,11.4,114,37,8,10,8,0,0,Power Users
U08007,37,iOS,9,2.4,25,3,1,27,6,0,3,At-Risk/Dormant
U08008,29,Android,19,12.1,59,17,4,20,9,0,2,Steady Engagers
U08009,32,iOS,23,14.0,59,16,1,19,13,0,2,Steady Engagers
U08010,43,Android,37,13.0,110,31,7,8,14,0,0,Power Users
U08011,45,iOS,10,4.0,19,2,1,37,1,1,3,At-Risk/Dormant
U08012,26,iOS,11,5.6,26,3,0,37,4,0,3,At-Risk/Dormant
U08013,21,Web,11,0.5,23,2,0,37,2,1,3,At-Risk/Dormant
U08014,41,Android,14,0.5,33,6,0,43,7,0,3,At-Risk/Dormant
U08015,56,Android,14,11.6,42,8,2,35,9,0,1,Casual Browsers
U08016,25,Android,13,0.5,18,0,0,38,4,0,3,At-Risk/Dormant
U08017,37,iOS,35,16.2,121,38,2,20,10,0,0,Power Users
U08018,25,Android,15,12.3,35,4,0,23,5,1,1,Casual Browsers
U08019,29,Android,27,14.1,111,34,4,28,9,0,2,Steady Engagers
U08020,47,Android,16,7.1,46,3,0,28,6,0,1,Casual Browsers
U08021,31,Web,23,13.7,77,21,5,18,11,0,2,Steady Engagers
U08022,30,Android,29,8.4,104,17,2,18,10,0,2,Steady Engagers
U08023,65,iOS,10,3.2,14,0,0,35,1,1,3,At-Risk/Dormant
U08024,26,Android,16,16.1,39,6,0,14,3,0,1,Casual Browsers
U08025,27,Android,29,14.8,92,32,4,8,13,0,0,Power Users
U08026,62,Android,39,16.9,173,54,11,0,18,0,0,Power Users
U08027,44,Android,13,5.3,27,2,0,39,5,0,3,At-Risk/Dormant
U08028,20,iOS,16,3.8,35,4,0,44,4,1,3,At-Risk/Dormant
U08029,38,Android,19,6.7,63,12,1,27,6,0,1,Casual Browsers
U08030,45,Android,24,14.7,79,13,2,12,8,0,2,Steady Engagers
U08031,30,Android,23,10.2,66,19,2,15,10,0,2,Steady Engagers
U08032,44,Android,5,9.6,15,3,0,63,2,1,3,At-Risk/Dormant
U08033,49,Android,14,3.4,26,5,0,35,0,1,3,At-Risk/Dormant
U08034,30,Android,10,6.1,25,4,1,35,1,0,3,At-Risk/Dormant
U08035,56,Android,8,7.2,17,1,0,44,2,1,3,At-Risk/Dormant
U08036,39,iOS,12,4.7,27,3,0,36,2,1,3,At-Risk/Dormant
U08037,64,Web,14,1.8,25,6,0,32,8,0,3,At-Risk/Dormant
U08038,22,iOS,19,9.6,51,12,1,21,6,0,1,Casual Browsers
U08039,33,Android,13,5.3,44,8,1,26,7,0,1,Casual Browsers
U08040,52,Web,8,5.0,20,1,0,37,3,1,3,At-Risk/Dormant
U08041,60,Web,4,0.5,11,1,0,48,1,1,3,At-Risk/Dormant
U08042,28,iOS,28,13.5,99,28,3,8,9,0,2,Steady Engagers
U08043,65,Android,26,17.2,74,14,3,11,8,0,2,Steady Engagers
U08044,27,iOS,13,10.7,35,10,2,31,4,0,1,Casual Browsers
U08045,37,Web,38,7.8,119,32,2,11,19,0,0,Power Users
U08046,33,iOS,29,11.2,114,43,4,2,9,0,0,Power Users
U08047,38,iOS,24,13.1,77,13,1,11,13,0,2,Steady Engagers
U08048,61,iOS,19,10.4,53,8,1,17,10,0,1,Casual Browsers
U08049,53,Web,19,6.3,50,14,2,25,3,0,1,Casual Browsers
U08050,56,Android,8,4.3,18,2,1,36,6,0,3,At-Risk/Dormant
U08051,30,Android,8,6.2,18,6,1,31,7,1,3,At-Risk/Dormant
U08052,63,Web,5,3.4,5,0,0,51,4,0,3,At-Risk/Dormant
U08053,38,Android,41,19.1,126,39,4,0,14,0,0,Power Users
U08054,49,Android,10,8.4,20,2,0,41,5,0,3,At-Risk/Dormant
U08055,51,Android,43,17.0,156,57,11,0,11,0,0,Power Users
U08056,49,Android,25,18.2,74,23,7,7,5,0,0,Power Users
U08057,46,Android,34,15.8,117,35,8,15,16,0,0,Power Users
U08058,41,iOS,29,15.6,115,35,10,5,14,0,0,Power Users
U08059,49,Android,20,4.8,60,15,1,19,7,0,1,Casual Browsers
U08060,61,iOS,17,3.1,36,3,1,31,7,0,1,Casual Browsers
U08061,36,Android,7,2.5,10,1,0,38,1,1,3,At-Risk/Dormant
U08062,42,Web,10,6.3,21,2,0,46,1,0,3,At-Risk/Dormant
U08063,26,iOS,8,1.4,19,3,0,35,4,1,3,At-Risk/Dormant
U08064,35,Web,28,16.2,99,28,5,17,8,0,0,Power Users
U08065,55,Android,19,11.3,52,12,3,24,11,0,2,Steady Engagers
U08066,48,Android,12,7.9,22,0,0,30,4,0,3,At-Risk/Dormant
U08067,28,iOS,23,8.9,52,13,2,22,8,0,1,Casual Browsers
U08068,44,Web,20,14.9,65,17,5,19,11,0,2,Steady Engagers
U08069,56,Android,6,3.3,12,0,0,46,2,1,3,At-Risk/Dormant
U08070,23,iOS,19,11.3,43,7,1,15,5,0,1,Casual Browsers
U08071,20,iOS,17,11.4,67,16,2,18,13,0,2,Steady Engagers
U08072,36,Android,12,6.3,25,1,0,36,1,0,3,At-Risk/Dormant
U08073,49,iOS,16,10.9,47,10,1,22,11,0,1,Casual Browsers
U08074,33,Android,11,1.8,23,1,1,34,3,0,3,At-Risk/Dormant
U08075,57,Android,11,8.6,36,6,0,27,4,0,1,Casual Browsers
U08076,58,Web,21,13.6,57,13,0,15,10,0,2,Steady Engagers
U08077,43,iOS,12,4.4,42,7,1,26,7,0,1,Casual Browsers
U08078,36,iOS,22,11.7,64,11,2,17,8,0,2,Steady Engagers
U08079,20,iOS,5,2.5,6,0,0,40,2,1,3,At-Risk/Dormant
U08080,57,Web,7,7.4,16,2,1,41,1,1,3,At-Risk/Dormant
U08081,60,Android,10,8.9,29,3,1,28,9,0,1,Casual Browsers
U08082,39,Android,11,3.6,25,5,0,37,4,0,3,At-Risk/Dormant
U08083,42,Android,20,9.6,53,10,0,28,6,0,1,Casual Browsers
U08084,54,iOS,18,8.7,39,12,2,22,10,0,1,Casual Browsers
U08085,51,iOS,25,13.7,87,22,1,2,15,0,2,Steady Engagers
U08086,24,iOS,18,4.9,32,3,0,34,4,0,3,At-Risk/Dormant
U08087,50,Android,11,4.3,28,8,1,25,6,0,1,Casual Browsers
U08088,62,Android,4,0.9,5,1,0,54,0,1,3,At-Risk/Dormant
U08089,54,Web,9,5.3,18,3,0,34,6,0,3,At-Risk/Dormant
U08090,41,Web,18,9.3,56,9,2,14,9,0,1,Casual Browsers
U08091,43,Android,15,6.9,34,5,0,28,7,0,1,Casual Browsers
U08092,30,iOS,20,14.9,59,15,1,26,6,0,1,Casual Browsers
U08093,49,iOS,18,8.3,45,3,0,21,7,0,1,Casual Browsers
U08094,29,iOS,11,3.4,22,2,0,33,2,0,3,At-Risk/Dormant
U08095,34,Android,9,9.8,18,1,0,30,2,1,3,At-Risk/Dormant
U08096,30,iOS,24,6.7,52,5,0,32,5,0,1,Casual Browsers
U08097,34,Android,10,5.2,26,3,0,37,6,1,3,At-Risk/Dormant
U08098,35,Android,3,5.3,6,0,0,51,1,1,3,At-Risk/Dormant
U08099,21,iOS,21,12.6,61,7,2,22,10,0,1,Casual Browsers
U08100,52,Android,20,13.3,70,18,3,8,10,0,2,Steady Engagers
U08101,39,Android,28,11.8,89,19,2,4,12,0,2,Steady Engagers
U08102,63,Android,9,9.0,24,3,1,37,6,0,3,At-Risk/Dormant
U08103,26,Android,18,12.8,62,16,3,16,5,0,2,Steady Engagers
U08104,50,iOS,30,15.7,96,23,2,10,16,0,2,Steady Engagers
U08105,26,Android,19,11.2,48,12,1,22,10,0,1,Casual Browsers
U08106,44,iOS,21,14.8,65,21,8,17,11,0,2,Steady Engagers
U08107,41,Web,14,5.8,38,4,0,27,5,0,1,Casual Browsers
U08108,39,Android,19,5.9,58,10,2,33,7,0,1,Casual Browsers
U08109,49,Web,18,9.3,50,8,0,23,5,0,1,Casual Browsers
U08110,57,Android,13,8.4,38,6,1,32,6,0,1,Casual Browsers
U08111,33,Android,7,8.1,17,4,0,39,4,1,3,At-Risk/Dormant
U08112,58,Android,25,16.5,79,24,3,5,10,0,2,Steady Engagers
U08113,26,Android,22,6.9,51,10,0,25,10,0,1,Casual Browsers
U08114,32,Android,25,14.8,91,29,3,17,8,0,2,Steady Engagers
U08115,32,Android,8,6.8,10,2,0,33,1,1,3,At-Risk/Dormant
U08116,63,Web,4,2.8,6,1,0,40,2,1,3,At-Risk/Dormant
U08117,23,iOS,10,4.7,33,3,0,42,2,1,3,At-Risk/Dormant
U08118,36,Web,18,6.7,52,14,3,23,7,0,1,Casual Browsers
U08119,38,iOS,39,18.5,158,54,6,2,12,0,0,Power Users
U08120,56,iOS,36,16.8,115,36,4,3,17,0,0,Power Users
U08121,41,Android,23,8.6,69,12,1,18,6,0,1,Casual Browsers
U08122,64,iOS,11,9.4,21,1,0,36,7,0,3,At-Risk/Dormant
U08123,53,Android,21,4.2,65,8,0,28,10,0,1,Casual Browsers
U08124,51,Web,6,3.7,13,3,0,35,4,1,3,At-Risk/Dormant
U08125,54,Web,10,7.2,12,4,2,51,6,1,3,At-Risk/Dormant
U08126,25,Android,13,8.2,41,6,0,27,7,0,1,Casual Browsers
U08127,39,iOS,16,5.6,38,4,0,25,8,0,1,Casual Browsers
U08128,46,iOS,14,6.1,36,11,0,29,7,0,1,Casual Browsers
U08129,28,iOS,9,5.5,14,3,0,35,7,1,3,At-Risk/Dormant
U08130,23,Android,16,9.0,47,11,1,22,10,0,1,Casual Browsers
U08131,24,iOS,14,11.5,33,5,0,25,5,0,1,Casual Browsers
U08132,55,iOS,36,12.7,128,33,5,7,15,0,0,Power Users
U08133,49,Android,26,11.8,78,16,4,12,6,0,2,Steady Engagers
U08134,31,iOS,20,11.1,63,14,1,18,7,0,1,Casual Browsers
U08135,53,Android,38,16.3,156,45,8,4,16,0,0,Power Users
U08136,51,Web,21,5.2,41,10,1,37,6,0,1,Casual Browsers
U08137,57,Android,23,15.4,70,18,2,15,9,0,2,Steady Engagers
U08138,61,Android,6,7.6,7,0,0,41,4,1,3,At-Risk/Dormant
U08139,60,Android,8,6.5,14,0,0,47,4,1,3,At-Risk/Dormant
U08140,26,Web,15,6.1,21,4,0,35,3,0,3,At-Risk/Dormant
U08141,54,iOS,22,10.8,63,17,4,21,5,0,2,Steady Engagers
U08142,36,Android,8,4.4,24,6,1,33,1,0,3,At-Risk/Dormant
U08143,37,Android,13,1.7,32,3,0,32,6,1,3,At-Risk/Dormant
U08144,49,iOS,25,16.1,74,23,1,4,12,0,2,Steady Engagers
U08145,46,Android,13,5.4,27,1,0,38,2,1,3,At-Risk/Dormant
U08146,38,Android,15,10.1,39,5,0,30,4,0,1,Casual Browsers
U08147,65,Web,27,12.9,89,15,1,6,11,0,2,Steady Engagers
U08148,26,Android,19,5.8,40,7,2,24,10,0,1,Casual Browsers
U08149,22,iOS,19,8.6,55,8,0,21,8,0,1,Casual Browsers
U08150,19,Android,19,11.6,53,11,1,15,10,0,1,Casual Browsers
U08151,57,iOS,11,7.7,14,0,0,37,1,0,3,At-Risk/Dormant
U08152,37,iOS,7,1.3,11,0,0,42,6,1,3,At-Risk/Dormant
U08153,38,Android,13,8.7,21,0,0,35,4,0,3,At-Risk/Dormant
U08154,49,iOS,25,6.1,57,8,2,18,11,0,1,Casual Browsers
U08155,38,Web,14,10.5,34,7,0,35,6,0,1,Casual Browsers
U08156,45,Web,16,4.4,49,9,0,31,6,0,1,Casual Browsers
U08157,20,Android,24,17.3,75,15,2,9,8,0,2,Steady Engagers
U08158,25,Android,35,14.1,112,31,6,5,17,0,0,Power Users
U08159,62,Web,10,11.7,27,5,1,35,7,0,1,Casual Browsers
U08160,39,Android,15,2.6,46,9,0,30,10,0,1,Casual Browsers
U08161,26,Android,18,11.4,58,12,3,19,8,0,1,Casual Browsers
U08162,35,Android,24,14.0,70,21,1,16,8,0,2,Steady Engagers
U08163,34,Web,16,7.5,36,8,1,30,5,0,1,Casual Browsers
U08164,31,Android,25,15.4,92,29,2,16,11,0,2,Steady Engagers
U08165,32,Android,13,7.0,22,3,0,37,2,1,3,At-Risk/Dormant
U08166,53,iOS,10,5.4,19,3,2,36,4,1,3,At-Risk/Dormant
U08167,23,Android,17,4.0,39,4,0,32,6,0,3,At-Risk/Dormant
U08168,32,Android,7,2.7,15,4,0,34,1,1,3,At-Risk/Dormant
U08169,40,iOS,20,14.1,61,13,2,19,13,0,2,Steady Engagers
U08170,43,Android,27,16.3,91,20,0,13,18,0,2,Steady Engagers
U08171,60,Web,26,11.7,66,13,4,20,11,0,2,Steady Engagers
U08172,62,Android,4,7.3,10,1,0,37,11,0,3,At-Risk/Dormant
U08173,32,Web,28,13.9,90,21,4,19,9,0,2,Steady Engagers
U08174,43,iOS,21,8.3,61,9,1,34,5,0,1,Casual Browsers
U08175,19,Android,24,17.2,67,13,1,9,10,0,2,Steady Engagers
U08176,47,Android,15,5.7,37,12,4,29,7,0,1,Casual Browsers
U08177,25,iOS,7,7.7,16,1,0,35,6,0,3,At-Risk/Dormant
U08178,21,Android,24,13.2,85,19,3,12,6,0,2,Steady Engagers
U08179,50,Android,7,7.9,10,0,0,42,2,0,3,At-Risk/Dormant
U08180,26,Web,26,1.7,58,9,1,20,8,0,1,Casual Browsers
U08181,40,iOS,19,14.8,67,10,2,14,13,0,2,Steady Engagers
U08182,22,Web,19,7.3,46,8,2,45,4,1,1,Casual Browsers
U08183,53,Android,19,10.4,47,10,2,23,8,0,1,Casual Browsers
U08184,54,Android,12,1.5,27,2,0,35,6,1,3,At-Risk/Dormant
U08185,45,iOS,10,5.3,24,4,0,33,8,1,3,At-Risk/Dormant
U08186,58,Android,26,15.2,79,19,0,12,10,0,2,Steady Engagers
U08187,38,Android,13,9.0,36,5,0,30,6,0,1,Casual Browsers
U08188,26,Android,18,12.7,63,19,2,13,14,0,2,Steady Engagers
U08189,25,Android,25,15.5,78,19,1,14,9,0,2,Steady Engagers
U08190,28,iOS,17,6.8,36,10,0,33,6,0,1,Casual Browsers
U08191,27,Android,10,7.5,14,1,0,29,5,0,3,At-Risk/Dormant
U08192,33,Web,12,4.2,28,4,0,30,4,0,3,At-Risk/Dormant
U08193,28,Android,4,3.6,11,0,0,47,2,1,3,At-Risk/Dormant
U08194,46,Android,18,9.8,55,12,0,21,10,0,1,Casual Browsers
U08195,25,Android,31,9.0,101,25,1,9,13,0,2,Steady Engagers
U08196,47,iOS,29,15.1,100,29,8,6,15,0,0,Power Users
U08197,34,Web,3,2.9,2,0,0,43,2,1,3,At-Risk/Dormant
U08198,50,Web,4,2.4,8,0,0,47,5,1,3,At-Risk/Dormant
U08199,42,Android,17,14.8,49,8,1,28,7,0,1,Casual Browsers
U08200,61,Android,33,12.0,112,30,10,10,15,0,0,Power Users
U08201,39,Web,22,6.5,48,5,1,33,8,0,1,Casual Browsers
U08202,32,Android,11,7.8,29,8,1,31,6,0,1,Casual Browsers
U08203,46,iOS,7,3.5,21,3,0,36,5,0,3,At-Risk/Dormant
U08204,49,Android,26,14.2,101,21,4,23,14,0,2,Steady Engagers
U08205,39,Android,21,10.8,72,20,4,13,10,0,2,Steady Engagers
U08206,44,Android,36,20.8,130,34,4,0,15,0,0,Power Users
U08207,40,Android,16,13.6,55,12,0,27,4,0,1,Casual Browsers
U08208,32,Web,13,8.6,22,0,0,34,6,0,3,At-Risk/Dormant
U08209,33,iOS,9,8.9,20,4,0,29,3,0,3,At-Risk/Dormant
U08210,61,Web,9,1.6,16,4,0,38,7,0,3,At-Risk/Dormant
U08211,50,iOS,32,15.4,105,31,9,3,13,0,0,Power Users
U08212,22,Android,20,13.9,52,9,3,24,10,0,2,Steady Engagers
U08213,64,iOS,18,5.8,50,3,0,29,6,0,1,Casual Browsers
U08214,52,Android,30,12.7,83,18,0,13,14,0,2,Steady Engagers
U08215,20,Web,14,3.5,29,4,0,27,4,0,3,At-Risk/Dormant
U08216,52,Android,19,10.8,55,11,2,20,6,0,1,Casual Browsers
U08217,46,Web,11,5.5,32,6,0,28,7,0,1,Casual Browsers
U08218,61,iOS,8,4.9,22,2,0,39,4,1,3,At-Risk/Dormant
U08219,41,iOS,11,0.5,17,3,0,35,5,1,3,At-Risk/Dormant
U08220,42,iOS,7,5.0,17,1,0,37,13,0,3,At-Risk/Dormant
U08221,33,iOS,8,7.3,13,3,0,37,8,1,3,At-Risk/Dormant
U08222,33,iOS,20,8.9,45,8,1,28,7,0,1,Casual Browsers
U08223,47,iOS,34,15.6,116,44,7,2,15,0,0,Power Users
U08224,57,Android,30,13.3,73,17,1,25,9,0,2,Steady Engagers
U08225,60,iOS,18,12.5,44,12,1,22,5,0,1,Casual Browsers
U08226,54,Android,36,10.9,107,21,2,10,12,0,2,Steady Engagers
U08227,47,iOS,15,8.8,30,6,0,29,8,0,1,Casual Browsers
U08228,42,iOS,19,5.7,50,10,0,33,9,1,1,Casual Browsers
U08229,34,Android,13,3.7,39,9,0,30,6,0,3,At-Risk/Dormant
U08230,54,iOS,19,5.0,40,5,1,35,10,0,1,Casual Browsers
U08231,33,iOS,7,7.0,16,0,0,34,1,0,3,At-Risk/Dormant
U08232,30,iOS,25,11.4,77,18,3,4,11,0,2,Steady Engagers
U08233,59,iOS,20,5.9,67,16,3,20,11,0,2,Steady Engagers
U08234,46,iOS,15,10.8,44,6,0,27,7,0,1,Casual Browsers
U08235,35,iOS,24,11.9,76,16,1,21,10,0,2,Steady Engagers
U08236,59,Android,17,6.1,32,4,1,29,5,0,1,Casual Browsers
U08237,64,Android,18,9.0,55,10,1,23,7,0,1,Casual Browsers
U08238,33,iOS,10,6.2,17,0,0,37,4,0,3,At-Risk/Dormant
U08239,43,Android,11,4.1,27,6,0,26,5,0,3,At-Risk/Dormant
U08240,41,Android,26,4.9,73,18,2,24,9,0,2,Steady Engagers
U08241,51,Android,21,15.3,73,8,1,19,7,0,2,Steady Engagers
U08242,63,Android,14,10.4,32,9,1,30,2,0,1,Casual Browsers
U08243,44,Web,13,9.2,32,5,0,26,9,0,1,Casual Browsers
U08244,56,Android,28,9.9,82,22,1,11,6,0,2,Steady Engagers
U08245,46,Android,20,11.7,68,16,0,18,9,0,2,Steady Engagers
U08246,60,Web,8,7.4,18,3,0,42,1,1,3,At-Risk/Dormant
U08247,37,Web,7,3.5,7,1,0,44,2,1,3,At-Risk/Dormant
U08248,36,Android,9,6.3,22,5,1,30,6,0,3,At-Risk/Dormant
U08249,38,Web,15,7.7,39,4,0,27,4,0,1,Casual Browsers
U08250,65,Android,26,11.0,60,6,1,29,5,0,1,Casual Browsers
U08251,47,iOS,29,14.6,99,30,4,7,15,0,0,Power Users
U08252,25,Android,15,4.1,43,8,1,31,6,0,1,Casual Browsers
U08253,19,Android,21,11.4,56,5,0,25,4,1,1,Casual Browsers
U08254,42,Android,26,13.3,77,19,3,12,8,0,2,Steady Engagers
U08255,56,iOS,23,9.2,54,9,2,15,15,0,2,Steady Engagers
U08256,41,Android,2,2.7,5,0,0,39,3,1,3,At-Risk/Dormant
U08257,44,iOS,8,6.8,26,2,1,36,5,0,3,At-Risk/Dormant
U08258,56,iOS,20,12.9,74,22,1,7,12,0,2,Steady Engagers
U08259,42,Android,12,1.4,21,5,0,33,4,0,3,At-Risk/Dormant
U08260,61,Web,19,10.7,61,14,1,24,11,0,1,Casual Browsers
U08261,48,Android,19,13.0,65,11,1,15,13,0,2,Steady Engagers
U08262,53,Android,24,17.0,72,21,5,3,8,0,2,Steady Engagers
U08263,55,Android,10,4.7,25,5,0,33,3,0,3,At-Risk/Dormant
U08264,48,Android,27,17.3,114,38,7,7,12,0,0,Power Users
U08265,20,Android,21,14.3,70,12,1,13,10,0,2,Steady Engagers
U08266,38,iOS,11,7.7,46,7,1,29,1,0,3,At-Risk/Dormant
U08267,24,iOS,8,6.2,26,5,0,40,3,0,3,At-Risk/Dormant
U08268,42,Android,13,12.4,38,5,0,31,7,0,1,Casual Browsers
U08269,24,Android,31,14.3,96,24,2,13,7,0,2,Steady Engagers
U08270,42,iOS,18,11.7,39,7,1,18,12,0,1,Casual Browsers
U08271,34,Android,27,13.1,103,28,6,5,11,0,0,Power Users
U08272,18,iOS,11,1.2,14,2,0,47,4,1,3,At-Risk/Dormant
U08273,23,Web,10,5.8,18,0,0,36,4,0,3,At-Risk/Dormant
U08274,42,Android,22,9.9,45,10,1,24,11,0,1,Casual Browsers
U08275,21,iOS,17,3.5,39,8,1,28,6,0,1,Casual Browsers
U08276,59,Web,12,8.5,32,4,0,33,4,1,3,At-Risk/Dormant
U08277,54,iOS,25,14.3,62,11,1,15,7,0,2,Steady Engagers
U08278,52,Web,15,2.3,36,12,0,41,5,1,3,At-Risk/Dormant
U08279,26,Android,20,11.3,77,21,3,11,10,0,2,Steady Engagers
U08280,56,iOS,12,7.1,17,2,0,60,1,1,3,At-Risk/Dormant
U08281,48,Android,26,14.9,63,11,2,16,12,0,2,Steady Engagers
U08282,36,Android,15,11.5,40,9,0,24,5,0,1,Casual Browsers
U08283,18,Web,38,13.9,141,46,6,0,5,0,0,Power Users
U08284,43,Android,6,5.2,13,2,0,36,4,1,3,At-Risk/Dormant
U08285,56,Web,5,6.3,12,2,0,36,4,1,3,At-Risk/Dormant
U08286,19,iOS,6,6.5,8,0,0,41,2,1,3,At-Risk/Dormant
U08287,20,Web,8,5.5,19,1,0,43,2,1,3,At-Risk/Dormant
U08288,36,Web,15,13.9,38,7,0,32,5,0,1,Casual Browsers
U08289,42,iOS,26,13.7,69,18,6,11,7,0,2,Steady Engagers
U08290,40,Web,26,11.0,78,15,1,20,7,0,2,Steady Engagers
U08291,38,iOS,15,8.0,40,8,3,26,12,0,1,Casual Browsers
U08292,30,iOS,31,12.9,97,24,5,23,9,0,2,Steady Engagers
U08293,20,iOS,25,13.2,87,17,1,11,8,0,2,Steady Engagers
U08294,19,Android,25,7.7,58,16,2,24,8,0,1,Casual Browsers
U08295,22,Android,2,0.5,7,1,1,49,1,1,3,At-Risk/Dormant
U08296,51,Android,24,10.3,87,26,2,15,11,0,2,Steady Engagers
U08297,55,Android,15,7.8,39,8,0,23,5,0,1,Casual Browsers
U08298,38,Android,16,7.0,37,8,0,33,5,0,1,Casual Browsers
U08299,21,iOS,32,9.4,82,18,1,27,12,0,2,Steady Engagers
U08300,37,iOS,33,12.7,92,29,6,8,13,0,0,Power Users
U08301,65,iOS,11,3.8,31,4,1,27,4,0,3,At-Risk/Dormant
U08302,29,Web,5,8.0,15,3,0,36,4,0,3,At-Risk/Dormant
U08303,41,Web,23,8.3,65,20,3,16,10,0,2,Steady Engagers
U08304,43,Web,29,12.1,90,18,3,13,9,0,2,Steady Engagers
U08305,33,iOS,28,10.6,88,25,2,14,9,0,2,Steady Engagers
U08306,39,Android,25,13.4,84,18,3,15,15,0,2,Steady Engagers
U08307,40,Web,22,17.4,74,24,5,12,18,0,0,Power Users
U08308,40,Android,15,8.9,29,8,3,28,8,0,1,Casual Browsers
U08309,52,Android,21,11.6,64,17,5,9,7,0,2,Steady Engagers
U08310,45,Android,29,12.9,96,27,4,13,8,0,2,Steady Engagers
U08311,20,iOS,21,10.3,72,15,0,16,14,0,2,Steady Engagers
U08312,18,iOS,30,8.5,86,28,6,16,14,0,0,Power Users
U08313,37,Android,17,11.4,48,10,3,25,5,0,1,Casual Browsers
U08314,61,iOS,6,10.7,11,1,0,43,5,0,3,At-Risk/Dormant
U08315,19,Android,5,6.3,10,0,0,43,4,0,3,At-Risk/Dormant
U08316,21,Android,8,0.5,13,1,0,40,2,0,3,At-Risk/Dormant
U08317,50,Android,29,18.2,72,14,3,9,15,0,2,Steady Engagers
U08318,39,Android,17,5.3,35,2,0,27,7,0,1,Casual Browsers
U08319,29,iOS,24,10.2,63,14,2,21,14,1,2,Steady Engagers
U08320,27,Android,18,8.7,56,9,1,18,9,0,1,Casual Browsers
U08321,49,Android,20,9.1,55,6,3,21,10,0,1,Casual Browsers
U08322,43,Android,20,0.8,41,8,2,30,4,0,3,At-Risk/Dormant
U08323,48,iOS,16,5.6,37,4,0,51,7,1,3,At-Risk/Dormant
U08324,31,Web,29,16.5,94,20,3,8,20,0,2,Steady Engagers
U08325,43,iOS,4,10.1,8,0,0,47,1,1,3,At-Risk/Dormant
U08326,59,iOS,12,0.5,16,3,0,33,5,0,3,At-Risk/Dormant
U08327,33,Web,11,8.3,18,0,0,32,8,1,3,At-Risk/Dormant
U08328,37,Android,17,7.2,45,13,2,20,9,0,1,Casual Browsers
U08329,25,Android,10,4.1,23,6,1,33,1,0,3,At-Risk/Dormant
U08330,48,iOS,19,8.1,53,11,2,16,7,0,1,Casual Browsers
U08331,19,Android,12,8.8,24,3,0,34,6,1,3,At-Risk/Dormant
U08332,29,iOS,21,14.1,73,19,2,13,7,0,2,Steady Engagers
U08333,52,iOS,23,12.3,62,18,6,19,11,0,2,Steady Engagers
U08334,18,Android,3,4.5,2,0,0,46,1,1,3,At-Risk/Dormant
U08335,65,iOS,11,8.0,21,2,0,36,9,1,3,At-Risk/Dormant
U08336,37,Android,36,14.3,121,38,6,1,14,0,0,Power Users
U08337,37,Android,20,12.3,69,14,0,17,8,0,1,Casual Browsers
U08338,43,Web,9,2.6,13,0,0,40,1,1,3,At-Risk/Dormant
U08339,48,iOS,21,14.2,73,25,4,12,10,0,2,Steady Engagers
U08340,40,Android,12,5.9,24,6,0,48,3,1,3,At-Risk/Dormant
U08341,60,Android,15,12.0,49,8,0,23,4,0,1,Casual Browsers
U08342,64,Android,28,10.0,91,19,0,25,8,0,2,Steady Engagers
U08343,27,Android,12,13.1,25,6,0,28,6,0,1,Casual Browsers
U08344,51,Android,29,15.2,118,36,5,2,13,0,0,Power Users
U08345,32,Android,12,1.6,26,1,0,36,2,0,3,At-Risk/Dormant
U08346,65,Web,22,6.7,48,9,0,23,8,0,1,Casual Browsers
U08347,30,Web,11,2.6,20,2,0,33,4,0,3,At-Risk/Dormant
U08348,32,iOS,11,9.3,33,6,0,26,6,0,1,Casual Browsers
U08349,52,iOS,26,16.3,66,18,4,22,12,0,2,Steady Engagers
U08350,55,iOS,27,18.6,91,23,2,4,15,0,2,Steady Engagers
U08351,24,iOS,20,13.5,52,12,1,15,9,0,2,Steady Engagers
U08352,44,Web,13,14.3,32,11,2,21,11,0,1,Casual Browsers
U08353,34,iOS,35,18.6,106,27,6,0,11,0,0,Power Users
U08354,47,iOS,17,19.0,61,18,3,6,20,0,2,Steady Engagers
U08355,44,Web,29,13.4,83,25,1,22,8,0,2,Steady Engagers
U08356,65,iOS,24,10.0,63,9,1,14,5,0,1,Casual Browsers
U08357,62,Android,34,13.9,107,44,11,9,12,0,0,Power Users
U08358,49,Android,6,4.6,7,1,0,34,2,0,3,At-Risk/Dormant
U08359,50,Android,22,6.9,53,9,3,28,13,0,1,Casual Browsers
U08360,61,Android,17,5.5,28,3,0,33,4,0,3,At-Risk/Dormant
U08361,26,Android,18,11.2,64,20,3,17,10,0,2,Steady Engagers
U08362,52,Android,30,15.1,94,17,0,8,12,0,2,Steady Engagers
U08363,55,Android,16,5.6,36,5,1,29,2,0,3,At-Risk/Dormant
U08364,24,Web,24,15.9,65,7,2,17,7,0,2,Steady Engagers
U08365,60,Android,18,9.0,35,7,0,32,11,0,1,Casual Browsers
U08366,51,Android,5,1.4,12,0,0,40,1,0,3,At-Risk/Dormant
U08367,34,Android,26,18.3,95,29,4,8,11,0,0,Power Users
U08368,41,Android,27,17.7,82,18,6,6,8,0,2,Steady Engagers
U08369,41,iOS,17,3.9,29,3,1,35,4,1,3,At-Risk/Dormant
U08370,62,iOS,14,6.7,37,9,0,26,7,0,1,Casual Browsers
U08371,64,Android,7,8.2,15,1,0,44,3,1,3,At-Risk/Dormant
U08372,56,iOS,46,18.9,180,62,8,0,23,0,0,Power Users
U08373,49,Android,17,14.1,62,16,1,37,10,0,1,Casual Browsers
U08374,22,iOS,31,17.1,98,25,3,19,10,0,2,Steady Engagers
U08375,61,Web,17,10.9,47,9,2,23,5,0,1,Casual Browsers
U08376,24,Web,24,5.9,62,11,0,21,4,0,1,Casual Browsers
U08377,26,Android,16,8.3,42,9,0,32,8,0,1,Casual Browsers
U08378,21,iOS,17,7.7,45,5,1,22,2,0,1,Casual Browsers
U08379,63,iOS,19,7.5,47,6,0,30,10,0,1,Casual Browsers
U08380,41,Web,27,16.1,92,22,5,14,13,0,2,Steady Engagers
U08381,29,Android,9,5.7,23,3,0,33,2,1,3,At-Risk/Dormant
U08382,21,iOS,15,7.9,31,8,1,23,6,0,1,Casual Browsers
U08383,37,Android,30,14.2,98,26,4,11,11,0,2,Steady Engagers
U08384,52,Android,16,7.8,51,17,2,22,10,0,1,Casual Browsers
U08385,65,iOS,12,7.6,32,4,1,29,3,0,3,At-Risk/Dormant
U08386,44,Android,17,6.1,33,8,0,32,5,0,1,Casual Browsers
U08387,47,Android,9,5.6,18,2,0,36,1,1,3,At-Risk/Dormant
U08388,58,Web,15,5.8,45,6,0,34,3,0,3,At-Risk/Dormant
U08389,61,iOS,14,4.9,35,5,1,35,4,1,3,At-Risk/Dormant
U08390,31,Web,1,0.5,1,0,0,45,0,1,3,At-Risk/Dormant
U08391,65,iOS,30,11.8,100,27,7,9,18,0,0,Power Users
U08392,42,Web,4,0.5,6,0,1,52,4,1,3,At-Risk/Dormant
U08393,62,iOS,14,7.2,22,5,0,26,6,1,1,Casual Browsers
U08394,23,Android,14,8.4,50,7,1,33,5,0,1,Casual Browsers
U08395,22,Android,26,9.9,71,19,3,12,11,0,2,Steady Engagers
U08396,60,Web,15,0.5,33,5,0,30,8,0,3,At-Risk/Dormant
U08397,50,Android,21,15.5,65,11,1,13,8,0,2,Steady Engagers
U08398,26,Android,9,9.8,30,2,0,26,10,0,1,Casual Browsers
U08399,60,iOS,24,7.8,71,13,1,20,12,0,2,Steady Engagers
U08400,22,Android,23,12.2,65,13,2,15,12,0,2,Steady Engagers
U08401,50,Android,18,14.6,64,18,3,25,11,0,2,Steady Engagers
U08402,27,iOS,26,13.6,71,18,1,22,9,0,2,Steady Engagers
U08403,21,Android,19,11.5,66,11,3,22,9,0,2,Steady Engagers
U08404,56,iOS,31,14.6,105,34,5,7,14,0,0,Power Users
U08405,58,Android,13,8.0,31,3,0,34,6,0,3,At-Risk/Dormant
U08406,23,iOS,41,15.6,180,48,7,0,16,0,0,Power Users
U08407,22,Android,6,0.5,10,2,1,39,4,1,3,At-Risk/Dormant
U08408,47,iOS,7,6.2,15,4,0,33,4,1,3,At-Risk/Dormant
U08409,19,Android,12,8.3,24,4,0,28,5,0,1,Casual Browsers
U08410,53,Android,15,7.1,32,3,0,28,3,0,3,At-Risk/Dormant
U08411,61,Web,28,12.2,93,15,0,35,12,0,2,Steady Engagers
U08412,54,Android,28,14.1,103,31,4,0,13,0,0,Power Users
U08413,29,iOS,30,11.7,109,28,4,0,16,0,0,Power Users
U08414,27,Android,23,15.7,80,20,5,12,11,0,2,Steady Engagers
U08415,50,Android,27,12.8,89,27,3,11,12,0,2,Steady Engagers
U08416,20,Android,21,7.8,45,6,0,35,9,0,1,Casual Browsers
U08417,43,Web,19,9.7,64,14,4,16,14,0,2,Steady Engagers
U08418,39,Android,8,5.3,14,0,0,38,4,1,3,At-Risk/Dormant
U08419,53,Android,24,13.0,72,22,4,10,12,0,2,Steady Engagers
U08420,27,iOS,12,9.0,26,2,0,38,4,0,3,At-Risk/Dormant
U08421,54,Android,13,8.0,21,5,0,32,7,1,1,Casual Browsers
U08422,51,iOS,19,10.1,55,9,0,18,10,0,1,Casual Browsers
U08423,29,Web,18,8.5,61,11,0,24,9,0,1,Casual Browsers
U08424,35,iOS,9,6.5,19,1,0,35,3,1,3,At-Risk/Dormant
U08425,21,iOS,21,10.0,76,21,3,3,9,0,2,Steady Engagers
U08426,39,Android,14,4.6,28,3,0,35,1,1,3,At-Risk/Dormant
U08427,30,Web,19,5.5,46,9,2,23,7,0,1,Casual Browsers
U08428,23,iOS,17,11.8,41,7,0,17,11,0,1,Casual Browsers
U08429,44,Android,13,10.6,28,3,0,27,5,0,1,Casual Browsers
U08430,45,Web,15,0.5,31,4,0,30,7,0,3,At-Risk/Dormant
U08431,22,Web,18,12.1,49,5,0,26,9,0,1,Casual Browsers
U08432,26,Android,4,4.4,12,0,0,39,3,1,3,At-Risk/Dormant
U08433,21,Android,12,6.9,13,2,0,32,8,0,3,At-Risk/Dormant
U08434,50,iOS,10,7.6,26,4,1,37,5,0,3,At-Risk/Dormant
U08435,34,Web,16,7.8,32,4,0,30,4,0,1,Casual Browsers
U08436,21,iOS,22,13.9,64,15,1,19,17,0,2,Steady Engagers
U08437,27,Android,26,8.3,77,17,3,16,10,0,2,Steady Engagers
U08438,64,Android,14,11.3,62,13,3,12,9,0,2,Steady Engagers
U08439,30,Android,31,19.2,123,22,7,4,9,0,0,Power Users
U08440,50,Android,6,5.9,10,1,0,43,3,0,3,At-Risk/Dormant
U08441,40,iOS,21,10.8,56,10,2,37,7,0,1,Casual Browsers
U08442,26,Android,7,3.3,11,0,0,35,7,0,3,At-Risk/Dormant
U08443,32,Android,19,8.2,57,12,2,36,12,0,1,Casual Browsers
U08444,18,Web,24,9.1,51,9,1,22,7,0,1,Casual Browsers
U08445,53,Android,17,14.2,48,10,3,26,6,0,1,Casual Browsers
U08446,34,Android,23,11.9,63,13,2,22,6,0,1,Casual Browsers
U08447,41,Web,16,9.1,34,5,1,22,11,0,1,Casual Browsers
U08448,25,Android,20,9.6,64,15,5,26,6,0,2,Steady Engagers
U08449,57,Web,16,5.4,33,2,1,42,9,1,3,At-Risk/Dormant
U08450,28,Android,13,9.9,26,3,0,31,5,0,1,Casual Browsers
U08451,45,Android,31,13.7,77,17,1,14,11,0,2,Steady Engagers
U08452,59,iOS,19,1.8,34,7,0,25,7,0,1,Casual Browsers
U08453,52,Android,33,13.9,105,22,4,9,19,0,0,Power Users
U08454,46,iOS,23,16.0,59,11,1,21,10,0,2,Steady Engagers
U08455,60,Android,33,16.0,123,43,6,6,16,0,0,Power Users
U08456,26,iOS,18,9.4,48,6,0,28,8,1,1,Casual Browsers
U08457,64,Android,11,9.9,30,3,0,38,1,1,3,At-Risk/Dormant
U08458,44,iOS,20,15.9,57,13,3,22,9,0,2,Steady Engagers
U08459,37,iOS,10,5.2,31,6,0,37,3,0,3,At-Risk/Dormant
U08460,30,iOS,16,7.3,37,4,0,29,2,1,3,At-Risk/Dormant
U08461,53,Android,30,15.0,119,27,2,7,9,0,2,Steady Engagers
U08462,64,iOS,26,14.8,78,17,3,8,15,0,2,Steady Engagers
U08463,51,iOS,5,2.8,10,2,0,40,2,1,3,At-Risk/Dormant
U08464,19,Android,6,9.1,10,3,0,35,6,1,3,At-Risk/Dormant
U08465,40,iOS,16,6.3,51,7,1,33,11,1,1,Casual Browsers
U08466,53,Android,22,10.3,66,14,2,15,6,0,2,Steady Engagers
U08467,37,Android,27,10.3,78,17,4,12,7,0,2,Steady Engagers
U08468,55,iOS,30,16.8,103,17,1,19,15,0,2,Steady Engagers
U08469,51,Android,13,8.4,29,5,0,37,5,0,3,At-Risk/Dormant
U08470,21,Android,13,8.7,37,5,0,33,5,0,1,Casual Browsers
U08471,44,iOS,16,8.8,43,8,2,27,5,0,1,Casual Browsers
U08472,26,iOS,15,3.5,38,8,0,30,7,0,1,Casual Browsers
U08473,41,Android,29,15.1,105,26,3,9,12,0,2,Steady Engagers
U08474,36,Android,15,7.9,40,6,2,21,9,0,1,Casual Browsers
U08475,56,Android,14,3.2,25,1,1,36,7,0,3,At-Risk/Dormant
U08476,59,iOS,17,16.7,53,9,1,22,5,0,1,Casual Browsers
U08477,40,iOS,17,10.0,45,6,0,31,4,0,1,Casual Browsers
U08478,43,iOS,34,16.9,126,33,3,0,19,0,0,Power Users
U08479,48,iOS,15,8.3,40,8,1,27,13,0,1,Casual Browsers
U08480,49,Web,29,16.4,101,24,3,11,9,0,2,Steady Engagers
U08481,48,Android,11,3.7,27,4,0,36,4,1,3,At-Risk/Dormant
U08482,55,Android,31,12.4,85,20,4,20,4,0,2,Steady Engagers
U08483,65,Android,26,13.8,75,15,1,26,6,0,2,Steady Engagers
U08484,57,Android,5,3.7,10,0,0,50,4,1,3,At-Risk/Dormant
U08485,24,Android,21,11.1,58,12,1,23,3,0,1,Casual Browsers
U08486,40,Web,18,6.0,34,5,0,27,4,1,1,Casual Browsers
U08487,40,Android,20,11.9,57,8,0,20,10,0,1,Casual Browsers
U08488,42,Android,17,8.3,44,6,4,25,6,0,1,Casual Browsers
U08489,43,iOS,7,0.8,26,3,0,35,1,1,3,At-Risk/Dormant
U08490,52,Web,12,7.2,22,3,0,45,7,0,3,At-Risk/Dormant
U08491,38,Android,28,12.0,90,18,5,24,10,0,2,Steady Engagers
U08492,30,iOS,16,3.0,41,6,0,31,4,1,3,At-Risk/Dormant
U08493,39,Web,36,14.1,137,41,6,2,13,0,0,Power Users
U08494,59,Android,18,12.4,59,16,5,29,14,0,2,Steady Engagers
U08495,32,iOS,29,11.9,91,21,4,22,13,0,2,Steady Engagers
U08496,18,Android,12,15.3,35,3,0,21,3,0,1,Casual Browsers
U08497,64,Android,25,15.7,66,17,2,13,14,0,2,Steady Engagers
U08498,27,Android,20,11.4,67,17,3,22,8,0,2,Steady Engagers
U08499,46,Android,10,5.9,26,7,1,28,4,0,3,At-Risk/Dormant
U08500,56,iOS,8,8.9,20,4,0,32,3,0,3,At-Risk/Dormant
U08501,31,Web,28,13.8,98,31,5,27,8,0,2,Steady Engagers
U08502,34,Android,13,4.5,33,6,0,30,6,0,3,At-Risk/Dormant
U08503,31,iOS,6,7.2,14,2,0,54,7,1,3,At-Risk/Dormant
U08504,25,Android,23,16.2,80,21,2,3,9,0,2,Steady Engagers
U08505,25,Android,29,12.9,98,25,3,7,19,0,0,Power Users
U08506,26,iOS,15,2.4,44,8,1,36,3,1,3,At-Risk/Dormant
U08507,39,Android,9,8.2,12,2,1,34,2,0,3,At-Risk/Dormant
U08508,43,iOS,26,13.4,78,15,2,12,17,0,2,Steady Engagers
U08509,18,Android,6,3.5,12,2,0,40,2,1,3,At-Risk/Dormant
U08510,58,Web,19,13.1,65,12,2,24,8,0,1,Casual Browsers
U08511,50,Android,9,6.0,15,1,1,43,2,1,3,At-Risk/Dormant
U08512,21,Android,27,13.5,97,22,6,8,15,0,0,Power Users
U08513,58,iOS,19,9.9,49,15,3,28,6,0,1,Casual Browsers
U08514,19,iOS,15,14.8,32,7,2,20,6,0,1,Casual Browsers
U08515,44,Android,24,9.1,48,6,0,15,8,0,1,Casual Browsers
U08516,40,Web,7,9.2,15,3,2,39,4,0,3,At-Risk/Dormant
U08517,42,Android,13,13.7,35,5,1,39,5,1,1,Casual Browsers
U08518,63,Android,18,11.9,55,10,2,37,11,0,1,Casual Browsers
U08519,62,Android,15,1.9,25,3,0,33,5,0,3,At-Risk/Dormant
U08520,31,iOS,20,9.7,36,11,1,21,5,0,1,Casual Browsers
U08521,45,iOS,14,6.8,24,3,0,30,7,0,1,Casual Browsers
U08522,64,Web,16,8.0,49,10,1,30,5,0,1,Casual Browsers
U08523,52,iOS,28,15.9,91,23,1,22,8,0,2,Steady Engagers
U08524,60,Android,13,8.7,33,7,2,28,9,0,1,Casual Browsers
U08525,38,Android,12,6.9,25,4,0,47,6,1,3,At-Risk/Dormant
U08526,31,Android,15,7.0,32,5,0,31,5,0,1,Casual Browsers
U08527,42,iOS,22,11.7,73,20,3,28,8,0,2,Steady Engagers
U08528,57,Android,15,7.5,38,5,1,22,9,0,1,Casual Browsers
U08529,62,iOS,25,13.7,67,12,0,22,11,0,2,Steady Engagers
U08530,50,iOS,18,5.2,49,6,2,24,3,0,1,Casual Browsers
U08531,51,iOS,18,10.0,43,8,1,26,3,0,1,Casual Browsers
U08532,42,Android,18,9.5,47,11,1,24,4,0,1,Casual Browsers
U08533,33,Android,27,12.7,83,24,3,19,9,0,2,Steady Engagers
U08534,38,Web,10,2.5,28,3,0,34,6,1,3,At-Risk/Dormant
U08535,41,iOS,31,15.6,141,36,4,0,9,0,0,Power Users
U08536,57,iOS,20,12.5,50,10,2,21,9,0,1,Casual Browsers
U08537,44,iOS,15,5.6,33,4,1,47,3,0,3,At-Risk/Dormant
U08538,56,Web,4,4.5,6,1,0,45,1,1,3,At-Risk/Dormant
U08539,19,Android,32,20.1,116,31,8,0,20,0,0,Power Users
U08540,54,Web,29,18.5,119,35,8,2,7,0,0,Power Users
U08541,42,Android,5,3.0,7,1,0,47,4,1,3,At-Risk/Dormant
U08542,65,Web,3,0.5,7,0,0,42,2,0,3,At-Risk/Dormant
U08543,40,Android,27,13.2,84,17,2,12,11,0,2,Steady Engagers
U08544,40,Android,20,13.1,40,7,0,27,5,0,1,Casual Browsers
U08545,24,Android,29,10.9,99,25,1,10,8,0,2,Steady Engagers
U08546,56,Web,29,16.0,95,31,8,3,12,0,0,Power Users
U08547,51,Web,30,18.3,93,24,4,8,17,0,0,Power Users
U08548,59,Android,25,14.0,87,22,4,14,9,0,2,Steady Engagers
U08549,22,Android,10,6.6,19,0,0,33,9,0,3,At-Risk/Dormant
U08550,28,Android,7,3.4,17,1,0,40,2,1,3,At-Risk/Dormant
U08551,60,Android,10,9.1,36,12,2,27,5,0,1,Casual Browsers
U08552,20,iOS,35,15.6,119,28,3,1,14,0,0,Power Users
U08553,42,Android,16,10.1,49,5,0,23,6,0,1,Casual Browsers
U08554,37,Web,9,3.5,30,6,1,38,4,0,3,At-Risk/Dormant
U08555,63,Web,13,11.1,34,3,0,35,2,0,3,At-Risk/Dormant
U08556,59,Android,24,13.8,80,18,4,10,13,0,2,Steady Engagers
U08557,61,iOS,22,7.7,66,17,1,36,11,0,1,Casual Browsers
U08558,31,Web,24,12.0,59,17,2,9,7,0,2,Steady Engagers
U08559,46,Web,5,0.5,10,1,0,57,3,1,3,At-Risk/Dormant
U08560,51,iOS,35,15.7,117,26,6,0,15,0,0,Power Users
U08561,64,Android,10,6.9,25,7,1,27,4,0,3,At-Risk/Dormant
U08562,18,Android,25,14.3,81,22,4,21,14,0,2,Steady Engagers
U08563,64,iOS,5,2.1,13,2,0,35,3,0,3,At-Risk/Dormant
U08564,35,Android,30,8.4,99,23,6,18,17,0,0,Power Users
U08565,24,iOS,13,0.5,19,4,0,34,4,0,3,At-Risk/Dormant
U08566,47,iOS,17,10.9,57,11,1,26,14,0,1,Casual Browsers
U08567,55,Android,19,11.2,53,11,0,22,6,0,1,Casual Browsers
U08568,24,Android,24,0.5,64,9,0,22,11,0,1,Casual Browsers
U08569,19,Android,5,4.1,16,4,0,48,2,1,3,At-Risk/Dormant
U08570,61,Web,26,11.4,89,16,1,20,18,0,2,Steady Engagers
U08571,62,Android,12,8.7,26,5,1,34,2,0,3,At-Risk/Dormant
U08572,25,Android,25,15.4,69,12,0,15,7,0,2,Steady Engagers
U08573,61,Web,15,4.9,38,9,1,25,5,0,1,Casual Browsers
U08574,61,iOS,20,10.9,67,14,2,13,11,0,2,Steady Engagers
U08575,65,iOS,18,13.6,54,10,0,20,9,0,1,Casual Browsers
U08576,28,Web,11,10.0,35,8,1,34,5,0,1,Casual Browsers
U08577,45,Android,9,5.9,23,3,2,31,4,0,3,At-Risk/Dormant
U08578,65,Web,22,16.1,65,15,1,8,14,0,2,Steady Engagers
U08579,61,Web,11,5.6,16,1,0,35,3,1,3,At-Risk/Dormant
U08580,47,Android,20,10.8,47,7,1,22,9,0,1,Casual Browsers
U08581,27,Android,26,11.7,58,11,1,27,11,0,2,Steady Engagers
U08582,22,Android,13,7.9,45,9,0,36,7,0,1,Casual Browsers
U08583,30,iOS,20,9.5,44,9,0,33,12,0,1,Casual Browsers
U08584,21,iOS,13,10.8,38,6,1,19,12,0,1,Casual Browsers
U08585,27,iOS,9,6.6,14,1,0,41,3,0,3,At-Risk/Dormant
U08586,21,Web,20,9.5,57,13,1,18,10,0,1,Casual Browsers
U08587,54,iOS,9,8.7,25,5,1,43,3,0,3,At-Risk/Dormant
U08588,46,iOS,25,11.0,73,17,0,17,11,0,2,Steady Engagers
U08589,42,iOS,11,7.5,23,2,0,36,3,1,3,At-Risk/Dormant
U08590,56,iOS,10,5.6,15,4,0,41,2,0,3,At-Risk/Dormant
U08591,37,Android,15,6.5,43,9,0,24,10,0,1,Casual Browsers
U08592,37,iOS,7,3.0,18,0,0,40,1,0,3,At-Risk/Dormant
U08593,27,iOS,27,11.0,93,27,3,20,12,0,2,Steady Engagers
U08594,39,Android,27,13.4,99,29,8,7,10,0,0,Power Users
U08595,26,iOS,28,6.7,83,19,2,20,9,0,2,Steady Engagers
U08596,46,iOS,30,13.0,95,22,3,8,12,0,2,Steady Engagers
U08597,65,Android,12,8.8,32,5,0,36,1,1,3,At-Risk/Dormant
U08598,43,Web,8,6.2,15,2,0,40,4,0,3,At-Risk/Dormant
U08599,32,Android,6,0.5,10,0,1,37,4,0,3,At-Risk/Dormant
U08600,51,iOS,9,4.8,11,1,0,38,5,1,3,At-Risk/Dormant
U08601,57,iOS,14,15.2,42,7,1,32,8,0,1,Casual Browsers
U08602,40,Android,20,5.2,42,9,0,37,6,0,1,Casual Browsers
U08603,30,Android,22,9.8,43,9,1,21,8,0,1,Casual Browsers
U08604,52,Android,16,10.6,24,2,0,52,6,0,3,At-Risk/Dormant
U08605,26,Android,7,1.0,18,1,0,35,5,0,3,At-Risk/Dormant
U08606,65,iOS,28,12.5,84,25,6,12,10,0,0,Power Users
U08607,33,Android,17,10.0,40,5,1,25,6,0,1,Casual Browsers
U08608,34,Web,5,3.4,11,1,0,37,2,0,3,At-Risk/Dormant
U08609,52,Android,13,3.9,23,4,0,31,10,0,3,At-Risk/Dormant
U08610,18,Android,26,14.0,78,21,1,18,11,0,2,Steady Engagers
U08611,27,Web,29,9.0,92,20,1,7,16,0,2,Steady Engagers
U08612,24,iOS,23,5.8,64,14,0,20,8,0,1,Casual Browsers
U08613,36,iOS,18,8.9,43,8,1,14,5,0,1,Casual Browsers
U08614,44,iOS,12,4.0,32,5,0,41,6,0,3,At-Risk/Dormant
U08615,26,Web,29,10.5,106,25,5,8,14,0,0,Power Users
U08616,34,Android,22,9.0,64,17,2,35,7,0,1,Casual Browsers
U08617,55,Android,24,10.8,80,14,3,18,8,0,2,Steady Engagers
U08618,63,Web,16,8.5,33,3,0,32,3,1,1,Casual Browsers
U08619,18,Android,8,7.4,11,1,0,42,3,0,3,At-Risk/Dormant
U08620,48,iOS,19,9.3,52,9,3,23,7,0,1,Casual Browsers
U08621,19,iOS,15,9.6,29,3,0,39,3,0,3,At-Risk/Dormant
U08622,42,iOS,16,12.3,39,7,2,33,6,0,1,Casual Browsers
U08623,60,iOS,24,9.4,63,12,2,17,14,0,2,Steady Engagers
U08624,56,Web,1,0.5,1,0,0,47,2,1,3,At-Risk/Dormant
U08625,29,Android,17,5.9,41,5,0,25,6,0,1,Casual Browsers
U08626,30,iOS,10,5.3,20,2,0,35,1,0,3,At-Risk/Dormant
U08627,55,iOS,9,12.5,24,3,0,27,4,1,1,Casual Browsers
U08628,57,Android,6,2.3,12,2,0,40,2,0,3,At-Risk/Dormant
U08629,31,Web,29,14.9,108,28,5,21,9,0,0,Power Users
U08630,18,iOS,6,2.2,10,1,0,41,3,0,3,At-Risk/Dormant
U08631,39,Android,17,14.5,52,10,3,26,14,0,2,Steady Engagers
U08632,47,Web,20,12.2,61,10,3,21,13,0,2,Steady Engagers
U08633,39,Web,8,3.6,18,3,0,32,5,1,3,At-Risk/Dormant
U08634,62,Android,15,9.9,38,8,1,34,8,0,1,Casual Browsers
U08635,57,iOS,14,12.1,37,10,0,13,6,0,1,Casual Browsers
U08636,55,Android,24,11.8,60,11,1,19,8,0,1,Casual Browsers
U08637,18,Android,6,0.5,15,2,0,43,0,1,3,At-Risk/Dormant
U08638,58,Android,16,3.9,38,2,0,27,16,0,1,Casual Browsers
U08639,54,Web,25,11.7,77,14,3,17,13,0,2,Steady Engagers
U08640,37,Android,25,9.2,67,13,2,13,6,0,2,Steady Engagers
U08641,46,Android,9,6.1,24,4,0,31,3,1,3,At-Risk/Dormant
U08642,57,iOS,20,9.5,70,16,2,21,9,0,2,Steady Engagers
U08643,61,Android,20,8.7,58,8,0,25,8,0,1,Casual Browsers
U08644,44,Android,8,4.0,15,2,0,43,3,0,3,At-Risk/Dormant
U08645,19,Android,20,11.3,48,11,2,31,11,0,1,Casual Browsers
U08646,47,iOS,14,8.6,44,7,0,33,3,1,1,Casual Browsers
U08647,50,iOS,36,19.1,121,35,3,0,16,0,0,Power Users
U08648,20,iOS,22,13.6,71,17,3,15,12,0,2,Steady Engagers
U08649,57,Android,8,3.8,25,3,0,34,6,0,3,At-Risk/Dormant
U08650,27,iOS,8,6.4,15,3,0,46,2,1,3,At-Risk/Dormant
U08651,60,iOS,15,9.4,44,8,0,32,10,0,1,Casual Browsers
U08652,44,Android,17,9.5,36,7,1,28,6,0,1,Casual Browsers
U08653,33,Android,3,5.0,3,1,1,48,0,0,3,At-Risk/Dormant
U08654,20,Android,18,8.5,53,11,0,21,6,0,1,Casual Browsers
U08655,18,Android,27,12.7,82,32,5,15,16,0,0,Power Users
U08656,53,Android,26,14.7,79,18,2,59,14,0,2,Steady Engagers
U08657,36,Web,32,10.5,111,30,6,13,13,0,0,Power Users
U08658,58,iOS,29,13.1,84,20,2,8,19,0,2,Steady Engagers
U08659,29,iOS,30,16.2,98,28,5,7,8,0,0,Power Users
U08660,62,Android,16,8.3,48,8,1,26,5,0,1,Casual Browsers
U08661,63,iOS,41,13.9,116,39,5,0,11,0,0,Power Users
U08662,22,iOS,12,12.9,40,5,0,20,10,0,1,Casual Browsers
U08663,49,Web,13,8.0,30,8,2,35,3,0,3,At-Risk/Dormant
U08664,63,Android,8,6.7,22,3,0,32,5,1,3,At-Risk/Dormant
U08665,33,iOS,7,0.5,16,1,0,45,2,0,3,At-Risk/Dormant
U08666,21,Android,27,12.4,82,17,3,15,10,0,2,Steady Engagers
U08667,60,iOS,22,14.0,69,14,0,10,3,0,2,Steady Engagers
U08668,40,Web,18,10.0,55,12,0,24,8,0,1,Casual Browsers
U08669,19,iOS,14,14.5,38,11,1,18,7,0,1,Casual Browsers
U08670,58,iOS,12,8.8,26,4,0,28,9,0,1,Casual Browsers
U08671,50,Web,17,6.4,44,15,0,26,10,0,1,Casual Browsers
U08672,21,Web,17,10.7,34,8,0,23,7,0,1,Casual Browsers
U08673,30,Android,10,6.6,15,2,0,38,5,1,3,At-Risk/Dormant
U08674,18,Android,14,6.5,30,4,1,27,9,0,1,Casual Browsers
U08675,63,iOS,24,7.6,62,11,0,16,9,0,1,Casual Browsers
U08676,19,Web,33,15.4,129,36,6,0,17,0,0,Power Users
U08677,56,iOS,17,9.2,54,12,1,18,5,0,1,Casual Browsers
U08678,42,Android,17,8.5,43,6,0,25,9,0,1,Casual Browsers
U08679,45,iOS,32,14.4,106,25,4,1,11,0,0,Power Users
U08680,56,Android,35,19.9,124,37,11,8,5,0,0,Power Users
U08681,60,Android,19,14.0,65,21,4,11,12,0,2,Steady Engagers
U08682,24,Android,29,11.5,74,18,5,17,7,0,2,Steady Engagers
U08683,18,Android,30,16.0,115,36,5,5,9,0,0,Power Users
U08684,23,iOS,30,15.1,93,26,3,22,11,0,2,Steady Engagers
U08685,50,Android,13,3.1,28,4,0,33,5,0,3,At-Risk/Dormant
U08686,45,Android,14,9.6,29,1,0,28,4,0,1,Casual Browsers
U08687,22,iOS,24,15.3,68,10,2,17,11,0,2,Steady Engagers
U08688,29,Android,3,7.6,8,2,0,38,0,0,3,At-Risk/Dormant
U08689,43,Android,13,4.2,28,4,0,30,8,0,3,At-Risk/Dormant
U08690,53,Android,17,14.5,37,6,0,43,9,0,1,Casual Browsers
U08691,34,Android,25,12.8,65,11,1,21,10,0,2,Steady Engagers
U08692,63,iOS,10,10.5,23,3,0,35,7,0,1,Casual Browsers
U08693,65,Android,7,2.3,10,1,0,37,5,1,3,At-Risk/Dormant
U08694,54,Android,32,9.9,103,19,1,8,11,0,2,Steady Engagers
U08695,39,Android,26,14.9,67,13,1,17,10,0,2,Steady Engagers
U08696,60,Android,19,5.1,39,7,0,29,5,1,1,Casual Browsers
U08697,52,Android,19,8.0,41,11,0,34,4,0,1,Casual Browsers
U08698,42,Android,19,4.0,49,8,1,25,11,0,1,Casual Browsers
U08699,39,Android,14,0.7,23,1,0,43,5,1,3,At-Risk/Dormant
U08700,57,Android,22,9.0,58,10,1,22,9,0,1,Casual Browsers
U08701,44,Web,25,17.2,79,18,2,10,15,0,2,Steady Engagers
U08702,26,Android,16,8.7,37,5,0,26,9,0,1,Casual Browsers
U08703,65,Android,30,8.8,70,5,1,28,11,0,1,Casual Browsers
U08704,21,iOS,9,7.6,15,4,0,44,1,0,3,At-Risk/Dormant
U08705,51,Android,18,11.2,42,3,0,28,8,0,1,Casual Browsers
U08706,49,iOS,26,9.8,83,14,1,15,11,0,2,Steady Engagers
U08707,46,Android,11,4.6,23,2,0,39,3,0,3,At-Risk/Dormant
U08708,20,iOS,21,12.6,72,16,1,16,9,0,2,Steady Engagers
U08709,41,Web,5,1.1,8,0,0,43,0,1,3,At-Risk/Dormant
U08710,60,Android,29,12.7,83,21,2,13,12,0,2,Steady Engagers
U08711,29,Android,10,9.4,26,8,0,33,4,0,3,At-Risk/Dormant
U08712,51,iOS,39,13.8,143,39,7,0,12,0,0,Power Users
U08713,59,Web,8,3.5,17,2,0,44,2,0,3,At-Risk/Dormant
U08714,63,Android,8,6.1,24,3,0,35,5,0,3,At-Risk/Dormant
U08715,42,iOS,24,11.5,77,22,0,29,11,0,2,Steady Engagers
U08716,33,Android,27,14.2,89,21,7,10,12,0,0,Power Users
U08717,51,iOS,22,9.9,53,12,2,18,8,0,1,Casual Browsers
U08718,41,Android,6,1.6,9,1,0,40,2,1,3,At-Risk/Dormant
U08719,48,iOS,30,13.6,94,22,3,11,12,0,2,Steady Engagers
U08720,53,Android,8,1.9,13,3,1,34,7,0,3,At-Risk/Dormant
U08721,52,iOS,16,7.4,48,11,3,29,5,0,1,Casual Browsers
U08722,29,Android,27,9.8,78,13,1,12,12,0,2,Steady Engagers
U08723,54,iOS,11,13.1,18,3,1,24,9,0,1,Casual Browsers
U08724,44,iOS,19,8.1,44,8,1,35,2,0,1,Casual Browsers
U08725,62,Web,15,5.9,34,6,0,24,11,0,1,Casual Browsers
U08726,49,Web,17,11.1,64,13,2,31,9,0,1,Casual Browsers
U08727,60,iOS,37,15.3,150,40,7,0,20,0,0,Power Users
U08728,64,iOS,34,15.8,116,35,3,1,15,0,0,Power Users
U08729,65,Android,14,7.1,37,10,1,25,6,0,1,Casual Browsers
U08730,53,Web,23,9.0,74,14,6,12,10,0,2,Steady Engagers
U08731,46,iOS,20,10.4,52,12,3,22,7,0,1,Casual Browsers
U08732,23,Android,6,2.1,11,2,0,38,2,1,3,At-Risk/Dormant
U08733,36,Android,47,19.4,181,59,14,0,17,0,0,Power Users
U08734,40,iOS,19,2.6,50,5,0,27,8,0,1,Casual Browsers
U08735,55,Web,24,11.5,64,10,0,21,7,0,1,Casual Browsers
U08736,46,Web,7,3.8,22,3,0,35,3,1,3,At-Risk/Dormant
U08737,39,iOS,15,11.2,41,9,0,23,10,0,1,Casual Browsers
U08738,25,Android,20,7.4,53,10,1,23,4,0,1,Casual Browsers
U08739,52,Web,14,10.7,39,4,0,23,9,1,1,Casual Browsers
U08740,38,iOS,34,14.4,140,29,6,2,8,0,0,Power Users
U08741,19,iOS,23,10.3,51,10,1,24,12,0,1,Casual Browsers
U08742,31,iOS,7,8.9,11,2,0,33,4,1,3,At-Risk/Dormant
U08743,60,iOS,46,19.0,185,55,8,0,25,0,0,Power Users
U08744,23,iOS,36,13.9,146,50,7,2,11,0,0,Power Users
U08745,37,iOS,17,11.2,54,17,2,10,12,0,2,Steady Engagers
U08746,42,Web,30,16.6,112,26,3,6,18,0,0,Power Users
U08747,22,Web,28,14.9,65,12,2,15,11,0,2,Steady Engagers
U08748,25,Android,13,9.1,35,7,1,26,6,0,1,Casual Browsers
U08749,63,Android,17,12.4,45,10,1,40,8,1,1,Casual Browsers
U08750,46,iOS,9,6.6,14,2,0,37,6,0,3,At-Risk/Dormant
U08751,28,iOS,11,7.6,32,0,0,23,10,1,1,Casual Browsers
U08752,26,iOS,22,13.1,44,5,1,18,5,0,1,Casual Browsers
U08753,38,Web,13,1.2,22,2,0,36,8,1,3,At-Risk/Dormant
U08754,52,Android,31,16.0,125,40,7,0,17,0,0,Power Users
U08755,53,Android,22,8.4,60,12,0,43,6,0,1,Casual Browsers
U08756,27,Web,17,3.9,39,7,1,31,7,0,1,Casual Browsers
U08757,52,Web,24,9.9,61,9,2,26,10,0,1,Casual Browsers
U08758,61,Android,12,4.5,34,6,0,37,7,0,3,At-Risk/Dormant
U08759,28,Android,24,14.6,71,17,4,12,5,0,2,Steady Engagers
U08760,19,Android,33,11.1,99,16,2,32,11,0,2,Steady Engagers
U08761,64,iOS,15,11.8,32,5,0,32,5,0,1,Casual Browsers
U08762,43,iOS,17,6.0,57,8,2,24,8,0,1,Casual Browsers
U08763,55,Android,7,4.6,9,2,0,40,4,0,3,At-Risk/Dormant
U08764,33,Android,18,13.5,58,14,2,13,11,0,2,Steady Engagers
U08765,32,iOS,36,16.2,108,29,5,1,9,0,0,Power Users
U08766,28,iOS,33,12.1,117,25,6,10,14,0,0,Power Users
U08767,28,iOS,19,8.5,39,7,0,26,5,1,1,Casual Browsers
U08768,40,Android,21,4.9,65,15,2,22,4,0,1,Casual Browsers
U08769,23,Android,13,3.4,41,7,1,25,5,1,1,Casual Browsers
U08770,58,Android,8,2.7,17,2,1,37,6,0,3,At-Risk/Dormant
U08771,42,Web,26,10.2,89,15,1,4,13,0,2,Steady Engagers
U08772,61,Android,36,17.3,136,44,9,10,15,0,0,Power Users
U08773,42,iOS,37,11.9,132,31,6,13,11,0,0,Power Users
U08774,32,iOS,22,10.8,57,14,0,19,9,0,1,Casual Browsers
U08775,42,Web,24,13.3,79,18,3,10,8,0,2,Steady Engagers
U08776,25,Android,13,4.0,26,2,0,34,3,0,3,At-Risk/Dormant
U08777,57,Android,14,10.8,39,6,1,38,9,0,1,Casual Browsers
U08778,52,Web,11,5.5,27,0,0,31,5,1,3,At-Risk/Dormant
U08779,25,Android,30,14.1,96,25,4,5,8,0,2,Steady Engagers
U08780,45,iOS,25,8.9,65,18,0,19,10,0,2,Steady Engagers
U08781,43,Android,9,8.1,25,1,0,34,2,0,3,At-Risk/Dormant
U08782,27,Web,14,3.5,25,7,0,32,4,0,3,At-Risk/Dormant
U08783,23,iOS,36,17.0,137,31,5,0,10,0,0,Power Users
U08784,54,Android,10,9.1,18,1,0,35,2,0,3,At-Risk/Dormant
U08785,30,Web,6,4.1,10,2,1,47,0,1,3,At-Risk/Dormant
U08786,42,iOS,8,2.2,15,3,1,46,1,0,3,At-Risk/Dormant
U08787,29,iOS,27,17.3,106,26,6,0,9,0,0,Power Users
U08788,49,Android,8,2.3,17,6,1,37,1,0,3,At-Risk/Dormant
U08789,20,Android,28,13.2,81,17,2,20,12,0,2,Steady Engagers
U08790,35,iOS,27,13.6,102,22,3,11,15,0,2,Steady Engagers
U08791,44,Android,11,8.2,25,4,0,27,4,0,3,At-Risk/Dormant
U08792,39,Web,14,8.6,30,11,1,43,3,1,3,At-Risk/Dormant
U08793,47,Android,16,5.5,28,4,0,37,1,0,3,At-Risk/Dormant
U08794,26,iOS,20,6.9,62,16,2,17,8,0,1,Casual Browsers
U08795,39,Android,15,8.6,40,8,1,24,5,0,1,Casual Browsers
U08796,54,iOS,30,10.8,84,17,3,16,19,0,2,Steady Engagers
U08797,34,Android,16,9.0,33,7,2,24,12,0,1,Casual Browsers
U08798,25,Android,4,3.0,5,0,0,44,3,1,3,At-Risk/Dormant
U08799,58,Android,17,11.9,66,15,4,24,6,0,2,Steady Engagers
U08800,55,iOS,30,13.1,103,27,4,11,18,0,0,Power Users
U08801,50,Android,4,3.3,10,1,0,41,2,1,3,At-Risk/Dormant
U08802,56,iOS,25,11.1,55,15,1,15,16,0,2,Steady Engagers
U08803,55,Android,10,5.4,23,2,0,36,4,0,3,At-Risk/Dormant
U08804,53,iOS,23,12.7,65,12,1,19,9,0,2,Steady Engagers
U08805,42,iOS,11,4.0,20,1,1,41,1,0,3,At-Risk/Dormant
U08806,18,Android,7,0.8,16,0,0,40,1,1,3,At-Risk/Dormant
U08807,46,Android,30,13.9,96,29,6,10,11,0,0,Power Users
U08808,31,Android,30,19.2,105,35,7,0,10,0,0,Power Users
U08809,55,iOS,12,5.6,19,3,0,26,9,0,1,Casual Browsers
U08810,40,Web,25,17.2,82,17,5,14,13,0,2,Steady Engagers
U08811,61,Android,25,4.5,57,7,1,19,10,0,1,Casual Browsers
U08812,46,iOS,27,16.8,118,41,11,0,15,0,0,Power Users
U08813,44,iOS,30,10.6,89,17,1,32,11,0,2,Steady Engagers
U08814,62,iOS,23,8.0,63,7,0,28,10,0,1,Casual Browsers
U08815,40,iOS,12,5.5,22,3,0,43,2,1,3,At-Risk/Dormant
U08816,36,Web,10,8.5,24,1,0,32,5,1,3,At-Risk/Dormant
U08817,35,iOS,16,9.6,41,4,0,34,9,0,1,Casual Browsers
U08818,60,Web,29,10.4,106,34,6,12,16,0,0,Power Users
U08819,54,Android,28,11.0,95,21,2,9,14,0,2,Steady Engagers
U08820,25,Web,17,8.5,42,12,2,33,9,0,1,Casual Browsers
U08821,41,Web,20,8.0,71,11,0,25,8,0,1,Casual Browsers
U08822,35,Web,25,15.6,78,20,0,13,14,0,2,Steady Engagers
U08823,49,Android,10,8.0,18,3,0,31,2,1,3,At-Risk/Dormant
U08824,20,Web,11,1.5,21,3,0,31,1,0,3,At-Risk/Dormant
U08825,52,Android,12,4.6,20,1,0,34,4,0,3,At-Risk/Dormant
U08826,53,iOS,11,4.4,23,0,0,33,8,0,3,At-Risk/Dormant
U08827,28,Android,18,6.0,44,6,0,28,6,1,1,Casual Browsers
U08828,25,iOS,24,13.4,66,10,1,28,8,0,1,Casual Browsers
U08829,48,Android,8,4.0,16,5,1,30,7,0,3,At-Risk/Dormant
U08830,30,Android,2,0.5,1,0,1,45,0,1,3,At-Risk/Dormant
U08831,63,Android,19,14.6,56,9,1,18,7,0,1,Casual Browsers
U08832,55,Android,11,5.7,21,2,0,29,5,0,3,At-Risk/Dormant
U08833,63,Android,24,13.9,73,18,7,14,14,0,2,Steady Engagers
U08834,43,Web,19,7.1,46,7,1,34,13,0,1,Casual Browsers
U08835,63,iOS,3,1.9,8,0,0,41,1,1,3,At-Risk/Dormant
U08836,18,iOS,34,15.3,117,23,4,7,10,0,0,Power Users
U08837,31,Web,19,7.7,52,11,0,23,6,0,1,Casual Browsers
U08838,18,Android,10,5.5,22,3,1,30,4,0,3,At-Risk/Dormant
U08839,50,iOS,23,11.9,74,15,2,18,14,0,2,Steady Engagers
U08840,42,iOS,12,6.3,30,4,1,24,7,1,1,Casual Browsers
U08841,31,Android,19,13.5,60,10,2,16,7,0,2,Steady Engagers
U08842,32,iOS,13,4.9,27,1,0,33,3,0,3,At-Risk/Dormant
U08843,48,iOS,27,9.4,73,8,2,26,10,0,2,Steady Engagers
U08844,26,iOS,26,16.2,88,24,4,12,7,0,2,Steady Engagers
U08845,42,iOS,24,12.2,76,15,3,18,10,0,2,Steady Engagers
U08846,47,Android,22,11.2,66,17,4,16,8,0,2,Steady Engagers
U08847,29,iOS,13,0.5,16,0,0,40,4,0,3,At-Risk/Dormant
U08848,28,Android,32,13.6,96,24,7,4,8,0,0,Power Users
U08849,35,Web,5,4.6,4,0,0,55,0,1,3,At-Risk/Dormant
U08850,46,Android,9,7.2,30,6,0,30,4,0,3,At-Risk/Dormant
U08851,30,iOS,16,9.2,17,1,0,46,4,1,3,At-Risk/Dormant
U08852,36,iOS,30,13.8,106,22,2,5,15,0,2,Steady Engagers
U08853,44,Android,25,11.3,67,19,3,16,6,0,2,Steady Engagers
U08854,26,Android,25,14.5,81,17,1,28,6,0,2,Steady Engagers
U08855,45,Android,13,4.8,35,2,0,38,4,1,3,At-Risk/Dormant
U08856,24,iOS,23,12.8,52,9,3,23,5,0,1,Casual Browsers
U08857,24,Web,12,2.8,16,3,1,39,4,1,3,At-Risk/Dormant
U08858,29,Android,8,3.9,12,1,0,38,11,0,3,At-Risk/Dormant
U08859,31,iOS,10,3.0,25,2,0,39,3,0,3,At-Risk/Dormant
U08860,19,Web,13,7.6,31,4,0,36,3,0,3,At-Risk/Dormant
U08861,64,iOS,9,1.9,14,3,0,39,3,1,3,At-Risk/Dormant
U08862,32,Web,12,10.6,29,5,1,30,6,1,1,Casual Browsers
U08863,56,Android,10,0.6,22,3,0,36,2,0,3,At-Risk/Dormant
U08864,61,Android,18,8.5,61,18,2,29,10,0,1,Casual Browsers
U08865,56,Android,19,7.4,51,8,0,29,6,0,1,Casual Browsers
U08866,57,Android,18,9.9,42,8,1,29,11,0,1,Casual Browsers
U08867,22,iOS,15,4.2,31,4,0,29,6,0,3,At-Risk/Dormant
U08868,35,Web,19,13.8,60,16,1,12,10,0,2,Steady Engagers
U08869,53,Android,0,5.2,1,0,1,40,4,1,3,At-Risk/Dormant
U08870,45,Web,30,15.1,90,27,0,7,9,0,2,Steady Engagers
U08871,18,Android,4,8.6,6,0,0,46,2,1,3,At-Risk/Dormant
U08872,45,Android,14,8.0,29,5,0,33,8,0,1,Casual Browsers
U08873,56,Web,14,7.8,39,3,0,25,8,0,1,Casual Browsers
U08874,57,Web,14,3.4,23,1,0,40,2,0,3,At-Risk/Dormant
U08875,36,iOS,10,0.6,21,3,0,37,3,0,3,At-Risk/Dormant
U08876,29,Android,19,12.8,58,14,2,24,5,0,1,Casual Browsers
U08877,32,Android,34,11.4,101,24,4,4,17,0,0,Power Users
U08878,32,Android,20,12.0,47,14,1,23,5,0,1,Casual Browsers
U08879,34,iOS,17,8.5,50,13,2,22,7,0,1,Casual Browsers
U08880,32,Android,15,4.6,37,7,3,26,8,0,1,Casual Browsers
U08881,39,iOS,10,1.8,29,7,2,28,1,1,3,At-Risk/Dormant
U08882,19,Android,38,17.4,122,41,7,0,13,0,0,Power Users
U08883,31,iOS,30,18.0,80,27,5,5,20,0,0,Power Users
U08884,33,Android,18,11.5,52,14,2,19,9,0,1,Casual Browsers
U08885,25,iOS,20,9.8,69,21,6,34,13,0,2,Steady Engagers
U08886,60,iOS,32,9.1,89,21,2,17,9,0,2,Steady Engagers
U08887,50,Web,19,7.3,42,9,3,29,5,0,1,Casual Browsers
U08888,61,Web,28,16.3,100,24,3,11,9,0,2,Steady Engagers
U08889,44,iOS,24,8.9,66,12,3,18,8,0,2,Steady Engagers
U08890,23,Android,21,8.6,72,11,1,19,8,0,1,Casual Browsers
U08891,61,Web,24,7.5,63,14,2,19,11,0,2,Steady Engagers
U08892,39,Web,17,8.7,49,10,0,23,10,0,1,Casual Browsers
U08893,50,Web,6,6.8,13,2,0,41,2,1,3,At-Risk/Dormant
U08894,36,iOS,22,11.9,48,6,0,20,4,0,1,Casual Browsers
U08895,41,Android,17,10.0,56,15,2,16,10,0,2,Steady Engagers
U08896,41,iOS,20,10.7,38,11,3,22,9,0,1,Casual Browsers
U08897,31,Android,26,11.7,65,16,3,21,4,0,2,Steady Engagers
U08898,44,Android,11,7.9,29,4,1,26,9,1,1,Casual Browsers
U08899,53,Android,20,5.9,50,8,0,29,15,0,1,Casual Browsers
U08900,18,iOS,27,9.3,86,25,2,23,8,0,2,Steady Engagers
U08901,24,Android,9,0.5,21,1,0,41,5,1,3,At-Risk/Dormant
U08902,58,iOS,22,14.5,67,18,3,13,15,0,2,Steady Engagers
U08903,45,iOS,9,7.2,9,1,0,47,2,0,3,At-Risk/Dormant
U08904,64,iOS,6,10.4,16,2,1,36,7,1,3,At-Risk/Dormant
U08905,47,Android,13,7.2,27,5,0,30,5,0,3,At-Risk/Dormant
U08906,49,Web,7,3.3,15,1,0,35,1,1,3,At-Risk/Dormant
U08907,61,Android,6,5.4,15,4,0,65,1,1,3,At-Risk/Dormant
U08908,49,Android,13,5.1,31,7,0,35,4,0,3,At-Risk/Dormant
U08909,33,iOS,15,12.4,39,10,0,34,11,0,1,Casual Browsers
U08910,43,Android,42,17.8,124,33,9,3,15,0,0,Power Users
U08911,29,iOS,20,5.2,59,10,0,21,3,0,1,Casual Browsers
U08912,34,Android,18,13.9,56,13,2,14,12,0,2,Steady Engagers
U08913,50,Web,5,0.5,13,2,0,42,2,1,3,At-Risk/Dormant
U08914,25,Android,31,12.6,98,22,1,21,13,0,2,Steady Engagers
U08915,50,Web,4,6.5,4,0,0,43,3,1,3,At-Risk/Dormant
U08916,46,iOS,23,6.5,71,13,2,21,4,0,1,Casual Browsers
U08917,32,Android,21,11.3,64,14,3,23,9,0,2,Steady Engagers
U08918,20,iOS,17,5.9,37,6,0,30,6,1,1,Casual Browsers
U08919,51,Android,16,8.3,30,6,0,28,10,0,1,Casual Browsers
U08920,57,Web,8,7.8,15,0,0,32,5,1,3,At-Risk/Dormant
U08921,53,iOS,19,9.7,54,14,5,26,11,0,2,Steady Engagers
U08922,38,iOS,21,10.1,63,10,2,34,4,0,1,Casual Browsers
U08923,49,Android,11,4.4,19,7,2,40,1,0,3,At-Risk/Dormant
U08924,37,Web,3,2.2,11,0,0,49,1,1,3,At-Risk/Dormant
U08925,35,iOS,5,1.1,6,1,0,50,2,0,3,At-Risk/Dormant
U08926,33,iOS,15,11.2,34,5,0,25,6,0,1,Casual Browsers
U08927,28,Android,20,12.5,59,13,3,21,8,0,2,Steady Engagers
U08928,64,Android,18,10.8,53,12,2,21,4,0,1,Casual Browsers
U08929,49,iOS,18,13.6,61,15,1,18,8,0,2,Steady Engagers
U08930,26,iOS,2,2.3,1,0,1,48,1,1,3,At-Risk/Dormant
U08931,59,Web,15,8.9,41,6,1,30,6,0,1,Casual Browsers
U08932,25,iOS,5,0.5,12,2,0,63,4,1,3,At-Risk/Dormant
U08933,46,iOS,14,8.4,48,9,0,25,11,0,1,Casual Browsers
U08934,25,iOS,19,12.2,51,13,0,23,6,0,1,Casual Browsers
U08935,35,iOS,35,12.2,99,24,4,8,14,0,0,Power Users
U08936,49,Android,28,12.0,79,18,3,8,11,0,2,Steady Engagers
U08937,65,Web,19,12.0,56,14,0,23,7,0,1,Casual Browsers
U08938,65,Android,11,3.4,16,0,0,33,6,0,3,At-Risk/Dormant
U08939,60,iOS,31,16.9,120,34,8,0,14,0,0,Power Users
U08940,29,Web,28,10.0,92,19,1,11,6,0,2,Steady Engagers
U08941,22,iOS,8,7.5,16,0,0,57,1,0,3,At-Risk/Dormant
U08942,61,Android,7,4.3,16,1,0,40,1,0,3,At-Risk/Dormant
U08943,62,iOS,10,7.5,28,3,0,33,4,1,3,At-Risk/Dormant
U08944,31,Android,26,12.9,87,24,0,17,13,0,2,Steady Engagers
U08945,18,Android,6,5.7,15,2,0,38,3,0,3,At-Risk/Dormant
U08946,49,iOS,20,10.5,56,8,1,38,13,0,1,Casual Browsers
U08947,21,Web,23,11.9,72,14,0,17,4,0,1,Casual Browsers
U08948,19,Android,29,11.6,74,13,0,23,12,0,2,Steady Engagers
U08949,62,Web,22,15.4,51,11,1,11,11,0,2,Steady Engagers
U08950,41,Android,23,12.6,65,15,4,29,11,0,2,Steady Engagers
U08951,23,Web,32,21.3,133,42,10,0,18,0,0,Power Users
U08952,49,iOS,26,14.7,75,14,1,14,10,0,2,Steady Engagers
U08953,35,Web,8,9.3,17,1,0,44,1,0,3,At-Risk/Dormant
U08954,43,Web,8,3.9,19,2,0,36,4,1,3,At-Risk/Dormant
U08955,61,Web,12,4.8,27,3,0,33,6,1,3,At-Risk/Dormant
U08956,29,iOS,20,12.2,73,21,3,8,16,0,2,Steady Engagers
U08957,49,Android,15,9.0,42,3,0,20,6,0,1,Casual Browsers
U08958,57,Android,8,3.7,22,2,0,36,8,0,3,At-Risk/Dormant
U08959,38,iOS,27,14.5,90,18,1,16,9,0,2,Steady Engagers
U08960,64,Android,15,8.7,34,6,2,26,7,0,1,Casual Browsers
U08961,39,Web,21,11.3,54,8,0,19,6,0,1,Casual Browsers
U08962,40,Android,29,13.5,105,26,5,5,12,0,0,Power Users
U08963,60,Web,9,1.9,21,5,0,36,7,1,3,At-Risk/Dormant
U08964,48,iOS,11,5.9,23,2,1,35,11,0,1,Casual Browsers
U08965,59,Web,11,12.2,26,5,0,32,4,1,1,Casual Browsers
U08966,55,Web,8,7.1,23,4,0,37,3,1,3,At-Risk/Dormant
U08967,52,Android,21,9.3,49,10,1,26,0,0,1,Casual Browsers
U08968,29,iOS,24,6.3,65,12,1,28,6,0,1,Casual Browsers
U08969,37,Android,21,8.0,53,6,1,32,5,0,1,Casual Browsers
U08970,59,Web,13,3.2,19,4,1,36,2,1,3,At-Risk/Dormant
U08971,47,Web,17,7.3,50,7,2,23,10,0,1,Casual Browsers
U08972,31,Android,4,3.7,8,0,0,55,1,1,3,At-Risk/Dormant
U08973,33,Android,30,11.7,96,17,2,11,6,0,2,Steady Engagers
U08974,55,Android,12,4.6,31,7,1,36,2,0,3,At-Risk/Dormant
U08975,26,Android,24,8.0,69,17,3,19,13,0,2,Steady Engagers
U08976,23,Web,10,3.2,14,0,0,44,5,1,3,At-Risk/Dormant
U08977,54,Android,28,2.1,84,25,2,17,12,0,2,Steady Engagers
U08978,31,Web,21,10.2,62,10,0,22,7,0,1,Casual Browsers
U08979,54,Web,40,14.7,130,30,2,10,15,0,0,Power Users
U08980,43,Web,23,12.1,78,25,4,15,9,0,2,Steady Engagers
U08981,65,iOS,3,6.0,6,0,0,42,1,1,3,At-Risk/Dormant
U08982,43,Android,12,3.6,25,1,0,37,0,0,3,At-Risk/Dormant
U08983,59,Web,8,1.1,13,4,0,38,1,1,3,At-Risk/Dormant
U08984,58,iOS,21,13.0,60,10,2,21,12,0,2,Steady Engagers
U08985,28,Web,17,6.3,44,9,0,29,2,0,1,Casual Browsers
U08986,65,Android,18,6.6,33,7,0,30,5,0,1,Casual Browsers
U08987,53,Android,22,4.9,63,12,0,24,12,0,1,Casual Browsers
U08988,23,Web,27,11.3,94,11,3,12,12,0,2,Steady Engagers
U08989,18,Web,8,7.6,18,0,0,30,9,0,3,At-Risk/Dormant
U08990,31,Android,19,7.9,48,8,0,30,6,0,1,Casual Browsers
U08991,18,iOS,24,7.9,50,7,2,20,11,0,1,Casual Browsers
U08992,35,Android,18,9.7,62,7,0,32,6,0,1,Casual Browsers
U08993,65,iOS,21,9.0,65,7,2,23,10,0,1,Casual Browsers
U08994,40,Android,25,13.0,75,18,3,18,6,0,2,Steady Engagers
U08995,19,Android,26,4.8,68,14,1,18,6,0,1,Casual Browsers
U08996,41,Android,8,9.5,19,3,1,40,3,1,3,At-Risk/Dormant
U08997,28,Android,17,9.1,52,17,4,30,4,0,1,Casual Browsers
U08998,59,iOS,12,4.0,23,0,1,40,3,1,3,At-Risk/Dormant
U08999,22,Android,13,7.2,22,3,1,31,8,1,1,Casual Browsers
U09000,54,iOS,25,10.0,91,19,1,29,17,0,2,Steady Engagers
U09001,39,iOS,15,8.6,31,4,0,40,5,1,3,At-Risk/Dormant
U09002,18,iOS,12,5.2,26,6,1,30,2,0,3,At-Risk/Dormant
U09003,50,iOS,13,6.9,27,1,0,32,4,0,3,At-Risk/Dormant
U09004,39,Android,34,13.6,99,38,8,8,16,0,0,Power Users
U09005,55,Android,28,12.3,70,13,4,12,15,0,2,Steady Engagers
U09006,47,Web,37,13.5,122,37,7,1,16,0,0,Power Users
U09007,55,Web,26,9.1,74,24,3,14,15,0,2,Steady Engagers
U09008,40,Web,3,6.3,9,1,0,41,1,1,3,At-Risk/Dormant
U09009,18,Web,5,1.7,8,0,0,41,0,1,3,At-Risk/Dormant
U09010,24,iOS,22,16.4,74,23,3,13,7,0,2,Steady Engagers
U09011,40,Web,11,8.3,31,4,0,35,6,0,3,At-Risk/Dormant
U09012,37,Android,17,5.2,38,6,0,40,7,0,3,At-Risk/Dormant
U09013,56,iOS,16,9.3,35,3,1,30,5,0,1,Casual Browsers
U09014,37,Web,16,9.1,43,11,2,29,9,0,1,Casual Browsers
U09015,59,iOS,9,2.6,19,1,0,54,3,1,3,At-Risk/Dormant
U09016,27,Android,15,8.2,41,8,0,25,9,0,1,Casual Browsers
U09017,36,Android,8,5.0,15,4,0,32,6,1,3,At-Risk/Dormant
U09018,54,Android,24,12.6,72,18,2,27,12,0,2,Steady Engagers
U09019,23,Android,22,10.0,67,18,1,12,14,0,2,Steady Engagers
U09020,33,Web,5,6.6,11,1,0,34,2,1,3,At-Risk/Dormant
U09021,54,iOS,17,11.1,49,11,0,14,13,0,1,Casual Browsers
U09022,46,Android,12,12.5,45,12,1,28,5,0,1,Casual Browsers
U09023,55,iOS,19,10.2,44,8,0,18,13,0,1,Casual Browsers
U09024,42,Android,34,14.1,104,26,5,4,12,0,0,Power Users
U09025,59,iOS,23,11.1,76,18,4,18,11,0,2,Steady Engagers
U09026,60,Android,17,7.4,46,5,0,27,10,0,1,Casual Browsers
U09027,64,iOS,28,16.3,112,36,6,3,15,0,0,Power Users
U09028,23,iOS,25,10.0,75,14,3,12,8,0,2,Steady Engagers
U09029,46,iOS,18,14.4,44,11,1,25,12,0,1,Casual Browsers
U09030,23,iOS,19,12.5,56,10,1,21,12,0,1,Casual Browsers
U09031,28,Android,22,14.7,55,11,1,15,7,0,2,Steady Engagers
U09032,32,iOS,18,13.9,60,11,0,20,7,0,1,Casual Browsers
U09033,49,Android,22,10.8,53,13,3,21,7,0,1,Casual Browsers
U09034,38,iOS,9,10.0,27,2,0,31,3,1,3,At-Risk/Dormant
U09035,59,iOS,36,19.2,122,37,8,2,9,0,0,Power Users
U09036,32,iOS,26,13.3,76,10,1,18,9,0,2,Steady Engagers
U09037,47,Web,21,9.4,60,9,2,31,7,0,1,Casual Browsers
U09038,54,Android,25,10.6,65,21,3,13,9,0,2,Steady Engagers
U09039,65,Web,3,6.1,8,0,0,41,1,1,3,At-Risk/Dormant
U09040,29,Android,27,7.1,57,9,0,18,11,0,1,Casual Browsers
U09041,53,iOS,24,9.7,54,12,2,14,14,0,2,Steady Engagers
U09042,22,Web,6,0.5,16,2,0,43,3,1,3,At-Risk/Dormant
U09043,44,iOS,33,12.7,91,16,4,18,7,0,2,Steady Engagers
U09044,37,Web,27,7.6,70,10,0,19,9,0,1,Casual Browsers
U09045,64,Web,3,2.3,11,2,0,45,1,1,3,At-Risk/Dormant
U09046,55,Android,18,4.2,41,5,0,36,3,0,3,At-Risk/Dormant
U09047,62,Web,10,1.3,23,0,0,43,1,1,3,At-Risk/Dormant
U09048,58,Web,29,13.7,87,23,3,10,10,0,2,Steady Engagers
U09049,37,Android,9,3.9,19,1,0,39,3,0,3,At-Risk/Dormant
U09050,53,Android,16,10.1,49,11,0,17,6,0,1,Casual Browsers
U09051,19,Android,18,7.0,55,11,0,18,8,0,1,Casual Browsers
U09052,44,Web,9,1.7,18,3,1,37,1,1,3,At-Risk/Dormant
U09053,20,Web,10,8.2,34,8,1,21,7,0,1,Casual Browsers
U09054,52,Web,11,8.6,18,3,0,28,8,0,1,Casual Browsers
U09055,64,Android,28,22.0,99,28,5,3,18,0,0,Power Users
U09056,50,Android,20,11.2,70,17,1,17,11,0,2,Steady Engagers
U09057,58,iOS,16,13.9,44,11,1,34,8,0,1,Casual Browsers
U09058,29,Android,13,10.8,46,6,0,28,6,0,1,Casual Browsers
U09059,65,Android,21,9.7,78,24,7,8,10,0,2,Steady Engagers
U09060,44,Android,6,6.2,10,2,0,39,2,0,3,At-Risk/Dormant
U09061,50,Android,14,10.1,37,5,0,29,6,0,1,Casual Browsers
U09062,54,Android,29,17.8,105,20,2,4,7,0,2,Steady Engagers
U09063,48,iOS,9,4.4,24,1,0,29,5,0,3,At-Risk/Dormant
U09064,33,Android,31,12.8,89,17,2,26,10,0,2,Steady Engagers
U09065,47,Android,31,16.7,100,28,5,3,10,0,0,Power Users
U09066,49,iOS,30,17.8,125,34,1,0,22,0,0,Power Users
U09067,59,Web,1,0.5,6,1,0,44,2,1,3,At-Risk/Dormant
U09068,41,iOS,15,3.5,33,3,0,25,3,0,3,At-Risk/Dormant
U09069,42,iOS,6,6.3,13,1,0,40,5,1,3,At-Risk/Dormant
U09070,42,iOS,11,7.3,22,4,1,32,5,0,3,At-Risk/Dormant
U09071,23,iOS,11,7.2,25,4,1,23,3,0,3,At-Risk/Dormant
U09072,22,iOS,12,8.3,26,3,0,30,4,0,3,At-Risk/Dormant
U09073,18,iOS,19,10.9,64,16,0,14,10,0,2,Steady Engagers
U09074,49,iOS,36,12.3,122,33,6,6,12,0,0,Power Users
U09075,38,iOS,31,13.5,87,17,3,12,6,0,2,Steady Engagers
U09076,59,Android,18,4.4,45,10,0,22,6,0,1,Casual Browsers
U09077,51,Android,18,10.0,45,3,0,24,9,0,1,Casual Browsers
U09078,24,Android,18,8.8,62,15,4,15,7,0,2,Steady Engagers
U09079,22,Android,19,7.2,64,18,0,21,3,1,1,Casual Browsers
U09080,35,iOS,13,7.4,31,6,0,25,4,0,1,Casual Browsers
U09081,62,iOS,20,10.8,49,9,2,26,7,0,1,Casual Browsers
U09082,20,Android,25,6.0,76,13,0,15,6,0,1,Casual Browsers
U09083,26,Android,16,11.1,41,8,0,34,8,0,1,Casual Browsers
U09084,19,Android,9,8.8,22,2,0,34,3,0,3,At-Risk/Dormant
U09085,37,iOS,21,9.4,47,12,4,29,6,0,1,Casual Browsers
U09086,65,Android,30,16.3,103,24,3,0,11,0,2,Steady Engagers
U09087,50,Android,29,9.5,79,16,1,25,4,0,1,Casual Browsers
U09088,41,Android,25,7.5,79,22,2,25,12,0,2,Steady Engagers
U09089,24,iOS,11,6.1,20,4,0,49,4,1,3,At-Risk/Dormant
U09090,35,Android,10,6.4,19,1,1,33,7,0,3,At-Risk/Dormant
U09091,43,iOS,21,20.2,52,9,2,15,10,0,2,Steady Engagers
U09092,31,iOS,5,10.3,15,1,0,34,4,0,3,At-Risk/Dormant
U09093,51,Web,16,6.1,26,4,0,37,7,0,3,At-Risk/Dormant
U09094,65,iOS,3,0.5,6,0,0,43,0,1,3,At-Risk/Dormant
U09095,27,Android,24,14.4,98,17,3,24,18,0,2,Steady Engagers
U09096,30,Android,13,7.6,32,10,0,31,3,0,3,At-Risk/Dormant
U09097,24,iOS,31,13.9,108,27,6,8,12,0,0,Power Users
U09098,52,Android,7,0.7,8,1,0,48,5,1,3,At-Risk/Dormant
U09099,40,Web,12,1.4,26,2,0,39,7,1,3,At-Risk/Dormant
U09100,31,iOS,10,7.5,29,6,2,35,3,0,3,At-Risk/Dormant
U09101,28,Android,16,6.5,38,7,1,25,9,0,1,Casual Browsers
U09102,21,Android,22,9.7,52,15,2,27,10,0,1,Casual Browsers
U09103,40,Web,5,2.4,11,1,0,48,2,1,3,At-Risk/Dormant
U09104,50,Web,8,5.4,14,2,0,41,4,1,3,At-Risk/Dormant
U09105,29,Web,28,10.1,110,17,0,8,8,0,2,Steady Engagers
U09106,18,Android,6,8.3,7,1,0,39,6,1,3,At-Risk/Dormant
U09107,40,iOS,21,11.8,61,9,2,13,5,0,1,Casual Browsers
U09108,50,Android,21,7.5,43,12,3,33,5,0,1,Casual Browsers
U09109,34,Android,22,10.2,65,12,0,33,10,0,1,Casual Browsers
U09110,30,iOS,17,5.4,34,8,1,33,4,0,1,Casual Browsers
U09111,25,Web,39,16.0,131,37,2,0,10,0,0,Power Users
U09112,53,Android,14,6.7,26,5,1,35,3,0,3,At-Risk/Dormant
U09113,59,iOS,25,8.0,57,9,0,28,8,0,1,Casual Browsers
U09114,54,Android,21,15.2,71,17,0,7,12,0,2,Steady Engagers
U09115,42,Android,23,13.3,74,11,0,19,14,0,2,Steady Engagers
U09116,52,Android,17,17.6,45,9,3,16,8,0,2,Steady Engagers
U09117,37,Web,2,4.4,6,0,0,61,1,1,3,At-Risk/Dormant
U09118,19,Android,23,12.3,70,14,1,23,12,0,2,Steady Engagers
U09119,35,iOS,26,7.7,69,18,3,17,11,0,2,Steady Engagers
U09120,51,Android,16,8.9,39,4,0,23,11,0,1,Casual Browsers
U09121,49,iOS,30,8.6,85,9,1,15,5,0,2,Steady Engagers
U09122,65,Android,9,3.2,18,1,0,40,6,0,3,At-Risk/Dormant
U09123,65,Android,13,7.6,26,7,0,33,1,0,3,At-Risk/Dormant
U09124,29,iOS,18,7.0,51,19,1,21,2,0,1,Casual Browsers
U09125,18,iOS,30,12.1,114,33,8,26,7,0,0,Power Users
U09126,31,Web,13,1.0,30,3,0,32,3,0,3,At-Risk/Dormant
U09127,60,Android,19,10.2,46,14,2,26,10,0,1,Casual Browsers
U09128,57,iOS,20,10.0,40,8,0,27,7,0,1,Casual Browsers
U09129,22,Web,12,4.1,36,10,1,29,4,0,3,At-Risk/Dormant
U09130,25,Android,15,12.0,45,11,3,18,9,0,1,Casual Browsers
U09131,45,Web,15,7.1,32,7,0,53,6,0,3,At-Risk/Dormant
U09132,49,Web,11,8.9,22,5,2,33,4,0,3,At-Risk/Dormant
U09133,65,Web,21,12.9,65,17,2,17,13,0,2,Steady Engagers
U09134,54,iOS,11,4.2,29,7,0,32,5,0,3,At-Risk/Dormant
U09135,28,iOS,15,6.7,40,3,1,29,4,1,1,Casual Browsers
U09136,19,iOS,16,5.6,44,7,0,41,7,0,3,At-Risk/Dormant
U09137,48,iOS,30,14.0,115,28,2,6,19,0,0,Power Users
U09138,44,Web,26,6.7,76,12,1,40,10,0,1,Casual Browsers
U09139,62,Android,15,8.9,37,5,1,31,5,0,1,Casual Browsers
U09140,45,iOS,7,3.7,12,0,0,52,5,1,3,At-Risk/Dormant
U09141,42,iOS,22,4.3,66,13,2,31,5,0,1,Casual Browsers
U09142,32,Android,32,15.3,102,17,5,13,8,0,2,Steady Engagers
U09143,22,iOS,11,9.3,24,5,0,41,7,0,3,At-Risk/Dormant
U09144,60,iOS,30,13.9,101,24,3,7,14,0,2,Steady Engagers
U09145,57,iOS,28,10.1,79,15,6,11,9,0,2,Steady Engagers
U09146,25,Web,8,7.5,13,1,0,48,3,0,3,At-Risk/Dormant
U09147,51,Android,19,6.1,46,8,3,32,6,0,1,Casual Browsers
U09148,35,Web,25,14.2,61,15,0,11,7,0,2,Steady Engagers
U09149,38,iOS,13,7.5,36,7,0,40,11,0,1,Casual Browsers
U09150,58,Web,8,1.1,14,2,1,46,3,0,3,At-Risk/Dormant
U09151,58,Android,11,6.2,15,2,0,38,3,1,3,At-Risk/Dormant
U09152,27,Android,23,11.8,63,15,2,12,14,0,2,Steady Engagers
U09153,32,Web,26,12.5,82,20,5,10,10,0,2,Steady Engagers
U09154,57,Android,18,9.5,67,16,2,25,10,0,1,Casual Browsers
U09155,62,Android,18,14.3,55,15,2,21,7,0,1,Casual Browsers
U09156,21,iOS,30,9.6,95,26,2,19,9,0,2,Steady Engagers
U09157,58,iOS,18,13.8,62,11,2,18,10,0,2,Steady Engagers
U09158,41,Web,14,7.4,34,7,0,39,5,1,3,At-Risk/Dormant
U09159,46,iOS,22,16.4,71,18,1,7,15,0,2,Steady Engagers
U09160,21,Web,22,13.8,63,13,0,24,7,0,1,Casual Browsers
U09161,50,iOS,20,9.4,49,16,4,20,9,0,2,Steady Engagers
U09162,50,iOS,25,8.7,78,19,5,29,10,0,2,Steady Engagers
U09163,49,Web,12,3.5,16,5,0,33,7,0,3,At-Risk/Dormant
U09164,55,iOS,17,7.4,44,5,0,24,8,0,1,Casual Browsers
U09165,63,Android,18,10.5,43,7,0,29,16,0,1,Casual Browsers
U09166,58,Android,24,9.2,68,15,1,13,12,0,2,Steady Engagers
U09167,53,iOS,20,13.1,59,13,2,16,8,0,2,Steady Engagers
U09168,65,iOS,26,15.5,109,36,3,22,9,0,2,Steady Engagers
U09169,50,iOS,6,7.3,11,1,1,31,3,1,3,At-Risk/Dormant
U09170,50,iOS,10,5.7,21,4,0,36,7,0,3,At-Risk/Dormant
U09171,44,Web,21,14.5,77,22,6,15,17,0,2,Steady Engagers
U09172,54,Android,20,5.7,53,8,1,25,4,0,1,Casual Browsers
U09173,21,iOS,9,8.8,15,1,0,38,4,1,3,At-Risk/Dormant
U09174,42,iOS,20,14.4,59,9,1,12,13,0,2,Steady Engagers
U09175,38,Android,31,9.8,77,19,1,12,15,0,2,Steady Engagers
U09176,61,iOS,17,6.2,27,6,1,40,7,0,3,At-Risk/Dormant
U09177,21,iOS,16,8.7,42,8,1,25,8,0,1,Casual Browsers
U09178,48,Web,3,0.5,4,0,0,45,0,1,3,At-Risk/Dormant
U09179,26,iOS,13,11.1,31,9,1,28,8,0,1,Casual Browsers
U09180,60,Android,11,4.0,30,6,0,31,2,0,3,At-Risk/Dormant
U09181,58,iOS,18,12.6,50,11,2,27,10,0,1,Casual Browsers
U09182,29,Web,12,7.4,28,6,0,44,3,0,3,At-Risk/Dormant
U09183,59,iOS,27,10.8,93,20,2,19,16,0,2,Steady Engagers
U09184,41,Android,20,6.5,43,6,1,25,6,0,1,Casual Browsers
U09185,64,Web,20,9.2,59,12,3,21,13,0,2,Steady Engagers
U09186,53,Android,9,3.4,24,6,0,35,2,0,3,At-Risk/Dormant
U09187,19,Android,27,15.5,103,25,4,3,17,0,0,Power Users
U09188,27,Android,10,7.0,26,4,0,32,8,0,3,At-Risk/Dormant
U09189,37,iOS,10,7.7,26,6,0,31,4,1,3,At-Risk/Dormant
U09190,28,Web,22,12.5,67,10,2,18,12,0,2,Steady Engagers
U09191,24,Android,26,17.8,69,18,5,3,19,0,0,Power Users
U09192,64,iOS,4,5.0,4,1,0,43,0,1,3,At-Risk/Dormant
U09193,59,iOS,16,8.5,40,7,1,32,8,0,1,Casual Browsers
U09194,38,Web,12,5.0,24,1,0,35,1,0,3,At-Risk/Dormant
U09195,28,Web,12,5.4,29,5,0,29,5,0,3,At-Risk/Dormant
U09196,26,iOS,10,3.2,25,4,1,29,8,0,3,At-Risk/Dormant
U09197,61,Android,4,3.4,13,4,0,41,2,0,3,At-Risk/Dormant
U09198,33,Android,14,9.6,34,7,1,21,11,0,1,Casual Browsers
U09199,18,Web,23,7.8,52,10,0,24,9,0,1,Casual Browsers
U09200,37,iOS,37,13.1,153,41,6,0,21,0,0,Power Users
U09201,39,iOS,19,10.7,64,15,3,10,12,0,2,Steady Engagers
U09202,47,Web,27,10.6,74,22,3,17,14,0,2,Steady Engagers
U09203,34,Web,20,16.3,52,7,1,26,8,0,1,Casual Browsers
U09204,62,iOS,26,10.8,88,19,1,11,11,0,2,Steady Engagers
U09205,48,Web,22,8.9,60,12,2,28,11,0,1,Casual Browsers
U09206,65,Android,22,9.1,61,9,1,27,10,0,1,Casual Browsers
U09207,35,iOS,35,21.1,132,38,7,0,17,0,0,Power Users
U09208,49,Web,6,1.8,17,2,0,41,3,0,3,At-Risk/Dormant
U09209,35,Android,18,4.1,48,12,1,23,9,0,1,Casual Browsers
U09210,51,Android,12,3.4,25,6,1,32,8,0,3,At-Risk/Dormant
U09211,53,iOS,26,9.2,70,11,3,19,11,0,2,Steady Engagers
U09212,33,iOS,17,12.7,46,9,0,28,4,0,1,Casual Browsers
U09213,63,Android,24,9.0,76,9,1,15,11,0,2,Steady Engagers
U09214,59,Android,10,7.4,21,3,0,35,5,1,3,At-Risk/Dormant
U09215,60,Android,17,10.0,62,16,0,25,4,0,1,Casual Browsers
U09216,28,Android,13,6.9,25,4,0,36,2,0,3,At-Risk/Dormant
U09217,52,Web,18,10.6,54,15,2,11,13,0,2,Steady Engagers
U09218,23,iOS,22,6.9,30,3,0,33,3,0,1,Casual Browsers
U09219,23,iOS,18,9.3,43,6,1,25,10,0,1,Casual Browsers
U09220,64,Android,17,4.7,52,13,4,22,7,0,1,Casual Browsers
U09221,25,Android,38,14.8,117,30,3,0,13,0,0,Power Users
U09222,59,Android,25,9.9,56,13,1,16,5,0,1,Casual Browsers
U09223,38,Web,32,16.4,93,24,4,3,16,0,0,Power Users
U09224,32,Web,23,16.9,67,14,1,18,8,0,2,Steady Engagers
U09225,21,Android,15,8.5,43,10,0,32,10,0,1,Casual Browsers
U09226,50,Web,9,0.5,21,1,0,35,7,1,3,At-Risk/Dormant
U09227,52,Android,16,6.6,36,7,0,27,3,0,1,Casual Browsers
U09228,40,Android,23,11.5,67,13,0,15,10,0,2,Steady Engagers
U09229,56,iOS,21,11.1,58,14,2,26,6,0,1,Casual Browsers
U09230,33,Android,17,8.3,31,5,1,23,5,1,1,Casual Browsers
U09231,44,Web,18,8.8,42,7,0,16,8,0,1,Casual Browsers
U09232,31,Android,18,10.7,44,10,0,25,10,0,1,Casual Browsers
U09233,45,iOS,12,5.9,18,3,1,45,4,1,3,At-Risk/Dormant
U09234,24,Android,13,7.3,38,7,0,28,6,0,1,Casual Browsers
U09235,40,Android,27,8.4,68,12,3,20,7,0,2,Steady Engagers
U09236,44,Android,5,5.7,10,3,0,43,2,0,3,At-Risk/Dormant
U09237,44,Web,23,12.1,55,11,3,13,8,0,2,Steady Engagers
U09238,39,iOS,4,3.6,10,0,0,46,2,0,3,At-Risk/Dormant
U09239,48,iOS,32,15.3,85,19,5,8,13,0,2,Steady Engagers
U09240,42,Android,11,4.0,23,0,0,41,5,0,3,At-Risk/Dormant
U09241,31,Android,32,17.1,104,27,5,5,4,0,0,Power Users
U09242,28,Android,23,11.3,91,16,4,14,11,0,2,Steady Engagers
U09243,49,Web,7,1.4,15,1,1,55,3,1,3,At-Risk/Dormant
U09244,63,Android,40,14.3,122,35,13,2,10,0,0,Power Users
U09245,54,Android,36,9.0,108,30,5,5,8,0,0,Power Users
U09246,48,iOS,32,19.3,138,46,7,0,16,0,0,Power Users
U09247,62,iOS,15,9.9,39,4,1,30,7,0,1,Casual Browsers
U09248,61,Android,23,15.6,43,10,1,31,8,0,1,Casual Browsers
U09249,42,Android,22,13.8,67,18,0,23,8,0,2,Steady Engagers
U09250,23,Android,4,8.1,14,4,1,43,1,1,3,At-Risk/Dormant
U09251,48,iOS,19,12.9,59,18,3,15,10,0,2,Steady Engagers
U09252,47,Android,16,11.6,38,7,3,29,12,0,1,Casual Browsers
U09253,31,iOS,28,15.8,87,22,4,7,10,0,2,Steady Engagers
U09254,58,Android,22,14.0,63,16,3,17,10,0,2,Steady Engagers
U09255,59,Web,1,0.5,5,0,0,42,1,1,3,At-Risk/Dormant
U09256,33,Web,18,7.5,50,15,0,21,7,0,1,Casual Browsers
U09257,40,Android,5,2.4,13,2,0,65,1,1,3,At-Risk/Dormant
U09258,27,iOS,17,11.1,52,8,2,24,4,0,1,Casual Browsers
U09259,26,Android,16,8.7,40,5,1,43,5,1,1,Casual Browsers
U09260,30,Web,15,6.4,43,10,2,38,8,0,1,Casual Browsers
U09261,35,iOS,10,2.7,17,6,2,30,4,0,3,At-Risk/Dormant
U09262,31,iOS,31,16.3,122,31,7,0,14,0,0,Power Users
U09263,25,Android,10,2.7,24,1,0,41,3,0,3,At-Risk/Dormant
U09264,39,Android,15,7.6,41,8,1,31,3,0,1,Casual Browsers
U09265,47,iOS,24,10.1,60,8,0,16,9,0,1,Casual Browsers
U09266,33,iOS,23,11.3,70,15,0,12,12,0,2,Steady Engagers
U09267,43,Web,8,9.0,25,4,0,34,9,0,1,Casual Browsers
U09268,31,Web,31,14.2,99,19,0,16,11,0,2,Steady Engagers
U09269,51,iOS,20,8.3,41,8,2,29,7,1,1,Casual Browsers
U09270,49,iOS,32,13.5,99,28,6,7,10,0,0,Power Users
U09271,64,Web,27,17.3,83,24,4,8,9,0,2,Steady Engagers
U09272,20,Web,11,13.3,34,6,1,18,11,0,1,Casual Browsers
U09273,58,Web,13,8.9,35,3,0,46,3,1,3,At-Risk/Dormant
U09274,34,Web,10,4.5,20,3,1,46,3,0,3,At-Risk/Dormant
U09275,21,Android,27,18.6,122,36,8,0,14,0,0,Power Users
U09276,51,iOS,27,13.0,83,17,5,24,11,0,2,Steady Engagers
U09277,26,iOS,18,2.1,32,6,1,30,5,0,3,At-Risk/Dormant
U09278,26,Android,30,11.4,93,19,3,18,10,0,2,Steady Engagers
U09279,65,iOS,32,22.1,110,37,6,0,9,0,0,Power Users
U09280,28,Android,20,13.9,68,16,2,20,5,0,2,Steady Engagers
U09281,44,iOS,20,7.4,48,8,2,23,3,0,1,Casual Browsers
U09282,27,Android,12,3.9,33,6,1,37,6,0,3,At-Risk/Dormant
U09283,23,iOS,41,17.3,142,40,5,10,14,0,0,Power Users
U09284,18,iOS,16,1.0,43,2,0,32,4,0,3,At-Risk/Dormant
U09285,18,iOS,17,9.2,34,8,0,24,10,0,1,Casual Browsers
U09286,40,Android,21,14.9,60,17,2,7,14,0,2,Steady Engagers
U09287,38,iOS,24,11.1,70,17,1,27,11,0,2,Steady Engagers
U09288,19,Android,33,18.1,113,33,5,10,7,0,0,Power Users
U09289,34,Android,18,11.5,45,5,0,25,8,0,1,Casual Browsers
U09290,31,Android,32,16.9,93,26,4,4,12,0,0,Power Users
U09291,45,Web,11,10.1,28,3,0,30,2,0,3,At-Risk/Dormant
U09292,65,Android,21,8.3,57,10,2,30,7,0,1,Casual Browsers
U09293,51,iOS,15,9.2,35,7,1,19,10,0,1,Casual Browsers
U09294,62,Web,22,8.4,67,14,1,25,7,0,1,Casual Browsers
U09295,27,Android,31,17.6,95,29,2,15,11,0,2,Steady Engagers
U09296,28,Web,15,7.1,51,14,1,52,8,0,1,Casual Browsers
U09297,54,Android,21,6.4,59,10,0,24,6,0,1,Casual Browsers
U09298,32,Android,39,15.6,135,51,10,0,13,0,0,Power Users
U09299,58,Android,24,14.6,75,17,2,11,11,0,2,Steady Engagers
U09300,40,iOS,19,7.0,51,8,2,25,7,0,1,Casual Browsers
U09301,27,Web,25,14.6,84,19,3,6,7,0,2,Steady Engagers
U09302,58,iOS,41,22.4,172,49,4,0,12,0,0,Power Users
U09303,44,iOS,8,3.0,15,1,0,33,4,0,3,At-Risk/Dormant
U09304,56,Android,28,13.4,91,21,3,14,13,0,2,Steady Engagers
U09305,39,Web,8,2.2,18,2,0,43,1,1,3,At-Risk/Dormant
U09306,24,iOS,25,11.8,76,12,1,20,11,0,2,Steady Engagers
U09307,50,Android,17,10.5,54,13,1,20,9,0,1,Casual Browsers
U09308,23,Web,12,16.2,50,8,1,16,15,0,2,Steady Engagers
U09309,49,Android,7,6.1,13,1,1,37,4,0,3,At-Risk/Dormant
U09310,38,Android,9,6.1,22,5,0,26,5,1,3,At-Risk/Dormant
U09311,55,Android,25,15.5,77,22,3,4,13,0,2,Steady Engagers
U09312,59,Android,12,4.7,32,8,0,22,5,0,1,Casual Browsers
U09313,37,Web,1,3.3,5,0,0,54,0,1,3,At-Risk/Dormant
U09314,60,iOS,19,15.2,51,8,0,22,10,0,1,Casual Browsers
U09315,23,Web,25,12.2,86,13,2,8,21,0,2,Steady Engagers
U09316,23,Android,18,9.0,42,11,1,20,5,0,1,Casual Browsers
U09317,65,iOS,19,8.6,48,8,1,18,5,0,1,Casual Browsers
U09318,45,iOS,33,17.5,102,29,4,8,15,0,0,Power Users
U09319,39,iOS,16,11.1,43,5,1,26,7,0,1,Casual Browsers
U09320,25,iOS,27,11.4,77,17,2,11,13,0,2,Steady Engagers
U09321,31,iOS,21,11.2,69,16,2,15,13,0,2,Steady Engagers
U09322,50,iOS,14,7.5,44,8,1,24,7,0,1,Casual Browsers
U09323,57,Web,19,6.4,54,13,4,23,5,0,1,Casual Browsers
U09324,61,Android,37,16.8,158,46,10,0,13,0,0,Power Users
U09325,37,iOS,35,18.1,125,42,9,0,15,0,0,Power Users
U09326,39,iOS,32,11.7,95,23,3,13,14,0,2,Steady Engagers
U09327,25,Android,19,8.1,46,6,1,29,6,0,1,Casual Browsers
U09328,21,Android,18,8.4,37,5,0,31,0,0,3,At-Risk/Dormant
U09329,39,Web,10,5.8,20,2,1,38,6,1,3,At-Risk/Dormant
U09330,45,Android,20,16.1,58,12,4,13,9,0,2,Steady Engagers
U09331,23,Android,17,8.5,33,5,1,26,10,0,1,Casual Browsers
U09332,37,iOS,36,14.6,102,22,4,16,10,0,2,Steady Engagers
U09333,48,Android,24,13.5,79,18,2,15,13,0,2,Steady Engagers
U09334,56,Android,29,5.6,90,27,4,19,9,0,2,Steady Engagers
U09335,63,Android,11,10.7,22,4,0,25,7,1,1,Casual Browsers
U09336,34,Android,4,9.7,7,0,0,59,6,1,3,At-Risk/Dormant
U09337,36,Android,11,9.3,23,2,0,29,5,0,1,Casual Browsers
U09338,59,Web,21,6.2,55,13,3,20,8,0,1,Casual Browsers
U09339,51,Android,28,18.6,102,31,6,0,12,0,0,Power Users
U09340,31,Android,33,9.3,109,18,2,11,10,0,2,Steady Engagers
U09341,50,iOS,15,11.5,36,6,0,28,8,0,1,Casual Browsers
U09342,25,Android,16,14.5,51,15,1,12,10,0,2,Steady Engagers
U09343,39,Android,24,10.3,65,16,3,14,10,0,2,Steady Engagers
U09344,32,Android,7,6.2,25,6,1,34,9,0,3,At-Risk/Dormant
U09345,65,Android,17,7.3,28,5,1,32,4,0,1,Casual Browsers
U09346,19,Android,4,5.9,7,0,1,41,2,1,3,At-Risk/Dormant
U09347,59,Android,23,14.7,84,18,3,14,13,0,2,Steady Engagers
U09348,31,Web,8,3.2,15,0,0,33,4,0,3,At-Risk/Dormant
U09349,19,Web,12,3.4,27,3,0,31,7,0,3,At-Risk/Dormant
U09350,49,Web,16,9.0,35,8,1,33,3,0,1,Casual Browsers
U09351,50,Android,18,5.4,37,6,1,24,11,0,1,Casual Browsers
U09352,24,iOS,19,7.4,52,7,1,28,11,0,1,Casual Browsers
U09353,19,iOS,33,10.2,92,20,0,15,5,0,2,Steady Engagers
U09354,23,Android,19,7.5,49,8,1,29,10,0,1,Casual Browsers
U09355,37,Web,16,4.6,36,11,2,24,6,0,1,Casual Browsers
U09356,24,iOS,16,6.9,31,6,1,27,11,0,1,Casual Browsers
U09357,51,Android,5,0.5,8,1,1,40,5,1,3,At-Risk/Dormant
U09358,21,Web,18,10.0,38,11,0,27,7,0,1,Casual Browsers
U09359,55,Android,19,8.7,46,6,1,25,5,0,1,Casual Browsers
U09360,59,iOS,13,9.1,12,1,0,61,6,1,3,At-Risk/Dormant
U09361,52,Android,17,9.7,43,8,0,26,4,0,1,Casual Browsers
U09362,63,Android,16,7.2,29,7,1,32,5,0,1,Casual Browsers
U09363,63,Web,13,5.3,27,1,0,27,6,0,3,At-Risk/Dormant
U09364,20,iOS,24,10.5,61,21,2,14,13,0,2,Steady Engagers
U09365,34,Android,26,13.3,88,24,5,13,13,0,2,Steady Engagers
U09366,54,iOS,23,15.2,69,17,5,15,11,0,2,Steady Engagers
U09367,34,Web,12,6.3,29,3,0,30,5,0,3,At-Risk/Dormant
U09368,53,Web,14,7.4,43,7,1,38,7,0,1,Casual Browsers
U09369,55,Web,9,6.1,15,1,0,34,6,0,3,At-Risk/Dormant
U09370,65,Web,10,1.9,22,3,0,32,4,0,3,At-Risk/Dormant
U09371,33,iOS,21,8.4,66,16,0,16,13,0,2,Steady Engagers
U09372,34,Android,41,13.1,136,28,4,7,9,0,0,Power Users
U09373,19,Web,9,6.2,25,3,1,32,7,0,3,At-Risk/Dormant
U09374,31,Android,31,15.2,105,31,10,5,12,0,0,Power Users
U09375,31,Android,8,5.6,18,2,0,37,3,1,3,At-Risk/Dormant
U09376,39,Android,29,13.4,74,17,3,18,8,0,2,Steady Engagers
U09377,38,Android,18,6.9,53,6,1,29,10,0,1,Casual Browsers
U09378,59,iOS,27,15.0,74,17,2,18,15,0,2,Steady Engagers
U09379,55,Web,2,0.5,5,0,0,42,2,1,3,At-Risk/Dormant
U09380,52,iOS,44,13.7,175,48,7,0,12,0,0,Power Users
U09381,18,iOS,31,16.5,112,25,7,5,17,0,0,Power Users
U09382,40,Android,28,14.5,86,20,5,10,6,0,2,Steady Engagers
U09383,53,iOS,34,10.1,120,23,4,8,11,0,0,Power Users
U09384,29,Android,13,4.8,25,4,0,37,2,0,3,At-Risk/Dormant
U09385,38,Android,23,17.0,70,17,1,6,10,0,2,Steady Engagers
U09386,52,iOS,10,4.5,13,3,0,37,0,0,3,At-Risk/Dormant
U09387,56,iOS,9,7.1,25,7,0,40,4,0,3,At-Risk/Dormant
U09388,59,Android,19,9.2,57,8,0,18,5,0,1,Casual Browsers
U09389,38,Android,20,11.1,49,9,1,17,6,0,1,Casual Browsers
U09390,37,Android,21,14.8,71,16,2,7,10,0,2,Steady Engagers
U09391,36,iOS,17,8.8,42,10,2,32,6,0,1,Casual Browsers
U09392,50,Android,6,1.2,19,2,0,40,2,1,3,At-Risk/Dormant
U09393,38,Android,15,7.1,40,5,0,28,4,0,1,Casual Browsers
U09394,37,Web,23,8.4,51,13,0,35,8,0,1,Casual Browsers
U09395,26,iOS,8,7.2,22,1,0,34,6,1,3,At-Risk/Dormant
U09396,40,Android,32,14.5,94,26,6,8,10,0,0,Power Users
U09397,29,iOS,14,10.5,38,8,1,36,4,1,1,Casual Browsers
U09398,43,Android,32,13.1,97,22,1,20,12,0,2,Steady Engagers
U09399,60,Android,42,15.1,172,47,10,4,17,0,0,Power Users
U09400,55,iOS,25,11.9,77,14,2,13,9,0,2,Steady Engagers
U09401,40,Android,22,8.7,74,17,3,11,11,0,2,Steady Engagers
U09402,64,Android,16,2.8,35,5,0,33,2,1,3,At-Risk/Dormant
U09403,65,Web,23,6.3,55,15,1,23,11,0,1,Casual Browsers
U09404,39,iOS,18,10.3,48,10,0,25,8,0,1,Casual Browsers
U09405,54,Web,30,13.0,104,34,2,2,11,0,2,Steady Engagers
U09406,34,Web,25,13.2,73,15,1,21,12,0,2,Steady Engagers
U09407,60,Android,19,7.6,48,8,2,27,6,0,1,Casual Browsers
U09408,35,iOS,14,7.6,29,3,0,41,5,0,3,At-Risk/Dormant
U09409,30,Android,11,18.2,40,10,2,14,11,0,2,Steady Engagers
U09410,24,iOS,12,11.2,35,7,0,25,7,0,1,Casual Browsers
U09411,58,Android,27,9.7,76,19,2,28,12,0,2,Steady Engagers
U09412,32,Android,30,13.1,96,31,3,0,9,0,2,Steady Engagers
U09413,57,Android,17,5.9,41,9,2,25,10,0,1,Casual Browsers
U09414,22,iOS,16,12.6,46,12,3,17,9,0,1,Casual Browsers
U09415,42,Android,20,11.0,76,14,0,15,12,0,2,Steady Engagers
U09416,38,iOS,13,2.3,35,8,1,34,3,0,3,At-Risk/Dormant
U09417,39,Web,3,3.8,12,0,0,52,2,1,3,At-Risk/Dormant
U09418,26,iOS,10,7.2,21,5,0,39,5,0,3,At-Risk/Dormant
U09419,21,Android,26,7.4,56,8,0,26,6,0,1,Casual Browsers
U09420,34,Android,15,6.4,32,7,1,26,5,0,1,Casual Browsers
U09421,40,Web,5,0.5,11,3,0,50,1,1,3,At-Risk/Dormant
U09422,56,iOS,19,12.0,67,16,2,20,8,0,2,Steady Engagers
U09423,40,Android,17,8.9,50,6,0,23,5,0,1,Casual Browsers
U09424,29,Web,24,12.0,59,10,1,21,7,0,1,Casual Browsers
U09425,30,Android,22,11.7,76,20,2,16,15,0,2,Steady Engagers
U09426,47,Android,10,2.5,20,1,0,41,2,1,3,At-Risk/Dormant
U09427,38,Android,7,6.8,22,6,1,34,10,1,3,At-Risk/Dormant
U09428,61,Android,11,8.0,25,4,0,33,5,1,3,At-Risk/Dormant
U09429,39,Android,14,8.2,31,7,1,20,13,0,1,Casual Browsers
U09430,45,iOS,15,10.2,60,11,3,21,7,0,1,Casual Browsers
U09431,21,Android,8,1.0,17,0,0,40,2,1,3,At-Risk/Dormant
U09432,27,iOS,26,12.8,86,16,3,11,13,0,2,Steady Engagers
U09433,58,Web,10,4.5,29,7,1,38,3,0,3,At-Risk/Dormant
U09434,34,Web,12,12.1,25,8,2,23,10,0,1,Casual Browsers
U09435,38,Android,14,9.4,34,10,2,28,10,0,1,Casual Browsers
U09436,46,iOS,17,2.7,32,6,0,31,9,0,1,Casual Browsers
U09437,20,Android,13,0.5,29,8,3,42,8,1,3,At-Risk/Dormant
U09438,42,iOS,22,9.2,63,13,1,17,7,0,1,Casual Browsers
U09439,34,Android,32,14.2,102,35,5,13,11,0,0,Power Users
U09440,25,iOS,21,11.6,50,12,1,24,4,0,1,Casual Browsers
U09441,38,Android,14,9.5,37,3,0,23,8,0,1,Casual Browsers
U09442,39,iOS,15,4.4,30,5,0,35,8,0,3,At-Risk/Dormant
U09443,26,Android,25,11.4,61,16,1,21,7,0,2,Steady Engagers
U09444,44,Android,32,11.8,126,34,6,0,21,0,0,Power Users
U09445,53,iOS,21,12.2,52,13,1,20,10,0,1,Casual Browsers
U09446,30,Android,23,15.3,78,28,3,7,10,0,2,Steady Engagers
U09447,64,iOS,8,3.6,14,3,0,35,7,0,3,At-Risk/Dormant
U09448,47,iOS,16,13.0,42,11,0,26,8,0,1,Casual Browsers
U09449,55,iOS,10,9.5,29,4,0,39,5,0,3,At-Risk/Dormant
U09450,21,iOS,14,6.0,34,4,0,36,4,0,3,At-Risk/Dormant
U09451,54,iOS,6,7.3,14,2,1,31,2,1,3,At-Risk/Dormant
U09452,34,Web,24,5.4,70,16,3,22,8,0,2,Steady Engagers
U09453,52,Android,15,7.7,40,8,1,29,4,0,1,Casual Browsers
U09454,56,iOS,14,10.1,32,6,1,27,4,0,1,Casual Browsers
U09455,30,iOS,14,8.7,36,7,1,27,6,0,1,Casual Browsers
U09456,30,Android,24,11.5,66,12,5,19,10,0,2,Steady Engagers
U09457,20,Android,23,8.2,64,9,1,25,2,0,1,Casual Browsers
U09458,47,Android,10,9.2,28,4,0,32,7,1,1,Casual Browsers
U09459,55,iOS,18,9.1,44,9,0,24,10,0,1,Casual Browsers
U09460,37,Android,22,10.3,56,8,1,18,10,0,1,Casual Browsers
U09461,25,iOS,14,3.0,33,5,0,34,8,0,3,At-Risk/Dormant
U09462,33,iOS,8,3.4,15,0,0,37,2,0,3,At-Risk/Dormant
U09463,37,iOS,18,11.2,63,13,1,17,6,0,1,Casual Browsers
U09464,61,Android,12,7.0,33,6,0,32,3,0,3,At-Risk/Dormant
U09465,23,iOS,5,2.8,7,1,0,45,4,1,3,At-Risk/Dormant
U09466,34,iOS,11,7.1,20,1,0,49,3,1,3,At-Risk/Dormant
U09467,48,Android,7,11.3,13,3,0,23,8,0,1,Casual Browsers
U09468,29,Android,14,12.0,38,9,1,32,6,0,1,Casual Browsers
U09469,60,Android,10,5.5,19,5,1,36,2,0,3,At-Risk/Dormant
U09470,61,Web,17,4.7,35,7,1,28,6,0,1,Casual Browsers
U09471,36,Android,33,12.4,115,28,4,1,11,0,0,Power Users
U09472,53,Android,14,4.5,36,8,0,37,7,0,3,At-Risk/Dormant
U09473,54,Android,8,1.5,17,2,1,49,3,1,3,At-Risk/Dormant
U09474,50,Android,25,7.0,73,15,2,24,11,0,2,Steady Engagers
U09475,26,Android,9,3.2,20,2,1,42,1,1,3,At-Risk/Dormant
U09476,20,iOS,12,9.8,31,7,0,28,8,0,1,Casual Browsers
U09477,34,iOS,20,10.0,68,11,1,21,9,0,1,Casual Browsers
U09478,24,Web,9,10.5,15,4,0,33,7,0,1,Casual Browsers
U09479,32,Android,18,11.4,49,11,3,20,8,0,1,Casual Browsers
U09480,48,iOS,15,7.3,39,4,0,28,7,0,1,Casual Browsers
U09481,46,iOS,22,11.3,72,16,2,14,15,0,2,Steady Engagers
U09482,28,iOS,16,11.0,44,13,1,28,6,0,1,Casual Browsers
U09483,18,Web,32,12.9,113,37,10,2,14,0,0,Power Users
U09484,28,Android,31,11.7,108,35,6,4,12,0,0,Power Users
U09485,39,iOS,25,15.9,74,12,2,6,19,0,2,Steady Engagers
U09486,55,iOS,11,6.3,30,4,0,35,6,0,3,At-Risk/Dormant
U09487,35,Android,28,16.4,77,26,5,6,11,0,0,Power Users
U09488,31,Web,29,12.3,74,23,5,21,9,0,2,Steady Engagers
U09489,44,Android,13,10.7,30,4,0,35,4,0,1,Casual Browsers
U09490,21,Android,8,6.7,10,1,0,41,3,1,3,At-Risk/Dormant
U09491,28,iOS,25,8.3,79,23,3,17,12,0,2,Steady Engagers
U09492,19,iOS,26,10.0,91,14,5,15,10,0,2,Steady Engagers
U09493,43,Web,10,3.3,25,2,0,28,4,1,3,At-Risk/Dormant
U09494,39,Web,13,8.0,37,7,1,26,3,0,1,Casual Browsers
U09495,45,Android,10,3.7,19,2,0,48,1,1,3,At-Risk/Dormant
U09496,47,iOS,24,15.1,67,10,1,15,5,0,2,Steady Engagers
U09497,36,Web,11,3.2,19,2,0,54,1,1,3,At-Risk/Dormant
U09498,59,Android,16,8.2,50,13,2,23,5,0,1,Casual Browsers
U09499,62,iOS,17,6.6,34,5,0,30,4,0,1,Casual Browsers
U09500,23,Web,17,6.2,39,3,1,31,5,0,1,Casual Browsers
U09501,62,Android,23,11.9,75,20,2,17,11,0,2,Steady Engagers
U09502,27,Web,26,16.1,73,15,2,8,13,0,2,Steady Engagers
U09503,29,iOS,21,11.3,60,13,3,26,7,0,1,Casual Browsers
U09504,43,Web,5,7.1,6,0,0,51,1,1,3,At-Risk/Dormant
U09505,19,iOS,15,2.9,19,4,1,35,4,1,3,At-Risk/Dormant
U09506,35,iOS,15,8.7,29,4,0,33,9,0,1,Casual Browsers
U09507,27,iOS,9,6.3,19,1,0,34,3,0,3,At-Risk/Dormant
U09508,41,Android,21,16.6,58,13,3,24,13,0,2,Steady Engagers
U09509,57,iOS,17,15.4,56,16,3,25,5,0,1,Casual Browsers
U09510,62,Web,17,5.6,39,3,1,33,3,1,3,At-Risk/Dormant
U09511,28,Web,10,6.0,18,4,0,39,4,0,3,At-Risk/Dormant
U09512,44,Web,17,9.1,40,8,0,33,5,0,1,Casual Browsers
U09513,40,iOS,16,12.0,41,7,2,21,9,0,1,Casual Browsers
U09514,37,iOS,22,9.8,48,7,0,26,8,0,1,Casual Browsers
U09515,48,iOS,36,14.5,146,43,4,1,15,0,0,Power Users
U09516,65,iOS,8,3.9,22,4,0,36,4,1,3,At-Risk/Dormant
U09517,37,iOS,19,9.0,46,5,1,27,6,0,1,Casual Browsers
U09518,21,Android,14,8.3,35,2,0,34,10,0,1,Casual Browsers
U09519,61,Android,14,7.6,34,4,0,30,3,0,3,At-Risk/Dormant
U09520,62,iOS,23,10.4,50,10,0,21,5,0,1,Casual Browsers
U09521,33,Android,18,10.8,58,15,4,15,10,0,2,Steady Engagers
U09522,42,Android,16,10.0,46,9,0,23,9,0,1,Casual Browsers
U09523,59,Android,6,2.0,9,1,1,45,0,0,3,At-Risk/Dormant
U09524,42,Web,20,11.7,59,10,3,13,8,0,2,Steady Engagers
U09525,41,Web,3,4.9,7,1,0,41,3,0,3,At-Risk/Dormant
U09526,62,iOS,19,7.4,74,15,3,21,13,0,2,Steady Engagers
U09527,57,Web,5,0.8,11,1,0,38,2,1,3,At-Risk/Dormant
U09528,42,Web,17,8.3,42,4,1,32,16,1,1,Casual Browsers
U09529,25,Android,35,10.2,109,26,2,15,15,0,2,Steady Engagers
U09530,39,Android,12,9.3,33,7,2,32,4,0,1,Casual Browsers
U09531,50,Android,14,4.8,35,6,0,34,4,1,3,At-Risk/Dormant
U09532,31,Android,26,9.9,100,22,2,13,9,0,2,Steady Engagers
U09533,43,iOS,13,8.5,32,4,2,34,7,0,1,Casual Browsers
U09534,49,Android,11,12.1,22,7,0,28,5,0,1,Casual Browsers
U09535,22,Web,10,3.4,18,4,1,43,3,1,3,At-Risk/Dormant
U09536,45,iOS,10,7.1,23,3,0,30,6,0,3,At-Risk/Dormant
U09537,53,Android,14,13.9,34,11,2,16,13,0,1,Casual Browsers
U09538,28,Web,18,10.8,36,13,5,25,8,0,1,Casual Browsers
U09539,44,Web,24,8.8,76,21,2,25,9,0,2,Steady Engagers
U09540,52,iOS,9,2.6,21,3,0,38,2,0,3,At-Risk/Dormant
U09541,20,iOS,16,3.2,41,5,0,30,10,0,1,Casual Browsers
U09542,48,Web,32,14.2,111,25,2,7,7,0,2,Steady Engagers
U09543,30,iOS,33,18.0,116,40,8,0,12,0,0,Power Users
U09544,37,Web,14,8.7,30,2,0,30,2,0,3,At-Risk/Dormant
U09545,49,Android,7,3.2,14,0,0,56,0,1,3,At-Risk/Dormant
U09546,18,iOS,5,5.9,7,1,1,37,4,1,3,At-Risk/Dormant
U09547,18,iOS,17,8.4,43,7,0,25,6,0,1,Casual Browsers
U09548,39,Android,4,4.5,10,3,0,41,1,0,3,At-Risk/Dormant
U09549,63,Android,27,13.5,96,26,2,2,17,0,2,Steady Engagers
U09550,18,Android,31,10.3,75,16,3,19,4,0,2,Steady Engagers
U09551,55,Android,15,1.5,41,1,0,35,6,0,3,At-Risk/Dormant
U09552,21,Android,20,12.7,42,10,3,20,11,0,2,Steady Engagers
U09553,41,Android,15,12.9,40,5,1,27,1,0,1,Casual Browsers
U09554,38,Web,9,4.2,22,6,3,41,6,0,3,At-Risk/Dormant
U09555,40,iOS,23,15.5,88,12,4,19,10,0,2,Steady Engagers
U09556,21,iOS,27,12.7,90,12,2,15,9,0,2,Steady Engagers
U09557,54,Android,28,17.1,101,31,4,16,11,0,0,Power Users
U09558,31,Web,6,3.6,12,3,0,46,2,0,3,At-Risk/Dormant
U09559,55,Android,5,2.4,13,0,0,40,3,1,3,At-Risk/Dormant
U09560,49,Android,19,9.4,46,3,0,24,10,0,1,Casual Browsers
U09561,44,iOS,8,10.5,25,7,1,30,6,0,1,Casual Browsers
U09562,32,Web,16,5.4,32,4,0,34,6,1,3,At-Risk/Dormant
U09563,49,Web,18,11.8,43,9,0,29,7,0,1,Casual Browsers
U09564,65,iOS,20,13.6,77,18,3,20,3,0,2,Steady Engagers
U09565,62,iOS,15,13.8,39,6,1,23,9,0,1,Casual Browsers
U09566,61,iOS,27,12.4,77,17,2,23,9,0,2,Steady Engagers
U09567,28,iOS,22,11.9,70,13,3,13,15,0,2,Steady Engagers
U09568,46,Android,31,18.8,113,33,9,25,8,0,0,Power Users
U09569,37,Android,23,5.8,60,8,2,29,4,0,1,Casual Browsers
U09570,64,Web,19,10.2,59,13,3,25,5,0,1,Casual Browsers
U09571,63,Web,22,9.9,47,10,2,21,8,0,1,Casual Browsers
U09572,59,Android,19,12.3,51,9,4,16,5,0,1,Casual Browsers
U09573,25,Android,14,8.0,39,12,1,23,6,0,1,Casual Browsers
U09574,33,Android,27,15.3,100,24,3,3,12,0,2,Steady Engagers
U09575,52,iOS,9,3.1,15,2,0,38,5,0,3,At-Risk/Dormant
U09576,53,Android,8,7.4,18,1,0,34,4,0,3,At-Risk/Dormant
U09577,34,iOS,2,3.2,8,2,0,43,0,1,3,At-Risk/Dormant
U09578,24,Android,7,7.4,8,0,1,38,4,1,3,At-Risk/Dormant
U09579,24,Android,23,17.4,81,17,4,8,9,0,2,Steady Engagers
U09580,50,Android,12,4.5,28,6,0,37,1,0,3,At-Risk/Dormant
U09581,39,iOS,22,9.6,50,10,0,28,2,0,1,Casual Browsers
U09582,41,Android,12,6.0,31,6,1,28,5,0,1,Casual Browsers
U09583,57,iOS,16,13.6,50,17,3,24,9,0,2,Steady Engagers
U09584,18,iOS,8,2.6,16,1,1,33,4,0,3,At-Risk/Dormant
U09585,54,iOS,28,15.9,82,15,3,16,7,0,2,Steady Engagers
U09586,31,Android,9,2.4,21,0,0,36,1,1,3,At-Risk/Dormant
U09587,62,iOS,16,7.9,54,9,4,24,7,0,1,Casual Browsers
U09588,63,Android,35,12.7,98,25,8,7,11,0,0,Power Users
U09589,42,iOS,12,5.7,24,4,0,32,5,1,3,At-Risk/Dormant
U09590,33,iOS,7,7.8,15,0,0,38,2,1,3,At-Risk/Dormant
U09591,29,Web,20,4.0,54,12,2,29,6,0,1,Casual Browsers
U09592,26,Web,5,3.1,21,2,0,50,2,0,3,At-Risk/Dormant
U09593,65,iOS,28,15.0,89,17,1,8,8,0,2,Steady Engagers
U09594,27,Web,16,3.2,40,4,0,30,6,1,3,At-Risk/Dormant
U09595,39,Android,11,6.6,30,5,0,35,2,1,3,At-Risk/Dormant
U09596,41,iOS,18,3.7,38,5,0,34,7,0,1,Casual Browsers
U09597,50,Android,41,11.3,119,29,7,12,13,0,0,Power Users
U09598,58,Android,12,8.8,26,3,0,32,7,0,1,Casual Browsers
U09599,44,iOS,12,3.9,22,5,0,33,2,0,3,At-Risk/Dormant
U09600,54,iOS,35,15.8,117,37,5,12,15,0,0,Power Users
U09601,45,iOS,18,8.8,48,7,2,21,7,0,1,Casual Browsers
U09602,38,Web,23,16.1,67,11,3,20,10,0,2,Steady Engagers
U09603,25,iOS,12,7.1,23,2,0,28,5,1,3,At-Risk/Dormant
U09604,28,Web,14,7.3,29,10,0,24,10,0,1,Casual Browsers
U09605,38,Web,11,5.2,22,3,0,35,4,1,3,At-Risk/Dormant
U09606,20,Web,22,11.4,63,11,3,27,2,1,1,Casual Browsers
U09607,33,Android,15,7.3,34,6,0,23,4,0,1,Casual Browsers
U09608,40,iOS,27,18.1,97,25,1,5,10,0,2,Steady Engagers
U09609,40,iOS,16,8.3,48,11,1,21,14,0,1,Casual Browsers
U09610,57,Web,16,8.4,50,9,1,29,11,0,1,Casual Browsers
U09611,64,Android,18,9.4,51,11,0,22,11,0,1,Casual Browsers
U09612,53,Android,19,11.6,45,11,2,32,6,0,1,Casual Browsers
U09613,21,Android,11,11.4,35,9,1,29,3,0,1,Casual Browsers
U09614,37,Android,30,14.6,71,19,4,35,14,0,2,Steady Engagers
U09615,53,Web,14,9.1,44,7,1,27,4,1,1,Casual Browsers
U09616,46,Android,13,8.1,27,9,1,44,4,0,3,At-Risk/Dormant
U09617,39,Android,16,11.2,36,9,1,26,8,0,1,Casual Browsers
U09618,38,iOS,13,8.8,30,7,0,32,9,0,1,Casual Browsers
U09619,37,Android,13,5.9,31,5,1,27,8,1,1,Casual Browsers
U09620,45,Android,25,12.3,78,18,2,18,10,0,2,Steady Engagers
U09621,26,iOS,14,13.6,36,10,3,22,13,0,1,Casual Browsers
U09622,42,iOS,32,12.4,84,15,4,10,16,0,2,Steady Engagers
U09623,27,Web,10,4.6,22,3,0,33,1,1,3,At-Risk/Dormant
U09624,50,iOS,26,11.1,60,12,0,21,8,0,1,Casual Browsers
U09625,59,Web,7,0.8,16,1,0,45,2,1,3,At-Risk/Dormant
U09626,42,Android,9,6.7,19,4,0,44,3,1,3,At-Risk/Dormant
U09627,36,iOS,11,6.1,21,3,0,40,2,0,3,At-Risk/Dormant
U09628,63,iOS,22,9.1,44,9,0,32,9,0,1,Casual Browsers
U09629,49,iOS,25,15.0,79,22,1,13,20,0,2,Steady Engagers
U09630,38,iOS,15,8.2,28,5,1,29,6,0,1,Casual Browsers
U09631,19,Android,14,5.8,26,5,0,28,4,0,3,At-Risk/Dormant
U09632,18,Android,15,6.9,35,9,0,32,4,0,1,Casual Browsers
U09633,28,Web,3,3.3,7,3,0,42,0,1,3,At-Risk/Dormant
U09634,29,Web,30,16.3,98,30,5,5,12,0,0,Power Users
U09635,52,Android,7,9.2,16,2,0,40,1,0,3,At-Risk/Dormant
U09636,42,iOS,27,12.2,78,19,3,30,14,0,2,Steady Engagers
U09637,65,iOS,36,17.6,136,39,8,0,10,0,0,Power Users
U09638,43,iOS,32,11.3,106,19,4,10,13,0,2,Steady Engagers
U09639,61,Android,11,4.7,35,12,1,29,7,1,1,Casual Browsers
U09640,44,Web,8,1.1,18,5,0,41,4,0,3,At-Risk/Dormant
U09641,35,iOS,7,1.5,8,0,0,43,2,0,3,At-Risk/Dormant
U09642,52,iOS,15,6.4,38,7,2,35,5,0,1,Casual Browsers
U09643,39,iOS,12,8.8,27,4,0,31,7,0,1,Casual Browsers
U09644,31,iOS,34,14.5,93,18,4,12,14,0,2,Steady Engagers
U09645,40,Android,11,4.1,26,6,1,30,4,0,3,At-Risk/Dormant
U09646,49,Web,6,5.2,12,1,0,33,4,1,3,At-Risk/Dormant
U09647,36,Android,21,8.3,43,10,0,23,4,1,1,Casual Browsers
U09648,51,Web,16,8.6,67,19,2,21,8,0,1,Casual Browsers
U09649,65,Web,29,6.8,67,14,2,20,11,0,2,Steady Engagers
U09650,37,iOS,17,3.4,43,7,0,23,15,0,1,Casual Browsers
U09651,32,iOS,24,5.5,48,6,1,32,8,0,1,Casual Browsers
U09652,37,Android,30,13.2,128,39,10,8,16,0,0,Power Users
U09653,58,Android,10,8.2,16,3,1,36,3,0,3,At-Risk/Dormant
U09654,26,iOS,6,6.2,13,3,0,41,2,1,3,At-Risk/Dormant
U09655,64,Android,38,11.2,130,40,8,0,14,0,0,Power Users
U09656,37,Android,31,17.8,101,26,2,0,7,0,2,Steady Engagers
U09657,58,Web,8,8.0,21,4,2,48,5,1,3,At-Risk/Dormant
U09658,55,Android,2,1.0,9,0,0,44,1,1,3,At-Risk/Dormant
U09659,55,Android,22,7.4,60,21,3,22,16,0,2,Steady Engagers
U09660,61,Android,18,13.6,44,10,0,21,8,0,1,Casual Browsers
U09661,26,iOS,28,8.2,60,8,1,30,12,0,1,Casual Browsers
U09662,46,iOS,17,8.7,29,3,0,35,3,0,3,At-Risk/Dormant
U09663,22,iOS,15,8.2,38,5,0,26,4,0,1,Casual Browsers
U09664,32,iOS,18,16.5,65,11,1,15,8,0,2,Steady Engagers
U09665,19,Android,35,15.9,123,39,3,9,11,0,0,Power Users
U09666,50,iOS,40,17.3,140,54,12,0,21,0,0,Power Users
U09667,47,Android,17,7.1,46,5,0,27,6,0,1,Casual Browsers
U09668,53,Web,13,6.5,27,7,0,35,12,1,1,Casual Browsers
U09669,26,Android,19,9.0,36,6,0,25,10,0,1,Casual Browsers
U09670,33,Android,22,7.2,50,11,1,28,3,0,1,Casual Browsers
U09671,50,iOS,13,7.1,26,5,1,31,7,0,1,Casual Browsers
U09672,57,Android,3,3.4,6,0,0,40,1,1,3,At-Risk/Dormant
U09673,60,iOS,23,15.2,61,16,2,28,10,0,2,Steady Engagers
U09674,21,iOS,10,11.6,27,3,0,29,7,0,1,Casual Browsers
U09675,37,Web,11,8.8,27,7,0,29,7,0,1,Casual Browsers
U09676,18,Android,32,16.5,99,25,2,13,7,0,2,Steady Engagers
U09677,57,iOS,21,14.8,74,16,1,20,9,0,2,Steady Engagers
U09678,23,iOS,16,7.0,41,3,3,35,6,0,1,Casual Browsers
U09679,57,Android,23,14.3,74,23,8,11,6,0,0,Power Users
U09680,25,iOS,30,12.2,94,27,4,13,5,0,2,Steady Engagers
U09681,18,Web,13,10.6,37,10,1,32,4,0,1,Casual Browsers
U09682,60,iOS,28,9.0,83,23,3,27,14,0,2,Steady Engagers
U09683,39,Web,20,7.0,57,11,3,20,10,0,1,Casual Browsers
U09684,38,iOS,21,11.7,48,14,1,14,9,0,2,Steady Engagers
U09685,49,Android,26,11.1,98,24,2,8,13,0,2,Steady Engagers
U09686,31,Web,11,4.7,30,6,0,33,7,0,3,At-Risk/Dormant
U09687,51,Android,8,5.8,17,1,0,38,7,0,3,At-Risk/Dormant
U09688,38,iOS,26,11.5,72,19,5,13,9,0,2,Steady Engagers
U09689,31,iOS,10,5.7,21,1,1,30,5,0,3,At-Risk/Dormant
U09690,36,Web,17,10.7,50,9,1,18,11,0,1,Casual Browsers
U09691,18,Web,20,8.6,42,6,0,50,4,0,3,At-Risk/Dormant
U09692,32,Android,9,1.7,23,1,1,44,2,0,3,At-Risk/Dormant
U09693,46,iOS,13,3.8,25,1,0,41,6,0,3,At-Risk/Dormant
U09694,24,Android,18,12.8,46,9,1,18,9,0,1,Casual Browsers
U09695,23,iOS,7,6.0,11,2,0,45,0,0,3,At-Risk/Dormant
U09696,49,iOS,15,13.9,34,8,1,24,7,0,1,Casual Browsers
U09697,38,Android,9,5.6,14,1,0,34,3,0,3,At-Risk/Dormant
U09698,24,Web,14,13.8,46,9,1,19,2,0,1,Casual Browsers
U09699,53,iOS,26,14.8,101,29,1,6,15,0,2,Steady Engagers
U09700,55,iOS,22,12.6,60,14,3,21,9,0,2,Steady Engagers
U09701,19,Web,17,9.9,43,5,1,23,4,0,1,Casual Browsers
U09702,27,iOS,12,11.9,40,4,1,29,3,0,1,Casual Browsers
U09703,35,iOS,30,14.5,112,30,6,6,11,0,0,Power Users
U09704,53,Android,4,1.8,9,3,0,38,2,1,3,At-Risk/Dormant
U09705,21,Android,31,13.9,111,24,5,15,11,0,0,Power Users
U09706,56,Android,29,6.1,83,16,2,18,11,0,2,Steady Engagers
U09707,33,Android,28,14.0,84,24,5,7,9,0,2,Steady Engagers
U09708,24,Android,17,1.4,40,6,0,25,5,1,3,At-Risk/Dormant
U09709,59,iOS,4,4.2,13,1,0,33,5,0,3,At-Risk/Dormant
U09710,22,iOS,25,15.3,95,17,4,14,12,0,2,Steady Engagers
U09711,24,Android,11,1.1,22,0,0,53,5,1,3,At-Risk/Dormant
U09712,63,iOS,26,16.1,83,19,3,5,19,0,2,Steady Engagers
U09713,42,Web,13,2.7,33,2,0,29,6,1,3,At-Risk/Dormant
U09714,40,Android,17,8.1,40,11,2,36,11,0,1,Casual Browsers
U09715,50,iOS,20,11.0,54,14,1,25,11,0,1,Casual Browsers
U09716,48,Android,9,8.2,22,6,0,33,5,0,3,At-Risk/Dormant
U09717,47,iOS,31,18.3,91,30,6,6,15,0,0,Power Users
U09718,19,iOS,36,12.4,114,36,7,3,13,0,0,Power Users
U09719,44,Android,17,8.2,49,10,1,24,12,0,1,Casual Browsers
U09720,31,Android,25,11.0,73,19,1,11,16,0,2,Steady Engagers
U09721,56,Web,3,5.4,4,0,0,64,0,1,3,At-Risk/Dormant
U09722,42,Android,6,6.0,12,0,0,34,1,0,3,At-Risk/Dormant
U09723,23,iOS,29,18.0,117,38,13,0,16,0,0,Power Users
U09724,60,iOS,14,8.5,23,4,0,29,5,0,1,Casual Browsers
U09725,31,Android,33,14.6,110,27,7,10,11,0,0,Power Users
U09726,31,iOS,14,6.6,37,9,1,34,6,0,1,Casual Browsers
U09727,62,iOS,12,9.0,38,5,1,31,1,0,3,At-Risk/Dormant
U09728,55,Android,18,12.6,56,10,1,14,7,0,1,Casual Browsers
U09729,59,Web,6,5.3,8,1,0,42,2,1,3,At-Risk/Dormant
U09730,49,iOS,37,15.7,136,32,7,0,18,0,0,Power Users
U09731,61,iOS,33,15.7,126,42,8,9,14,0,0,Power Users
U09732,23,Android,28,14.7,95,23,2,18,9,0,2,Steady Engagers
U09733,46,Android,21,6.9,63,12,2,20,6,0,1,Casual Browsers
U09734,32,iOS,12,8.5,34,6,2,38,4,0,3,At-Risk/Dormant
U09735,37,iOS,14,6.2,31,7,0,29,8,1,1,Casual Browsers
U09736,29,Android,11,7.6,23,2,0,36,7,0,3,At-Risk/Dormant
U09737,27,iOS,14,10.6,41,9,0,28,6,0,1,Casual Browsers
U09738,39,iOS,14,7.0,36,8,0,26,5,0,1,Casual Browsers
U09739,62,Android,16,11.4,56,14,1,17,6,0,1,Casual Browsers
U09740,48,iOS,16,9.2,47,10,1,15,11,0,1,Casual Browsers
U09741,34,iOS,6,0.7,10,0,0,36,5,0,3,At-Risk/Dormant
U09742,38,iOS,19,9.9,56,15,1,20,9,0,1,Casual Browsers
U09743,43,iOS,24,15.4,76,18,4,13,7,0,2,Steady Engagers
U09744,29,iOS,19,12.9,45,8,3,11,14,0,2,Steady Engagers
U09745,43,Web,22,4.9,65,14,2,27,4,0,1,Casual Browsers
U09746,51,Web,8,0.7,11,1,0,54,2,1,3,At-Risk/Dormant
U09747,29,Android,23,8.4,56,13,1,19,3,0,1,Casual Browsers
U09748,46,iOS,25,12.9,83,25,2,7,12,0,2,Steady Engagers
U09749,52,Web,22,8.8,57,12,1,18,13,0,2,Steady Engagers
U09750,42,Web,7,1.5,12,0,0,39,4,0,3,At-Risk/Dormant
U09751,32,Android,15,2.2,26,5,0,33,7,0,3,At-Risk/Dormant
U09752,44,Android,37,23.5,140,49,7,0,13,0,0,Power Users
U09753,56,Android,25,16.1,62,9,1,12,11,0,2,Steady Engagers
U09754,28,Web,9,4.5,22,5,0,29,5,1,3,At-Risk/Dormant
U09755,45,Web,9,5.5,18,1,0,40,4,1,3,At-Risk/Dormant
U09756,50,Web,10,1.3,18,2,0,47,3,1,3,At-Risk/Dormant
U09757,33,Android,13,8.1,40,4,2,35,10,0,1,Casual Browsers
U09758,36,Web,16,11.1,38,4,0,35,10,0,1,Casual Browsers
U09759,60,Android,20,10.9,50,6,1,17,5,0,1,Casual Browsers
U09760,35,Android,16,11.8,43,9,2,27,13,0,1,Casual Browsers
U09761,46,Android,11,7.6,35,11,0,24,6,0,1,Casual Browsers
U09762,25,iOS,15,8.5,45,7,0,23,7,0,1,Casual Browsers
U09763,62,iOS,12,2.7,30,7,1,24,5,0,3,At-Risk/Dormant
U09764,46,Android,15,11.4,33,9,0,22,10,0,1,Casual Browsers
U09765,54,Android,7,0.5,15,1,0,45,2,0,3,At-Risk/Dormant
U09766,46,Web,13,3.3,34,4,1,31,1,1,3,At-Risk/Dormant
U09767,35,Android,13,10.8,33,7,1,28,7,0,1,Casual Browsers
U09768,34,iOS,22,11.5,50,15,1,28,2,0,1,Casual Browsers
U09769,51,Android,32,11.1,91,25,4,6,13,0,2,Steady Engagers
U09770,59,Android,24,16.9,68,21,1,13,13,0,2,Steady Engagers
U09771,24,Android,25,14.7,68,16,2,18,17,0,2,Steady Engagers
U09772,58,iOS,29,16.0,81,24,1,9,8,0,2,Steady Engagers
U09773,57,iOS,11,3.3,16,6,1,35,2,0,3,At-Risk/Dormant
U09774,23,Android,19,14.2,41,8,1,20,9,0,1,Casual Browsers
U09775,23,Web,10,8.9,18,2,1,28,4,0,3,At-Risk/Dormant
U09776,51,Android,35,14.0,110,27,4,4,16,0,0,Power Users
U09777,58,iOS,23,3.4,62,11,4,23,4,0,1,Casual Browsers
U09778,36,Android,22,10.4,72,12,2,35,7,0,1,Casual Browsers
U09779,48,Web,29,12.1,87,20,2,12,13,0,2,Steady Engagers
U09780,65,Android,17,8.2,35,6,1,26,8,0,1,Casual Browsers
U09781,33,iOS,15,10.5,34,7,2,33,6,0,1,Casual Browsers
U09782,28,iOS,33,14.0,124,31,5,3,13,0,0,Power Users
U09783,65,iOS,25,10.9,61,12,0,29,8,0,1,Casual Browsers
U09784,31,Web,3,4.8,4,0,0,43,2,0,3,At-Risk/Dormant
U09785,40,Android,33,9.7,106,24,5,10,12,0,0,Power Users
U09786,39,Android,9,7.8,18,4,0,33,2,1,3,At-Risk/Dormant
U09787,43,Web,15,6.3,28,2,1,30,4,0,3,At-Risk/Dormant
U09788,30,Web,10,4.2,25,2,0,32,4,0,3,At-Risk/Dormant
U09789,50,iOS,28,7.5,65,17,4,11,10,0,2,Steady Engagers
U09790,51,iOS,25,14.6,82,20,5,9,6,0,2,Steady Engagers
U09791,27,iOS,8,2.1,17,0,0,39,3,1,3,At-Risk/Dormant
U09792,41,iOS,28,9.7,73,15,0,15,4,0,1,Casual Browsers
U09793,20,Web,14,12.9,38,11,0,29,5,0,1,Casual Browsers
U09794,28,Web,25,10.1,71,14,2,19,13,0,2,Steady Engagers
U09795,65,Android,19,9.2,52,6,0,24,11,0,1,Casual Browsers
U09796,42,iOS,21,16.8,64,16,3,18,9,0,2,Steady Engagers
U09797,47,iOS,23,8.7,69,12,0,24,9,0,1,Casual Browsers
U09798,60,Android,29,14.1,88,28,5,4,12,0,0,Power Users
U09799,52,Web,9,7.4,12,0,0,39,3,0,3,At-Risk/Dormant
U09800,56,iOS,11,8.0,34,10,3,28,5,0,1,Casual Browsers
U09801,52,Android,16,6.6,42,1,0,42,2,1,3,At-Risk/Dormant
U09802,41,iOS,10,2.0,22,4,1,53,4,0,3,At-Risk/Dormant
U09803,48,Android,17,8.4,45,5,1,23,11,1,1,Casual Browsers
U09804,31,Android,7,6.5,7,0,0,42,2,1,3,At-Risk/Dormant
U09805,60,iOS,9,2.4,19,1,0,40,5,0,3,At-Risk/Dormant
U09806,26,iOS,13,6.3,29,6,1,30,3,0,3,At-Risk/Dormant
U09807,60,iOS,21,5.1,61,11,1,27,7,0,1,Casual Browsers
U09808,60,Android,8,8.1,24,1,0,38,2,1,3,At-Risk/Dormant
U09809,24,iOS,12,5.5,30,2,1,24,5,0,3,At-Risk/Dormant
U09810,52,Android,29,7.9,77,12,0,14,12,0,2,Steady Engagers
U09811,65,Web,16,7.0,36,7,1,22,7,0,1,Casual Browsers
U09812,45,Android,4,0.5,7,0,0,42,3,1,3,At-Risk/Dormant
U09813,34,Web,13,13.0,41,15,0,18,9,0,1,Casual Browsers
U09814,60,Android,11,9.4,24,5,0,40,12,0,1,Casual Browsers
U09815,42,Android,7,4.6,9,0,0,45,2,1,3,At-Risk/Dormant
U09816,23,iOS,15,11.0,45,4,1,31,8,0,1,Casual Browsers
U09817,29,iOS,27,8.1,68,14,5,17,13,0,2,Steady Engagers
U09818,50,Web,22,14.2,62,17,4,10,16,0,2,Steady Engagers
U09819,39,iOS,37,18.7,125,29,4,6,14,0,0,Power Users
U09820,28,Android,5,3.7,13,1,0,36,1,1,3,At-Risk/Dormant
U09821,56,Android,12,7.9,38,4,0,39,7,0,3,At-Risk/Dormant
U09822,23,iOS,23,6.8,62,12,2,38,8,0,1,Casual Browsers
U09823,28,Android,26,8.8,55,7,1,22,11,0,1,Casual Browsers
U09824,40,Web,17,2.2,36,4,0,36,5,0,3,At-Risk/Dormant
U09825,19,iOS,7,3.6,11,1,0,40,6,0,3,At-Risk/Dormant
U09826,36,iOS,24,13.4,76,16,2,35,5,0,1,Casual Browsers
U09827,61,Web,13,3.9,28,2,0,33,5,1,3,At-Risk/Dormant
U09828,63,Android,21,17.0,65,9,2,12,13,0,2,Steady Engagers
U09829,59,Android,37,11.6,106,26,2,8,12,0,2,Steady Engagers
U09830,33,Web,17,11.2,60,9,0,30,7,0,1,Casual Browsers
U09831,21,Android,34,11.0,93,10,0,12,12,0,2,Steady Engagers
U09832,57,iOS,25,5.3,67,18,1,15,9,0,2,Steady Engagers
U09833,35,Web,1,1.8,6,0,0,40,0,1,3,At-Risk/Dormant
U09834,53,Android,9,4.3,14,1,0,38,6,1,3,At-Risk/Dormant
U09835,23,Web,25,11.5,86,27,2,11,10,0,2,Steady Engagers
U09836,50,Android,21,5.9,45,7,0,20,13,0,1,Casual Browsers
U09837,46,iOS,32,9.0,93,22,4,11,4,0,2,Steady Engagers
U09838,62,Android,19,11.0,45,16,1,21,6,0,1,Casual Browsers
U09839,22,iOS,4,10.2,9,0,0,39,3,0,3,At-Risk/Dormant
U09840,37,Android,21,9.0,47,7,0,24,9,0,1,Casual Browsers
U09841,65,Android,8,3.5,19,2,0,42,6,0,3,At-Risk/Dormant
U09842,36,Android,11,3.0,30,3,1,25,8,0,3,At-Risk/Dormant
U09843,49,Android,13,14.3,34,5,1,28,7,0,1,Casual Browsers
U09844,25,iOS,13,11.1,37,6,0,24,11,0,1,Casual Browsers
U09845,52,Android,18,9.0,63,19,4,18,6,0,2,Steady Engagers
U09846,31,Android,29,15.4,119,26,3,10,12,0,0,Power Users
U09847,45,Android,34,13.3,102,26,4,11,18,0,0,Power Users
U09848,60,Android,19,8.3,69,7,1,17,5,0,1,Casual Browsers
U09849,49,Android,16,8.0,32,5,1,25,6,0,1,Casual Browsers
U09850,40,Android,18,13.1,43,7,1,32,5,1,1,Casual Browsers
U09851,27,iOS,26,12.9,70,15,0,12,14,0,2,Steady Engagers
U09852,34,iOS,16,10.5,58,15,1,17,11,0,1,Casual Browsers
U09853,58,iOS,14,9.5,37,9,1,26,7,0,1,Casual Browsers
U09854,28,Android,10,3.5,19,1,0,36,6,1,3,At-Risk/Dormant
U09855,49,Web,25,12.4,61,14,1,19,10,0,2,Steady Engagers
U09856,41,iOS,10,2.0,20,3,0,34,4,0,3,At-Risk/Dormant
U09857,33,iOS,24,18.1,95,28,3,0,9,0,2,Steady Engagers
U09858,52,Android,14,8.6,29,6,0,31,8,0,1,Casual Browsers
U09859,35,Android,39,17.8,124,37,6,2,14,0,0,Power Users
U09860,31,iOS,27,10.9,79,20,1,10,10,0,2,Steady Engagers
U09861,43,Android,10,3.7,26,2,0,46,1,1,3,At-Risk/Dormant
U09862,54,iOS,27,14.6,92,28,3,10,16,0,2,Steady Engagers
U09863,59,Android,21,11.4,53,11,3,24,9,0,1,Casual Browsers
U09864,48,Android,15,8.7,47,5,2,29,14,0,1,Casual Browsers
U09865,49,Android,11,4.6,23,7,0,42,5,0,3,At-Risk/Dormant
U09866,55,Android,14,6.5,28,6,1,30,10,0,1,Casual Browsers
U09867,30,Android,7,3.3,15,2,0,38,4,1,3,At-Risk/Dormant
U09868,30,Android,12,15.2,41,11,1,25,9,0,1,Casual Browsers
U09869,41,iOS,17,10.8,39,4,0,20,9,1,1,Casual Browsers
U09870,48,Android,2,1.2,7,0,0,55,0,1,3,At-Risk/Dormant
U09871,49,iOS,8,4.5,17,3,0,38,6,1,3,At-Risk/Dormant
U09872,25,Web,17,9.1,47,5,0,32,3,1,1,Casual Browsers
U09873,55,Web,3,0.9,3,0,0,46,2,1,3,At-Risk/Dormant
U09874,35,iOS,33,17.9,125,31,8,0,17,0,0,Power Users
U09875,60,Android,19,9.5,44,3,1,26,8,0,1,Casual Browsers
U09876,52,iOS,9,9.3,23,2,0,44,6,0,3,At-Risk/Dormant
U09877,65,Web,16,9.3,47,5,0,23,12,0,1,Casual Browsers
U09878,48,iOS,7,4.1,14,1,0,44,1,0,3,At-Risk/Dormant
U09879,43,Android,6,3.6,9,1,0,36,1,0,3,At-Risk/Dormant
U09880,27,iOS,19,11.2,69,21,0,13,9,0,2,Steady Engagers
U09881,37,Android,6,4.5,8,3,0,48,3,1,3,At-Risk/Dormant
U09882,59,iOS,16,3.9,34,3,0,41,4,0,3,At-Risk/Dormant
U09883,36,Android,30,13.9,91,14,2,9,16,0,2,Steady Engagers
U09884,20,Android,45,16.9,176,46,12,0,19,0,0,Power Users
U09885,29,iOS,18,12.2,42,7,2,24,5,0,1,Casual Browsers
U09886,46,iOS,11,3.0,29,4,1,33,4,1,3,At-Risk/Dormant
U09887,48,iOS,19,14.4,45,7,1,18,8,0,1,Casual Browsers
U09888,65,Web,7,4.3,24,4,0,36,4,0,3,At-Risk/Dormant
U09889,62,Web,14,13.9,26,4,0,22,9,0,1,Casual Browsers
U09890,43,iOS,24,10.8,68,17,3,16,10,0,2,Steady Engagers
U09891,44,Web,29,12.6,95,20,5,17,11,0,2,Steady Engagers
U09892,56,Android,31,11.8,89,20,3,12,13,0,2,Steady Engagers
U09893,20,Android,11,7.1,28,2,0,31,14,0,1,Casual Browsers
U09894,46,Web,10,1.6,25,4,0,50,2,0,3,At-Risk/Dormant
U09895,40,Android,17,10.1,43,11,0,29,13,0,1,Casual Browsers
U09896,55,Web,23,11.7,70,11,3,21,7,0,2,Steady Engagers
U09897,56,Android,3,6.5,9,2,0,38,2,1,3,At-Risk/Dormant
U09898,49,Android,22,13.5,62,9,2,19,5,0,1,Casual Browsers
U09899,49,Android,9,2.2,15,2,1,34,4,1,3,At-Risk/Dormant
U09900,51,iOS,18,9.1,48,10,1,29,8,0,1,Casual Browsers
U09901,45,Web,9,2.6,28,5,0,31,5,0,3,At-Risk/Dormant
U09902,28,Android,7,8.8,13,1,0,35,3,0,3,At-Risk/Dormant
U09903,31,Android,16,13.7,48,12,1,18,8,0,1,Casual Browsers
U09904,53,Android,9,4.0,13,2,1,38,3,0,3,At-Risk/Dormant
U09905,47,Android,26,16.6,84,25,4,5,13,0,2,Steady Engagers
U09906,29,iOS,12,6.6,25,4,0,42,3,0,3,At-Risk/Dormant
U09907,60,iOS,25,10.7,83,17,4,6,14,0,2,Steady Engagers
U09908,65,Android,19,12.1,48,7,1,17,8,0,1,Casual Browsers
U09909,48,Android,24,8.2,55,8,1,16,6,0,1,Casual Browsers
U09910,28,iOS,19,11.4,46,16,2,39,11,0,1,Casual Browsers
U09911,63,Android,18,9.8,48,7,0,30,7,0,1,Casual Browsers
U09912,29,Android,8,3.6,23,4,1,40,2,1,3,At-Risk/Dormant
U09913,38,iOS,24,11.6,77,18,5,17,12,0,2,Steady Engagers
U09914,59,Android,19,11.5,44,6,0,28,9,0,1,Casual Browsers
U09915,42,Android,29,9.9,78,7,1,21,6,0,1,Casual Browsers
U09916,29,Android,27,12.9,95,29,3,15,7,0,2,Steady Engagers
U09917,21,iOS,22,9.2,59,17,4,14,10,0,2,Steady Engagers
U09918,35,Android,30,13.8,104,33,5,7,13,0,0,Power Users
U09919,50,Web,27,14.7,88,21,4,9,13,0,2,Steady Engagers
U09920,52,iOS,23,14.1,65,14,3,24,7,0,2,Steady Engagers
U09921,28,iOS,6,2.3,16,3,0,34,7,1,3,At-Risk/Dormant
U09922,25,iOS,18,6.3,46,8,0,32,4,0,1,Casual Browsers
U09923,51,Android,22,11.9,62,13,2,22,11,0,2,Steady Engagers
U09924,25,Android,26,10.8,77,12,1,20,11,0,2,Steady Engagers
U09925,21,Android,16,12.4,46,5,1,23,6,0,1,Casual Browsers
U09926,41,iOS,23,10.8,83,25,4,13,10,0,2,Steady Engagers
U09927,45,iOS,8,11.4,21,1,1,36,3,0,3,At-Risk/Dormant
U09928,29,Web,8,4.2,14,0,0,47,0,0,3,At-Risk/Dormant
U09929,28,iOS,6,6.3,16,3,0,50,3,0,3,At-Risk/Dormant
U09930,29,Android,7,4.2,26,0,0,41,2,1,3,At-Risk/Dormant
U09931,34,Android,19,6.4,44,6,0,18,5,0,1,Casual Browsers
U09932,18,Android,9,6.3,18,1,0,32,2,1,3,At-Risk/Dormant
U09933,18,Web,21,10.4,57,12,2,26,8,0,1,Casual Browsers
U09934,35,Android,19,11.7,52,8,1,16,18,0,2,Steady Engagers
U09935,18,Web,18,9.9,55,8,2,25,9,0,1,Casual Browsers
U09936,33,Android,9,5.7,16,1,0,42,6,1,3,At-Risk/Dormant
U09937,45,iOS,8,1.4,22,3,0,40,3,0,3,At-Risk/Dormant
U09938,19,Android,20,8.6,63,9,2,26,10,0,1,Casual Browsers
U09939,47,iOS,17,11.9,49,14,3,16,10,0,2,Steady Engagers
U09940,47,Android,25,8.1,68,12,1,21,7,0,1,Casual Browsers
U09941,45,iOS,27,17.3,83,21,2,6,10,0,2,Steady Engagers
U09942,48,Web,12,8.0,26,4,1,30,7,0,1,Casual Browsers
U09943,56,iOS,24,10.0,90,23,2,4,8,0,2,Steady Engagers
U09944,21,Android,28,13.7,99,26,3,12,16,0,2,Steady Engagers
U09945,26,iOS,21,9.0,63,11,0,22,6,0,1,Casual Browsers
U09946,33,Android,24,10.3,68,16,2,11,9,0,2,Steady Engagers
U09947,51,Android,13,12.5,28,4,0,25,3,0,1,Casual Browsers
U09948,59,iOS,32,14.9,88,18,1,10,8,0,2,Steady Engagers
U09949,62,Web,37,11.0,123,33,4,8,6,0,0,Power Users
U09950,45,Android,15,9.4,43,6,1,18,7,0,1,Casual Browsers
U09951,37,iOS,21,9.8,66,9,1,19,13,0,2,Steady Engagers
U09952,37,iOS,8,5.0,19,1,0,35,7,0,3,At-Risk/Dormant
U09953,20,iOS,16,6.6,45,8,2,23,3,0,1,Casual Browsers
U09954,40,Android,34,14.3,91,20,2,7,7,0,2,Steady Engagers
U09955,42,iOS,17,3.2,37,11,1,24,7,0,1,Casual Browsers
U09956,27,Android,18,9.5,45,17,1,46,6,0,1,Casual Browsers
U09957,54,Android,20,4.5,54,11,2,26,6,0,1,Casual Browsers
U09958,56,Android,20,16.5,73,21,3,8,17,0,2,Steady Engagers
U09959,32,Web,8,9.8,18,5,0,40,6,0,3,At-Risk/Dormant
U09960,61,Android,31,9.8,103,18,2,11,7,0,2,Steady Engagers
U09961,23,Android,25,10.2,92,29,3,18,12,0,2,Steady Engagers
U09962,61,Android,27,18.5,92,28,3,8,15,0,0,Power Users
U09963,54,Android,33,11.0,96,23,2,30,8,0,2,Steady Engagers
U09964,28,Web,22,8.0,66,15,0,18,9,0,1,Casual Browsers
U09965,49,iOS,11,2.9,19,1,0,39,2,0,3,At-Risk/Dormant
U09966,32,iOS,19,18.6,63,11,1,13,16,0,2,Steady Engagers
U09967,56,iOS,18,11.0,46,13,4,16,10,0,2,Steady Engagers
U09968,25,Android,24,13.2,68,11,4,13,10,0,2,Steady Engagers
U09969,29,iOS,26,12.6,78,19,1,22,10,0,2,Steady Engagers
U09970,32,Web,29,16.6,86,24,3,27,15,0,2,Steady Engagers
U09971,27,iOS,12,10.7,25,2,0,33,5,1,1,Casual Browsers
U09972,33,iOS,33,7.7,101,24,2,17,4,0,2,Steady Engagers
U09973,46,Android,25,18.9,81,22,3,5,12,0,2,Steady Engagers
U09974,48,Web,11,6.2,16,3,1,31,4,1,3,At-Risk/Dormant
U09975,44,Android,7,0.8,17,2,0,41,4,0,3,At-Risk/Dormant
U09976,27,iOS,7,7.2,8,2,1,40,3,1,3,At-Risk/Dormant
U09977,27,Android,13,4.9,39,8,0,28,3,0,3,At-Risk/Dormant
U09978,62,iOS,15,13.1,37,8,0,20,8,0,1,Casual Browsers
U09979,30,Web,24,9.8,75,14,3,18,10,0,2,Steady Engagers
U09980,22,iOS,13,8.0,40,5,0,34,7,0,1,Casual Browsers
U09981,39,Android,23,12.3,65,17,2,18,11,0,2,Steady Engagers
U09982,18,iOS,17,6.9,55,14,3,20,4,0,1,Casual Browsers
U09983,34,Web,8,0.6,18,2,1,40,2,0,3,At-Risk/Dormant
U09984,59,iOS,18,9.2,68,8,0,23,6,0,1,Casual Browsers
U09985,30,Web,14,8.4,38,4,0,21,10,0,1,Casual Browsers
U09986,51,Web,7,4.6,14,1,0,44,1,1,3,At-Risk/Dormant
U09987,41,Web,8,4.8,18,6,1,33,5,0,3,At-Risk/Dormant
U09988,35,Android,9,4.4,26,1,0,31,4,0,3,At-Risk/Dormant
U09989,49,iOS,12,7.2,32,7,0,30,5,0,1,Casual Browsers
U09990,46,Web,9,0.9,23,7,0,44,4,0,3,At-Risk/Dormant
U09991,33,Web,13,2.0,25,2,0,34,2,1,3,At-Risk/Dormant
U09992,28,Android,15,7.4,34,6,1,21,9,0,1,Casual Browsers
U09993,62,Android,16,1.4,33,9,1,41,7,1,3,At-Risk/Dormant
U09994,26,Android,19,12.0,57,9,1,17,6,0,1,Casual Browsers
U09995,64,iOS,27,8.5,78,19,2,21,11,0,2,Steady Engagers
U09996,40,Web,21,10.6,52,11,1,21,9,0,1,Casual Browsers
U09997,65,iOS,9,6.7,15,3,0,34,7,1,3,At-Risk/Dormant
U09998,34,Android,13,12.2,28,4,1,25,6,0,1,Casual Browsers
U09999,45,Android,4,4.7,2,0,0,42,2,0,3,At-Risk/Dormant
U10000,47,Web,22,7.8,58,14,2,13,22,0,2,Steady Engagers
