user_id,age,device_type,sessions_last_30_days,avg_session_duration_minutes,content_views_last_30_days,likes_last_30_days,shares_last_30_days,days_since_last_login,notifications_clicked_last_30_days,churn
U00001,22,Android,24,11.0,67,11,2,20,11,0
U00002,55,iOS,29,13.4,111,27,2,9,10,0
U00003,49,iOS,23,10.2,62,12,0,25,7,0
U00004,39,Android,13,6.5,45,6,0,25,4,0
U00005,38,Android,14,11.2,36,2,0,29,8,0
U00006,59,Android,39,14.3,134,27,3,4,15,0
U00007,22,iOS,11,8.1,21,4,0,35,4,1
U00008,51,iOS,19,4.5,70,21,3,22,12,0
U00009,27,iOS,6,0.5,8,1,0,44,4,0
U00010,22,Android,4,0.5,11,1,0,39,0,0
U00011,43,Android,8,7.3,13,2,0,43,1,0
U00012,64,iOS,16,8.5,40,6,1,22,8,0
U00013,53,Android,10,2.5,24,2,0,34,5,1
U00014,54,iOS,11,5.0,20,3,1,32,5,0
U00015,52,Android,17,11.5,35,2,0,29,9,0
U00016,55,Android,22,8.5,59,7,1,18,8,0
U00017,42,iOS,27,13.7,97,36,6,6,10,0
U00018,24,iOS,27,14.0,67,15,3,12,7,0
U00019,58,iOS,16,6.6,41,4,0,39,8,0
U00020,39,Android,2,3.5,2,0,0,40,2,1
U00021,42,Web,1,0.7,5,1,0,47,0,1
U00022,35,Web,24,10.7,60,11,3,21,13,0
U00023,26,Web,9,0.5,15,3,1,58,0,1
U00024,62,iOS,33,13.7,106,27,5,9,18,0
U00025,55,iOS,28,13.3,103,27,3,3,18,0
U00026,48,iOS,32,20.8,125,39,2,0,20,0
U00027,37,Android,18,11.6,42,11,1,30,5,0
U00028,57,Android,32,16.3,104,18,4,10,17,0
U00029,44,iOS,13,14.1,32,6,1,30,9,0
U00030,39,Android,6,11.3,6,0,0,36,3,0
U00031,39,Android,36,15.2,127,26,1,10,15,0
U00032,28,Web,16,12.9,52,17,2,28,5,0
U00033,22,Android,19,8.0,51,9,0,32,6,0
U00034,44,iOS,25,13.2,56,18,2,13,16,0
U00035,60,iOS,15,1.3,36,14,3,33,6,0
U00036,21,Android,17,13.4,42,12,1,24,8,0
U00037,59,Web,11,4.4,30,1,1,30,3,1
U00038,57,Android,31,15.6,106,25,3,9,14,0
U00039,31,Web,20,12.2,51,9,0,33,10,1
U00040,48,iOS,23,11.7,64,17,3,25,11,0
U00041,25,Android,25,11.4,80,21,2,9,13,0
U00042,54,Android,5,2.3,8,0,0,42,0,0
U00043,51,Android,9,11.7,24,2,0,29,6,0
U00044,35,Android,27,6.2,77,16,1,18,11,0
U00045,21,Android,29,21.4,101,22,5,8,3,0
U00046,64,Web,27,17.8,91,31,5,10,14,0
U00047,39,Android,5,2.6,16,0,0,54,1,1
U00048,60,Web,14,8.9,29,5,0,30,6,0
U00049,50,Android,16,4.8,33,4,0,36,2,0
U00050,55,Web,3,1.4,7,1,0,47,1,1
U00051,54,Android,22,9.8,60,12,0,17,7,0
U00052,27,Android,8,3.1,20,2,0,35,7,1
U00053,35,iOS,22,12.7,66,18,6,17,13,0
U00054,40,Android,9,5.0,12,2,0,37,7,0
U00055,41,Web,21,9.6,53,10,0,27,11,0
U00056,20,Android,35,11.2,100,29,3,25,17,0
U00057,44,iOS,8,14.0,14,4,1,25,9,0
U00058,25,iOS,20,8.7,41,3,0,29,4,0
U00059,53,iOS,26,13.1,88,17,2,7,11,0
U00060,50,Android,14,7.1,31,5,0,45,4,1
U00061,62,Android,8,6.1,27,3,0,38,4,1
U00062,53,Android,11,9.8,30,6,2,30,5,0
U00063,35,Android,8,6.5,8,2,0,37,5,1
U00064,64,Android,3,0.5,8,1,1,52,2,1
U00065,37,Web,23,13.0,73,17,4,14,15,0
U00066,33,iOS,22,14.1,69,24,8,7,10,0
U00067,61,iOS,22,14.6,56,11,1,23,5,0
U00068,35,Android,13,5.8,23,8,1,30,7,0
U00069,21,Android,13,9.3,37,9,1,34,5,0
U00070,40,iOS,17,9.4,55,12,2,18,12,0
U00071,56,Android,5,8.3,12,0,0,44,2,1
U00072,27,Android,10,7.4,21,3,0,39,6,0
U00073,40,iOS,15,5.9,46,9,1,28,10,0
U00074,24,iOS,14,12.8,34,5,1,25,7,0
U00075,50,Web,20,14.5,61,12,2,21,5,0
U00076,40,Android,9,6.1,22,3,0,43,6,0
U00077,33,iOS,34,14.9,139,33,4,2,17,0
U00078,28,Android,11,4.0,30,4,0,29,7,0
U00079,45,Android,20,4.7,42,10,3,32,9,0
U00080,50,iOS,28,10.1,92,18,1,11,5,0
U00081,63,Android,16,10.3,37,7,0,30,2,0
U00082,38,iOS,25,14.2,75,17,2,24,11,0
U00083,25,Android,9,4.9,36,8,0,32,5,0
U00084,57,Android,5,6.3,8,0,0,42,0,1
U00085,48,Web,24,8.4,60,8,1,35,11,0
U00086,51,Android,7,2.1,11,0,0,43,2,0
U00087,22,iOS,34,16.2,125,31,3,2,10,0
U00088,32,Android,21,14.3,63,14,4,8,8,0
U00089,54,Web,14,1.0,27,4,0,37,4,1
U00090,57,Android,25,13.7,80,23,8,6,11,0
U00091,38,Android,9,1.5,16,1,0,34,5,0
U00092,56,iOS,11,2.5,20,3,0,31,5,1
U00093,58,Android,13,7.2,38,3,0,27,8,0
U00094,36,Android,8,4.2,22,4,0,37,6,1
U00095,61,Web,2,0.5,4,0,0,45,0,1
U00096,31,iOS,22,11.0,68,14,1,27,9,0
U00097,29,iOS,20,10.3,68,15,1,20,10,0
U00098,50,iOS,26,15.1,88,22,5,11,13,0
U00099,48,Web,18,10.6,51,15,1,20,4,0
U00100,24,Web,18,11.5,52,12,1,34,6,0
U00101,57,iOS,36,18.2,137,35,3,2,15,0
U00102,27,Android,14,0.6,31,3,0,39,5,0
U00103,56,Android,28,16.4,85,18,1,11,12,0
U00104,18,iOS,17,15.3,63,12,3,16,11,0
U00105,56,Web,15,5.9,41,7,2,44,3,1
U00106,55,iOS,25,9.3,75,21,1,14,14,0
U00107,55,Android,11,8.6,27,4,0,30,2,0
U00108,49,Android,33,11.8,112,24,2,46,9,0
U00109,40,iOS,41,15.1,134,40,9,0,17,0
U00110,51,Web,11,6.8,24,5,0,30,6,0
U00111,31,Android,22,14.5,68,19,2,15,8,0
U00112,55,iOS,11,8.8,27,6,1,35,6,0
U00113,44,iOS,14,15.6,36,11,2,20,12,0
U00114,40,Web,6,2.7,9,3,0,41,1,1
U00115,42,Android,10,5.9,25,4,0,42,7,0
U00116,45,Web,15,8.7,32,3,0,30,9,0
U00117,19,iOS,18,7.9,49,7,0,33,9,0
U00118,24,iOS,17,5.3,44,7,0,29,7,0
U00119,29,Android,43,17.4,177,51,14,0,13,0
U00120,23,iOS,22,13.7,57,12,1,23,7,0
U00121,39,iOS,14,7.7,34,4,1,24,8,0
U00122,50,Android,19,7.7,45,9,1,26,2,0
U00123,49,Android,11,8.8,28,4,0,29,7,0
U00124,40,iOS,16,14.7,40,4,0,31,3,0
U00125,59,iOS,18,9.9,48,8,0,24,9,0
U00126,45,Android,16,9.6,40,13,2,40,8,0
U00127,21,Android,34,11.0,124,37,2,8,18,0
U00128,54,Android,17,4.8,49,8,0,29,6,0
U00129,45,Web,12,6.6,27,7,2,44,3,0
U00130,48,Web,6,3.6,13,0,0,41,4,1
U00131,45,Android,16,7.2,44,6,0,32,6,0
U00132,44,Android,36,16.1,121,30,3,2,15,0
U00133,22,Android,6,2.9,14,1,1,56,2,1
U00134,44,iOS,7,4.5,12,1,0,40,2,0
U00135,56,Web,22,14.9,55,14,0,12,6,0
U00136,32,iOS,5,0.5,11,1,0,43,2,1
U00137,46,Android,16,10.4,47,12,2,20,7,0
U00138,19,Android,32,20.3,113,31,6,2,18,0
U00139,34,Android,21,9.8,42,9,1,23,5,0
U00140,38,Web,5,4.9,13,0,0,34,4,0
U00141,65,iOS,16,13.4,58,16,3,16,5,0
U00142,28,iOS,3,1.7,4,1,0,52,1,1
U00143,31,Android,12,6.9,28,3,0,37,3,0
U00144,37,Web,15,8.6,33,5,1,28,7,0
U00145,65,Android,16,15.0,47,9,0,21,6,0
U00146,58,Web,5,2.5,7,0,0,49,1,1
U00147,19,Web,14,8.7,34,7,0,26,5,0
U00148,29,iOS,25,17.1,102,29,1,0,12,0
U00149,57,Web,18,6.7,38,8,0,34,5,0
U00150,20,Android,32,14.7,121,39,5,0,15,0
U00151,59,iOS,31,17.6,98,28,6,9,12,0
U00152,31,Android,13,7.7,33,5,0,30,6,0
U00153,62,iOS,29,15.6,82,29,7,1,16,0
U00154,32,Android,21,12.1,62,10,2,23,8,0
U00155,38,Android,15,11.3,28,5,0,31,1,0
U00156,49,Android,13,13.5,38,2,0,34,1,0
U00157,24,Android,6,1.2,15,4,0,48,2,1
U00158,44,iOS,7,8.3,20,0,1,33,9,0
U00159,42,iOS,5,5.9,14,1,0,44,3,1
U00160,55,Android,34,17.9,140,41,5,14,18,0
U00161,65,Web,20,10.3,57,18,4,14,11,0
U00162,49,Web,20,11.2,41,6,0,29,12,0
U00163,37,Android,32,15.2,119,29,4,10,15,0
U00164,37,Android,31,10.0,75,21,1,22,6,0
U00165,38,iOS,12,9.5,41,8,2,23,8,0
U00166,57,iOS,9,3.3,15,0,0,38,2,0
U00167,33,Android,24,7.0,68,16,5,17,7,0
U00168,26,iOS,6,4.1,22,5,0,38,4,0
U00169,34,Android,35,10.8,128,39,4,0,16,0
U00170,19,Android,19,15.7,53,11,0,24,13,0
U00171,23,iOS,12,2.2,23,3,0,31,4,0
U00172,22,iOS,23,10.9,53,5,0,23,5,0
U00173,55,Web,33,12.8,113,26,5,14,11,0
U00174,52,Android,27,5.5,71,16,3,13,9,0
U00175,51,Android,31,19.1,100,34,7,0,13,0
U00176,40,Android,38,24.5,156,45,11,6,20,0
U00177,52,Android,16,6.9,31,7,1,23,11,0
U00178,25,Android,16,16.5,48,12,1,18,3,0
U00179,61,iOS,7,9.3,17,4,0,38,2,0
U00180,42,iOS,5,0.5,7,0,0,43,6,1
U00181,63,iOS,27,7.7,78,17,4,16,11,0
U00182,25,Android,12,6.1,26,2,0,36,4,1
U00183,41,Android,9,7.5,10,1,0,40,2,1
U00184,51,iOS,8,1.7,20,4,1,37,7,0
U00185,41,Android,11,8.0,16,1,0,30,6,0
U00186,39,Web,16,8.7,50,11,0,25,8,0
U00187,25,Android,21,7.8,52,9,1,19,8,0
U00188,36,iOS,19,8.1,57,10,0,37,7,0
U00189,29,Web,31,11.2,88,23,3,13,6,0
U00190,32,iOS,35,16.6,130,45,8,0,10,0
U00191,50,iOS,18,15.1,45,16,4,16,13,0
U00192,48,iOS,11,5.6,35,7,0,34,3,0
U00193,47,Android,11,5.3,27,3,1,36,2,0
U00194,35,iOS,8,6.9,21,1,0,34,5,0
U00195,64,Web,7,0.5,14,0,0,45,3,1
U00196,22,Web,6,7.6,17,1,0,47,4,1
U00197,34,Android,6,1.9,9,0,1,45,8,0
U00198,23,Android,29,13.9,85,19,3,13,11,0
U00199,34,iOS,17,8.3,33,4,2,22,6,0
U00200,64,iOS,20,9.2,59,11,2,22,11,0
U00201,35,Android,9,10.9,33,6,1,40,4,0
U00202,61,Android,5,4.9,9,0,0,44,4,1
U00203,41,Android,7,1.2,10,0,0,43,0,0
U00204,51,iOS,10,5.2,29,5,0,30,6,0
U00205,39,Android,23,15.2,75,24,4,17,10,0
U00206,30,Android,21,13.4,59,15,1,16,11,0
U00207,54,Android,10,4.2,27,3,0,37,5,0
U00208,64,Web,11,8.7,32,3,1,32,7,0
U00209,30,Android,12,7.5,32,6,1,23,8,0
U00210,55,Android,31,10.7,89,16,4,14,10,0
U00211,30,iOS,30,11.7,83,20,5,17,7,0
U00212,52,Android,38,16.7,157,51,6,0,10,0
U00213,55,Web,20,2.6,47,9,1,27,10,1
U00214,39,Web,8,1.8,8,0,0,43,2,1
U00215,53,Android,15,10.0,33,7,1,26,5,0
U00216,31,Android,14,8.8,37,6,0,36,6,0
U00217,21,Android,26,15.8,113,29,5,5,17,0
U00218,22,Android,13,4.5,29,5,1,28,3,0
U00219,39,Android,22,17.9,80,25,5,10,6,0
U00220,61,Android,21,9.4,64,15,1,33,9,0
U00221,24,Android,29,14.6,82,24,2,18,10,0
U00222,39,iOS,17,11.7,50,11,2,20,9,0
U00223,51,Android,18,7.0,41,3,0,30,4,0
U00224,27,Android,9,4.5,18,2,0,40,3,0
U00225,52,iOS,10,4.7,25,4,0,34,7,0
U00226,32,Android,9,4.6,12,0,1,42,3,1
U00227,56,Android,7,5.9,8,0,0,37,5,0
U00228,45,Android,11,1.4,21,4,0,37,5,0
U00229,44,Android,22,7.8,64,13,1,21,6,0
U00230,26,Android,29,13.1,84,20,3,9,13,0
U00231,40,Web,4,0.5,5,1,0,48,2,1
U00232,59,Web,20,16.4,72,13,1,14,17,0
U00233,18,Android,10,2.6,30,1,1,33,7,0
U00234,54,Android,6,7.2,13,1,0,51,4,1
U00235,41,iOS,21,9.0,65,17,1,17,7,0
U00236,52,iOS,33,18.6,124,36,5,5,18,0
U00237,49,Android,8,8.0,21,1,0,36,3,1
U00238,38,Android,12,4.8,25,3,0,26,6,1
U00239,32,Android,2,3.4,8,0,0,44,3,0
U00240,48,iOS,32,16.9,98,19,1,11,9,0
U00241,24,Android,10,5.1,16,3,0,37,2,0
U00242,46,Android,14,14.3,34,10,3,33,9,0
U00243,22,Android,15,10.3,48,12,2,21,7,0
U00244,49,Android,7,5.8,16,2,0,42,1,1
U00245,48,iOS,20,14.8,52,8,1,17,15,0
U00246,22,iOS,31,15.2,103,21,7,1,5,0
U00247,54,iOS,15,5.9,30,4,0,34,7,0
U00248,37,Android,15,6.4,35,5,0,32,6,0
U00249,55,Android,7,0.5,8,0,0,41,2,0
U00250,19,Web,13,8.0,29,1,0,32,4,0
U00251,26,iOS,22,13.0,53,9,0,14,10,0
U00252,41,Android,12,10.5,15,3,0,29,10,1
U00253,27,Android,21,16.3,61,10,3,15,13,0
U00254,33,Web,15,6.8,34,8,1,26,6,0
U00255,49,iOS,16,7.0,39,10,1,29,9,0
U00256,24,Web,12,7.4,34,5,0,25,8,0
U00257,50,iOS,17,12.8,39,8,0,25,9,0
U00258,22,Android,20,7.2,60,11,4,20,13,0
U00259,26,Android,19,8.7,56,11,3,34,8,0
U00260,46,Android,31,8.6,85,16,2,23,14,0
U00261,56,iOS,30,18.9,105,27,6,3,12,0
U00262,26,iOS,17,9.5,42,10,0,25,6,0
U00263,32,Android,10,2.0,21,3,0,43,2,0
U00264,62,Web,11,9.7,17,0,0,36,3,1
U00265,65,Android,13,5.8,30,2,0,35,3,0
U00266,45,Android,17,10.7,53,18,3,21,6,0
U00267,39,Android,13,1.4,30,4,0,32,4,0
U00268,34,Web,21,14.9,65,13,3,16,13,0
U00269,47,Web,28,11.8,99,23,3,9,6,0
U00270,46,iOS,16,11.0,49,10,0,18,10,0
U00271,32,Web,25,10.0,67,17,2,13,10,0
U00272,19,Web,32,9.4,107,24,5,10,11,0
U00273,25,Web,9,4.2,27,4,0,38,4,0
U00274,64,Web,5,8.1,8,2,0,42,5,0
U00275,38,Android,18,11.2,55,11,1,21,12,0
U00276,41,iOS,9,4.2,13,3,0,43,5,1
U00277,40,iOS,16,3.9,36,7,0,31,9,1
U00278,55,iOS,16,14.2,35,9,2,21,4,0
U00279,21,Android,16,1.3,52,8,0,28,6,1
U00280,21,iOS,8,7.4,23,2,1,37,3,0
U00281,31,Web,13,7.5,29,7,0,38,10,0
U00282,41,Android,11,6.0,22,3,0,41,4,1
U00283,50,Web,14,4.2,26,4,1,31,6,1
U00284,41,Android,28,12.9,83,19,3,14,5,0
U00285,39,Android,17,10.9,39,8,0,25,9,0
U00286,63,Android,14,13.4,47,6,1,20,8,0
U00287,25,iOS,11,7.4,37,4,0,35,4,0
U00288,45,iOS,34,8.5,114,34,7,8,17,0
U00289,44,Android,13,4.7,24,3,0,50,6,0
U00290,40,iOS,15,4.0,25,1,0,32,5,1
U00291,56,Android,13,6.6,22,2,0,32,3,0
U00292,30,Android,13,6.5,29,2,0,38,5,1
U00293,63,Web,6,8.2,16,2,1,42,5,1
U00294,33,iOS,37,16.0,138,35,10,0,18,0
U00295,44,iOS,16,7.4,29,3,0,31,3,0
U00296,42,iOS,16,9.0,38,10,0,20,5,0
U00297,58,Web,25,16.2,78,18,0,14,5,0
U00298,39,Android,21,9.9,62,13,2,20,11,0
U00299,31,Android,12,2.1,31,1,0,38,2,0
U00300,19,Android,24,8.9,56,7,1,25,8,0
U00301,35,iOS,7,7.3,15,2,1,39,5,1
U00302,57,iOS,29,16.2,110,34,4,0,15,0
U00303,18,iOS,34,11.7,86,21,1,24,12,0
U00304,61,Android,11,6.1,34,4,1,31,3,1
U00305,44,Android,17,5.7,45,8,2,25,6,0
U00306,24,iOS,8,2.6,10,1,0,37,1,0
U00307,32,Web,31,12.6,112,29,3,11,16,0
U00308,44,Android,9,10.7,23,1,0,37,3,1
U00309,33,Android,13,8.6,19,3,0,33,4,0
U00310,23,Android,3,1.9,3,0,0,43,4,0
U00311,49,Android,21,15.9,58,15,2,24,6,0
U00312,50,Android,13,8.3,22,2,0,38,4,0
U00313,23,Android,23,18.2,74,21,1,10,14,0
U00314,31,iOS,16,5.8,27,2,0,27,3,0
U00315,29,Android,11,10.4,27,7,0,36,6,0
U00316,49,Android,12,12.6,36,5,1,43,4,1
U00317,53,Android,15,6.9,47,7,3,32,5,0
U00318,52,Web,17,9.1,53,11,1,29,7,0
U00319,63,Android,11,7.3,25,4,0,33,6,0
U00320,54,Android,36,14.3,118,27,3,8,13,0
U00321,33,Android,36,20.7,138,36,4,0,18,0
U00322,23,iOS,11,4.4,18,1,0,36,0,1
U00323,47,Web,9,3.1,19,3,0,38,8,0
U00324,61,Android,16,8.3,32,3,0,58,8,1
U00325,64,Android,17,10.6,44,3,1,26,6,0
U00326,29,Android,33,10.3,125,37,5,18,15,0
U00327,29,iOS,28,14.4,94,21,2,16,9,0
U00328,19,Web,16,7.4,49,7,1,28,5,0
U00329,24,Android,18,8.0,47,8,2,29,9,0
U00330,44,Android,16,3.7,42,6,0,28,4,0
U00331,44,iOS,11,8.1,27,5,0,32,6,0
U00332,35,iOS,17,8.7,53,15,0,22,3,0
U00333,32,Android,17,11.4,35,9,2,22,12,0
U00334,57,Android,15,5.7,44,7,0,29,5,0
U00335,40,Android,19,4.0,51,8,1,30,9,0
U00336,56,iOS,28,13.7,93,31,7,4,11,0
U00337,64,iOS,6,3.3,8,1,0,38,1,0
U00338,33,iOS,2,0.5,4,0,0,57,0,1
U00339,27,Web,20,11.8,62,18,1,23,9,0
U00340,63,Android,28,19.2,89,20,2,11,10,0
U00341,48,Android,7,0.5,18,3,0,42,6,0
U00342,31,Android,14,6.8,35,7,1,25,5,0
U00343,47,Web,15,6.3,34,8,1,28,1,1
U00344,42,iOS,19,7.1,41,5,1,24,5,0
U00345,61,Android,5,8.3,14,2,0,38,4,0
U00346,30,Android,17,6.4,42,1,0,28,7,0
U00347,65,iOS,13,7.2,34,2,0,28,4,0
U00348,62,iOS,28,14.2,85,19,3,16,13,0
U00349,26,iOS,19,11.0,50,16,2,25,4,0
U00350,25,Android,15,13.2,41,7,1,28,8,0
U00351,43,Web,23,8.8,55,8,1,29,5,0
U00352,20,iOS,11,9.3,16,2,0,44,3,1
U00353,32,iOS,16,9.3,43,10,2,21,10,0
U00354,38,iOS,14,4.3,28,3,0,34,2,0
U00355,64,Web,24,12.9,69,15,0,19,10,0
U00356,65,Web,15,8.9,32,6,1,22,8,0
U00357,25,iOS,9,8.5,22,4,0,40,5,1
U00358,60,Android,27,15.2,90,20,4,13,12,0
U00359,22,Android,11,7.9,23,2,0,34,6,0
U00360,53,Web,9,4.9,17,3,0,29,7,0
U00361,58,iOS,35,11.5,121,41,6,6,13,0
U00362,60,Android,28,16.3,113,29,3,4,15,0
U00363,28,Android,23,8.0,77,15,1,14,5,0
U00364,60,Web,29,11.1,95,19,2,7,17,0
U00365,23,Web,37,10.8,117,36,4,12,13,0
U00366,42,Web,13,7.4,38,8,0,30,9,0
U00367,40,Android,23,10.3,57,13,4,19,13,0
U00368,33,iOS,31,13.8,94,24,4,5,10,0
U00369,19,Web,35,15.8,119,40,8,0,16,0
U00370,55,Android,11,5.6,31,1,0,28,8,1
U00371,34,Android,11,3.5,27,1,0,33,4,0
U00372,49,Web,9,4.8,22,4,0,36,3,1
U00373,37,Android,27,9.8,65,11,1,20,15,0
U00374,35,iOS,31,13.4,101,21,4,7,11,0
U00375,60,iOS,11,1.9,19,1,0,41,3,1
U00376,22,iOS,22,13.6,61,13,3,11,2,0
U00377,53,Android,15,9.9,39,10,0,28,9,0
U00378,53,iOS,16,12.2,61,13,2,8,8,0
U00379,36,Android,27,11.7,90,23,4,10,12,0
U00380,30,Web,4,2.1,10,1,0,34,4,1
U00381,18,Android,11,8.1,22,2,0,31,1,0
U00382,62,iOS,25,14.4,51,10,3,21,4,0
U00383,63,iOS,19,11.7,49,13,1,29,5,0
U00384,29,Android,32,13.2,102,27,4,8,14,0
U00385,19,Android,22,9.2,51,13,0,22,7,0
U00386,23,iOS,7,6.5,21,8,2,37,2,0
U00387,21,Android,17,8.3,46,14,2,23,7,0
U00388,57,Android,26,11.6,79,15,2,13,10,0
U00389,60,iOS,31,14.8,98,20,3,11,12,0
U00390,25,Web,17,7.2,57,11,2,35,6,0
U00391,53,iOS,26,12.6,93,24,3,13,4,0
U00392,26,Android,23,10.1,58,7,2,18,4,0
U00393,35,Web,7,2.3,11,2,0,40,6,1
U00394,46,iOS,8,2.8,14,1,0,35,7,0
U00395,52,Android,21,7.9,51,9,0,29,2,1
U00396,59,Android,8,3.6,14,1,0,43,7,1
U00397,20,Android,23,9.5,55,14,3,35,10,0
U00398,27,Android,15,11.7,34,5,0,22,8,0
U00399,31,iOS,9,7.4,22,3,0,31,9,0
U00400,32,Android,36,15.6,128,31,8,3,18,0
U00401,65,iOS,11,6.7,28,6,1,37,4,0
U00402,55,Android,12,12.9,31,9,1,26,10,0
U00403,33,Android,22,9.9,58,10,1,24,4,0
U00404,64,Android,6,5.4,12,2,0,37,5,0
U00405,41,iOS,30,15.8,103,33,2,5,14,0
U00406,42,iOS,33,15.3,134,45,7,0,13,0
U00407,38,Android,28,11.9,91,19,2,11,11,0
U00408,24,Android,10,5.5,20,3,0,36,3,0
U00409,62,Android,22,11.3,75,11,1,12,14,0
U00410,18,Web,15,9.7,27,6,1,37,3,1
U00411,26,Android,25,9.3,76,21,2,17,10,0
U00412,29,iOS,36,17.9,144,39,12,0,13,0
U00413,31,Android,14,10.7,40,7,0,24,7,0
U00414,24,Android,27,15.2,99,28,4,7,12,0
U00415,18,iOS,8,3.4,11,2,0,40,4,0
U00416,50,iOS,18,9.3,52,11,2,20,7,0
U00417,64,Android,7,7.5,10,2,1,48,3,1
U00418,23,Web,13,7.1,28,5,0,30,8,0
U00419,32,Android,30,17.4,105,21,4,9,10,0
U00420,42,Android,29,12.4,84,15,4,6,6,0
U00421,62,Android,8,6.5,12,1,0,32,6,1
U00422,51,iOS,26,7.4,88,19,3,15,8,0
U00423,54,iOS,30,10.9,87,17,1,6,12,0
U00424,45,Android,12,11.9,39,9,3,15,8,0
U00425,38,Web,17,14.4,45,7,3,19,7,0
U00426,27,iOS,23,15.2,88,15,4,8,9,0
U00427,59,Web,35,15.9,96,22,1,5,12,0
U00428,56,Web,15,12.1,32,4,0,27,4,0
U00429,19,Web,10,8.7,26,3,0,33,4,1
U00430,52,iOS,23,10.2,52,9,0,31,5,0
U00431,22,Android,17,7.6,45,7,1,32,4,0
U00432,53,Android,19,12.7,51,8,0,30,6,0
U00433,57,iOS,14,8.6,34,5,0,32,8,1
U00434,24,Android,28,16.3,77,14,4,9,12,0
U00435,38,iOS,24,15.5,107,35,6,8,11,0
U00436,23,Android,18,12.6,59,6,0,17,9,0
U00437,45,Web,27,11.9,62,8,1,15,5,0
U00438,62,Android,7,2.0,13,0,0,41,2,1
U00439,21,Web,17,7.2,53,13,1,19,13,0
U00440,37,Android,12,6.7,27,4,1,36,3,1
U00441,64,Android,12,9.4,28,5,2,26,13,0
U00442,32,Web,22,8.5,52,12,2,19,8,0
U00443,24,Web,19,11.4,45,7,1,16,4,0
U00444,41,iOS,25,11.7,70,12,1,18,8,0
U00445,42,Web,21,14.3,50,16,2,22,13,0
U00446,49,Android,7,6.0,12,0,0,41,5,1
U00447,33,Web,27,14.3,84,14,2,10,13,0
U00448,63,Android,20,13.5,67,21,2,18,13,0
U00449,43,iOS,13,7.7,31,9,0,24,9,0
U00450,31,Android,14,7.8,32,2,1,27,8,1
U00451,64,Android,19,10.3,48,12,1,16,7,0
U00452,62,iOS,12,9.3,29,5,1,21,12,0
U00453,41,iOS,11,7.2,24,2,0,34,4,0
U00454,19,Android,31,14.0,87,14,2,13,7,0
U00455,46,Web,5,5.3,13,1,0,40,2,0
U00456,44,iOS,15,10.2,43,10,0,24,6,0
U00457,25,Android,8,7.2,6,1,0,39,2,0
U00458,48,iOS,30,15.7,105,26,3,10,12,0
U00459,58,Android,16,9.5,47,6,1,22,6,0
U00460,23,Android,27,15.2,89,18,1,13,9,0
U00461,52,iOS,28,19.2,88,20,3,4,12,0
U00462,24,Android,30,15.8,104,21,4,3,15,0
U00463,53,Android,22,10.7,57,10,2,17,8,0
U00464,38,iOS,8,2.5,11,1,0,42,4,1
U00465,18,Android,27,13.5,78,18,1,17,16,0
U00466,64,Web,24,12.9,59,13,1,8,10,0
U00467,25,iOS,19,4.1,39,5,2,42,6,0
U00468,46,Android,14,4.0,27,3,1,31,5,1
U00469,26,iOS,34,13.3,117,39,6,5,16,0
U00470,62,Android,10,5.8,20,3,1,29,9,0
U00471,53,iOS,21,6.9,60,7,0,24,13,0
U00472,56,Android,32,17.5,101,35,3,6,14,0
U00473,38,Web,17,12.1,48,6,4,34,6,0
U00474,40,Android,21,14.4,82,16,2,16,8,0
U00475,48,iOS,25,9.4,86,27,8,5,11,0
U00476,55,Android,19,8.9,58,10,1,28,7,0
U00477,58,Android,21,14.1,73,15,2,12,11,0
U00478,18,iOS,16,15.3,60,12,2,23,12,0
U00479,49,iOS,9,8.0,16,1,0,48,0,0
U00480,23,Web,9,8.0,20,2,0,28,8,0
U00481,31,Android,14,8.7,35,5,0,26,6,0
U00482,57,Android,7,6.6,20,3,0,36,2,0
U00483,30,Android,4,1.9,15,1,0,48,0,0
U00484,56,Android,20,6.7,47,7,1,28,12,0
U00485,40,Web,12,8.2,36,4,0,31,1,0
U00486,29,Web,24,9.9,72,11,1,23,7,0
U00487,34,Web,16,9.5,47,11,4,21,9,0
U00488,43,Android,40,12.5,137,48,9,0,17,0
U00489,54,Android,16,1.5,39,6,0,30,7,0
U00490,47,iOS,23,6.2,42,5,1,33,3,0
U00491,62,Android,34,17.7,119,40,10,0,17,0
U00492,59,iOS,7,2.4,8,1,0,53,1,0
U00493,54,Android,11,10.4,22,5,1,29,2,0
U00494,46,Android,10,5.7,23,4,0,38,6,0
U00495,31,Web,24,7.5,96,24,4,15,15,0
U00496,37,Android,20,15.2,55,14,2,28,5,0
U00497,23,Web,3,0.5,3,0,0,47,1,1
U00498,35,Android,22,8.5,54,13,1,23,10,0
U00499,62,Android,12,5.8,26,4,0,31,9,0
U00500,38,Android,19,14.0,63,17,2,16,5,0
U00501,23,Android,36,12.5,133,36,9,0,16,0
U00502,49,iOS,24,14.0,69,16,2,34,16,0
U00503,64,Android,16,5.1,37,2,0,31,7,0
U00504,59,iOS,33,18.6,115,35,2,4,16,0
U00505,31,Web,13,5.3,28,4,1,18,8,0
U00506,39,Android,15,8.6,51,11,4,25,7,0
U00507,43,Android,24,12.8,73,14,1,21,6,0
U00508,29,Android,19,5.6,52,9,2,22,5,0
U00509,30,iOS,16,10.9,38,7,2,23,8,1
U00510,29,iOS,13,7.9,29,4,1,27,7,0
U00511,65,Android,13,7.6,31,4,1,28,4,0
U00512,53,iOS,19,5.6,39,9,0,29,6,0
U00513,58,iOS,25,12.0,70,15,1,17,6,0
U00514,57,Android,16,10.6,43,7,1,21,8,0
U00515,64,Android,14,7.8,36,7,2,33,9,0
U00516,23,Web,10,6.9,27,2,0,27,8,0
U00517,60,Android,35,13.6,122,38,10,7,7,0
U00518,21,Android,16,10.6,42,7,0,22,10,0
U00519,40,Android,19,10.2,60,14,1,19,6,0
U00520,46,iOS,35,20.1,136,35,9,6,8,0
U00521,35,Android,35,20.5,115,32,10,16,17,0
U00522,25,Android,23,13.3,79,17,3,9,11,0
U00523,27,Android,12,5.8,32,5,0,28,5,0
U00524,57,iOS,26,12.1,79,13,2,14,8,0
U00525,33,Android,21,12.1,57,18,1,24,14,0
U00526,32,Web,7,4.9,11,3,0,37,2,0
U00527,62,Android,15,7.5,29,2,0,31,8,0
U00528,24,Android,8,6.1,14,3,0,36,4,0
U00529,61,Web,20,9.0,57,13,0,29,7,0
U00530,62,Web,9,5.1,25,2,1,38,6,0
U00531,46,Android,25,9.9,92,25,4,13,6,0
U00532,25,Web,24,4.6,64,9,1,26,9,0
U00533,25,iOS,10,3.0,19,1,0,33,3,0
U00534,31,Android,29,16.7,100,32,6,0,9,0
U00535,45,Web,29,16.1,63,19,6,7,15,0
U00536,25,iOS,33,16.9,120,29,7,11,11,0
U00537,39,Android,24,17.3,85,17,1,2,7,0
U00538,23,iOS,8,4.6,15,1,0,36,6,0
U00539,43,Android,15,19.5,45,16,3,10,12,0
U00540,19,Android,18,11.8,59,17,0,10,12,0
U00541,52,Web,15,6.9,33,7,0,27,0,0
U00542,20,iOS,24,13.9,71,21,4,9,13,0
U00543,27,iOS,10,4.0,23,2,0,34,4,0
U00544,26,iOS,24,12.8,70,22,3,13,5,0
U00545,57,iOS,30,14.3,120,28,8,0,18,0
U00546,20,Android,15,6.8,35,12,0,28,4,0
U00547,38,Web,14,7.4,27,6,0,41,4,0
U00548,46,iOS,17,6.5,42,5,0,40,4,1
U00549,42,iOS,18,16.2,55,15,1,17,4,0
U00550,50,iOS,12,11.6,33,3,0,33,3,0
U00551,56,Android,30,6.5,75,14,4,16,9,0
U00552,36,Android,18,2.6,38,7,1,35,8,1
U00553,57,Android,43,18.5,140,36,8,5,13,0
U00554,33,Android,21,8.8,50,4,0,21,3,0
U00555,65,iOS,24,7.9,68,14,1,17,13,0
U00556,42,Web,4,4.2,9,0,0,60,2,1
U00557,53,Android,14,11.7,34,7,0,26,5,0
U00558,60,Android,19,16.0,52,16,0,13,5,0
U00559,56,iOS,18,9.1,44,11,1,28,11,0
U00560,58,Android,17,11.0,43,7,0,26,5,0
U00561,43,Web,5,4.3,11,2,0,42,3,1
U00562,20,Android,16,9.3,42,8,1,22,7,0
U00563,41,Android,21,10.5,58,9,0,24,6,0
U00564,26,Android,10,3.5,15,2,0,37,3,0
U00565,60,Web,12,12.3,25,1,0,27,6,0
U00566,29,Android,25,12.0,66,12,1,12,15,0
U00567,28,iOS,18,8.7,43,7,1,24,4,0
U00568,29,Android,15,5.7,32,6,0,23,3,0
U00569,48,Android,15,12.5,45,6,0,20,6,0
U00570,45,Web,14,10.5,26,3,0,37,6,0
U00571,63,Android,24,12.2,69,15,2,16,9,0
U00572,37,Android,30,14.1,90,22,3,9,14,0
U00573,31,iOS,26,11.3,76,26,3,14,7,0
U00574,20,Web,9,4.5,24,2,0,39,4,0
U00575,18,Android,8,12.4,23,4,0,29,11,0
U00576,35,Android,13,6.4,36,5,1,25,4,0
U00577,62,Web,18,3.3,37,5,1,22,7,0
U00578,43,iOS,9,12.3,22,4,0,37,6,1
U00579,60,Web,5,5.2,7,0,0,36,4,1
U00580,22,iOS,16,7.3,29,5,0,24,11,0
U00581,22,iOS,32,14.1,107,27,10,4,14,0
U00582,58,Android,10,8.5,29,3,0,47,3,0
U00583,23,Android,37,12.3,147,37,3,1,10,0
U00584,20,iOS,21,9.9,55,14,3,21,3,0
U00585,37,iOS,10,6.5,21,1,0,39,6,1
U00586,62,Web,14,5.9,34,3,0,30,6,0
U00587,51,iOS,31,9.1,90,22,3,10,12,0
U00588,22,Android,22,9.2,72,5,0,18,10,0
U00589,58,iOS,22,7.4,64,9,2,23,8,0
U00590,58,iOS,17,7.3,37,2,0,29,5,0
U00591,56,Android,19,8.2,53,13,1,22,7,0
U00592,61,iOS,7,4.1,16,0,0,40,1,1
U00593,29,iOS,9,4.0,18,2,0,40,2,1
U00594,65,Android,43,15.3,147,34,4,12,8,0
U00595,33,iOS,13,7.3,28,6,1,27,7,1
U00596,56,iOS,23,11.8,63,22,0,12,12,0
U00597,45,Web,13,7.1,28,3,2,28,8,0
U00598,55,Android,8,0.5,18,2,0,43,3,1
U00599,48,iOS,12,8.8,37,10,2,34,3,0
U00600,48,iOS,31,16.4,105,28,3,8,14,0
U00601,47,iOS,12,4.3,19,0,0,44,5,1
U00602,55,Android,40,15.5,135,43,6,8,17,0
U00603,53,Web,21,6.8,49,7,3,19,9,0
U00604,24,Web,24,11.4,55,12,0,27,7,1
U00605,57,iOS,19,12.9,45,9,1,14,10,0
U00606,43,iOS,21,10.3,60,17,2,19,6,0
U00607,33,Android,23,17.1,96,27,5,6,14,0
U00608,42,iOS,26,14.5,73,19,3,10,14,0
U00609,64,Android,5,3.3,20,3,0,40,5,0
U00610,59,iOS,17,12.5,37,6,0,30,12,0
U00611,58,Android,20,13.1,47,8,1,30,4,0
U00612,40,iOS,17,11.4,41,7,0,31,6,0
U00613,55,Android,20,15.9,68,21,1,13,15,0
U00614,36,iOS,19,6.4,46,5,2,31,14,1
U00615,50,iOS,17,6.4,40,9,0,33,4,0
U00616,48,Android,35,16.4,114,27,5,6,10,0
U00617,29,Android,8,5.2,19,3,0,50,4,1
U00618,30,Web,15,7.9,34,5,1,25,13,0
U00619,20,iOS,4,3.4,19,4,1,41,5,0
U00620,24,Android,26,11.3,88,28,2,16,7,0
U00621,38,Android,25,9.3,68,15,3,23,13,0
U00622,40,Android,14,5.4,22,3,0,37,9,0
U00623,25,iOS,9,6.7,21,3,0,29,1,0
U00624,38,iOS,12,10.0,27,4,0,28,4,0
U00625,47,Android,14,9.8,29,6,1,29,6,0
U00626,29,iOS,19,13.7,52,14,2,14,9,0
U00627,34,iOS,9,1.7,34,5,1,40,1,1
U00628,35,iOS,20,11.7,54,7,0,18,7,0
U00629,42,Android,7,4.5,10,0,0,42,0,0
U00630,35,Android,32,11.3,78,18,0,14,14,0
U00631,53,Android,20,11.6,50,6,1,22,6,0
U00632,33,Android,3,6.0,7,1,0,40,3,1
U00633,38,Android,14,4.5,46,5,2,24,7,0
U00634,36,Android,14,9.7,25,6,1,27,7,0
U00635,26,Android,23,9.1,64,19,0,24,12,0
U00636,50,iOS,9,0.5,16,1,0,51,3,1
U00637,29,Android,26,14.0,86,22,3,10,16,0
U00638,32,iOS,17,6.6,31,6,1,26,7,1
U00639,56,Android,9,5.7,17,1,0,40,0,1
U00640,63,iOS,18,9.3,43,6,0,28,8,1
U00641,50,Android,16,8.6,37,8,2,27,3,0
U00642,61,iOS,14,4.6,36,6,1,36,5,0
U00643,59,iOS,16,5.0,30,2,1,29,4,0
U00644,41,Android,6,2.4,8,2,0,45,2,1
U00645,54,iOS,24,12.2,67,15,0,16,8,0
U00646,33,Android,13,6.9,21,5,0,49,3,1
U00647,40,iOS,16,9.9,46,6,0,31,11,0
U00648,43,Android,23,11.2,70,16,2,10,8,0
U00649,64,Android,15,5.9,44,6,0,29,7,1
U00650,58,Android,29,11.7,96,15,2,18,7,0
U00651,41,Web,10,8.2,24,2,0,35,3,0
U00652,49,Android,19,11.1,70,19,4,25,8,0
U00653,27,iOS,17,12.9,44,7,0,17,10,0
U00654,56,Android,29,8.0,102,18,1,18,6,0
U00655,44,Android,19,12.4,72,21,3,10,7,0
U00656,43,Android,8,6.8,20,5,0,41,0,0
U00657,54,Web,23,1.5,64,14,2,27,9,0
U00658,48,iOS,29,15.3,69,17,3,10,8,0
U00659,21,Android,6,4.5,12,1,0,40,2,0
U00660,31,iOS,13,8.3,37,5,0,29,6,0
U00661,26,Android,17,1.8,41,5,0,34,4,0
U00662,53,Android,34,19.0,128,33,7,25,16,0
U00663,19,iOS,24,23.7,77,27,3,0,9,0
U00664,27,Android,17,4.4,41,5,0,48,7,0
U00665,46,Android,22,10.9,63,12,3,13,13,0
U00666,51,iOS,13,6.9,32,4,0,34,8,0
U00667,42,Android,31,17.5,112,31,6,10,14,0
U00668,59,Web,20,11.8,49,5,1,23,2,0
U00669,62,iOS,14,12.1,59,14,1,24,7,0
U00670,24,Web,16,6.0,41,7,0,29,3,0
U00671,63,iOS,10,9.9,21,1,1,32,7,0
U00672,47,Web,19,4.9,54,11,1,28,11,0
U00673,48,Android,27,16.3,100,18,1,12,10,0
U00674,22,iOS,22,12.6,56,8,1,20,8,0
U00675,47,iOS,25,12.0,85,17,1,11,9,0
U00676,52,Web,28,17.6,66,12,1,9,16,0
U00677,45,Android,32,18.2,125,45,6,6,17,0
U00678,22,iOS,18,10.3,46,10,2,34,11,0
U00679,43,iOS,14,4.9,41,9,1,31,4,0
U00680,62,Android,38,18.9,130,46,10,4,13,0
U00681,52,Web,16,7.0,42,7,0,22,6,0
U00682,24,Android,17,11.0,52,8,1,26,8,0
U00683,64,Android,9,4.5,21,4,0,33,7,1
U00684,64,iOS,6,9.6,11,0,0,47,0,1
U00685,26,Android,20,12.2,54,15,1,14,7,0
U00686,56,Android,13,3.6,26,5,2,33,8,1
U00687,37,Android,19,11.1,55,10,1,27,3,0
U00688,46,Android,14,7.1,47,4,0,34,4,0
U00689,39,iOS,30,11.2,110,32,4,1,12,0
U00690,55,Web,13,15.9,51,7,2,18,5,0
U00691,65,iOS,26,18.8,73,19,6,15,8,0
U00692,56,Android,25,15.1,89,21,4,8,10,0
U00693,62,iOS,17,11.3,47,11,2,20,3,0
U00694,63,Web,5,5.9,11,1,0,39,6,1
U00695,22,iOS,14,7.9,42,11,2,49,6,0
U00696,30,Android,26,12.6,86,21,2,8,9,0
U00697,52,Android,15,10.4,57,6,0,20,6,0
U00698,46,Web,9,5.4,16,2,0,34,1,1
U00699,20,Web,31,14.2,99,27,5,9,10,0
U00700,22,Android,26,10.3,89,17,2,11,10,0
U00701,42,Web,18,12.2,65,7,2,23,7,0
U00702,47,Android,21,11.4,62,13,1,23,7,0
U00703,26,Android,17,9.8,53,9,1,25,4,0
U00704,26,iOS,24,13.0,68,14,6,16,7,0
U00705,24,iOS,18,3.3,50,9,2,25,14,0
U00706,45,Android,11,8.6,28,7,1,34,8,1
U00707,18,Web,4,3.9,9,0,0,56,3,0
U00708,45,Web,17,12.0,55,19,4,10,10,0
U00709,40,Android,19,5.7,38,3,0,29,3,0
U00710,40,iOS,18,10.3,49,11,3,16,3,0
U00711,50,iOS,11,5.9,18,2,0,37,5,1
U00712,43,iOS,12,6.7,37,7,0,31,6,0
U00713,52,Web,13,3.1,24,3,1,47,7,1
U00714,54,iOS,32,9.7,78,25,4,11,9,0
U00715,62,Android,19,12.4,58,9,3,20,10,0
U00716,56,Android,17,8.5,44,8,0,45,3,0
U00717,42,Web,31,20.3,111,29,6,4,17,0
U00718,41,Web,28,11.6,80,10,0,17,13,0
U00719,29,Android,19,3.6,52,6,0,28,4,0
U00720,46,Android,29,13.0,73,19,1,17,12,0
U00721,24,iOS,14,9.3,31,4,1,30,3,0
U00722,62,Android,17,5.2,54,7,1,32,4,0
U00723,58,Android,30,18.4,108,25,6,0,14,0
U00724,23,Web,19,10.8,45,13,1,20,6,0
U00725,55,Web,5,2.2,8,0,0,50,3,1
U00726,23,Web,21,10.3,46,10,4,32,7,1
U00727,52,iOS,8,7.2,13,0,0,28,6,0
U00728,22,Android,19,11.7,64,20,1,17,18,0
U00729,41,Web,25,12.1,72,16,5,14,4,0
U00730,49,Android,12,9.1,36,6,1,29,3,0
U00731,52,Android,23,15.8,95,31,6,5,9,0
U00732,38,Web,30,11.2,91,22,2,12,13,0
U00733,62,iOS,26,16.8,93,28,6,10,12,0
U00734,55,Web,14,5.2,26,1,0,33,5,0
U00735,27,Android,19,7.5,54,11,1,25,7,0
U00736,50,Web,22,12.6,81,18,4,17,6,0
U00737,53,iOS,22,9.2,64,11,2,22,6,0
U00738,34,iOS,23,16.4,59,9,3,23,7,0
U00739,53,Web,10,8.4,25,1,0,37,6,1
U00740,61,Android,12,13.8,56,12,0,17,8,0
U00741,57,iOS,22,7.4,74,15,2,13,14,0
U00742,54,iOS,19,11.3,57,5,1,20,10,0
U00743,48,iOS,29,15.5,93,26,3,10,13,0
U00744,30,Web,1,0.5,1,1,0,39,1,0
U00745,56,iOS,16,6.6,44,4,0,23,5,0
U00746,35,Android,18,8.5,60,15,1,18,11,0
U00747,43,Android,32,18.3,128,36,8,1,14,0
U00748,33,Web,22,14.8,60,9,1,18,8,0
U00749,33,Web,8,4.3,15,2,0,35,4,0
U00750,25,Web,7,0.5,8,0,0,40,2,1
U00751,64,Android,16,3.2,38,9,1,29,7,0
U00752,25,Android,24,3.8,49,9,0,23,8,0
U00753,22,iOS,17,6.5,38,5,0,29,7,0
U00754,62,iOS,18,6.3,46,10,1,25,4,1
U00755,44,Android,31,16.3,126,38,8,13,9,0
U00756,39,iOS,32,17.2,110,33,4,4,13,0
U00757,53,Android,39,15.0,136,28,2,9,8,0
U00758,36,iOS,8,1.0,12,1,0,40,2,0
U00759,24,Android,21,9.8,64,10,1,17,10,0
U00760,53,Android,12,8.8,33,7,1,22,9,0
U00761,26,Android,17,10.1,51,11,4,26,5,1
U00762,44,Web,21,11.6,53,13,0,17,6,0
U00763,63,iOS,8,5.9,16,4,0,39,4,0
U00764,62,Web,21,14.9,52,7,0,22,9,0
U00765,35,iOS,12,3.8,27,5,1,35,4,1
U00766,55,Android,22,13.9,72,17,1,8,13,0
U00767,47,Android,22,13.5,78,13,4,17,9,0
U00768,41,iOS,30,12.4,88,24,6,8,9,0
U00769,24,Android,23,12.5,65,16,2,12,12,0
U00770,36,iOS,17,10.2,35,4,0,25,10,0
U00771,49,Web,23,10.2,65,10,2,26,9,0
U00772,65,Web,8,3.7,21,2,0,39,2,1
U00773,18,Android,25,6.7,53,15,3,21,10,0
U00774,52,iOS,12,3.1,32,3,1,29,4,0
U00775,58,Android,15,6.9,34,1,0,31,2,0
U00776,63,Android,21,12.3,57,16,0,24,11,0
U00777,38,iOS,11,8.5,36,11,2,22,10,0
U00778,23,iOS,14,12.9,37,8,1,19,3,0
U00779,31,iOS,11,4.0,26,4,0,36,2,0
U00780,58,Android,30,6.4,86,17,2,38,18,0
U00781,60,Web,4,3.1,8,0,0,45,2,0
U00782,48,Web,36,14.1,117,29,3,4,12,0
U00783,23,iOS,21,8.6,50,10,2,26,6,0
U00784,23,Web,5,4.2,14,1,0,46,2,0
U00785,40,Android,4,6.6,6,3,1,41,2,0
U00786,46,iOS,3,4.8,5,0,0,45,4,1
U00787,19,Web,23,10.2,59,11,2,14,8,0
U00788,50,Web,3,0.5,7,0,0,55,0,1
U00789,44,Web,12,6.0,11,1,0,35,6,1
U00790,18,iOS,27,15.9,100,29,8,1,11,0
U00791,22,Web,16,5.5,41,9,0,30,9,0
U00792,39,iOS,29,10.7,78,23,3,20,16,0
U00793,52,Android,8,7.6,13,1,0,42,3,1
U00794,57,Android,17,10.6,50,7,0,25,8,0
U00795,38,iOS,17,9.2,40,9,0,31,3,0
U00796,32,iOS,9,8.4,21,5,0,38,0,1
U00797,64,iOS,31,13.7,88,23,4,19,9,0
U00798,40,Web,9,1.8,14,4,0,47,4,1
U00799,33,iOS,13,5.2,21,2,1,33,1,0
U00800,39,Android,3,4.1,5,1,1,45,2,1
U00801,18,Android,19,10.3,54,11,1,20,8,0
U00802,32,iOS,34,15.0,101,29,6,14,15,0
U00803,42,iOS,19,12.6,63,10,2,18,8,0
U00804,62,iOS,23,17.8,75,25,6,7,11,0
U00805,53,iOS,25,18.2,96,32,3,12,8,0
U00806,55,iOS,25,14.9,73,22,4,2,12,0
U00807,44,iOS,17,8.7,60,11,0,17,5,0
U00808,23,Web,12,11.0,30,6,0,33,6,0
U00809,36,Android,15,7.6,25,4,1,30,7,1
U00810,65,iOS,31,15.0,97,17,3,7,6,0
U00811,20,iOS,27,7.1,86,17,3,13,12,0
U00812,60,Android,19,11.2,42,4,0,22,6,0
U00813,50,iOS,26,11.8,84,17,0,19,9,0
U00814,31,iOS,27,12.7,98,19,2,10,13,0
U00815,55,iOS,21,11.3,48,8,0,33,12,0
U00816,58,iOS,31,19.8,107,27,6,0,15,0
U00817,20,Android,18,3.8,38,4,0,30,5,0
U00818,23,Android,19,10.0,39,5,1,27,7,0
U00819,49,Android,17,5.5,42,4,0,27,8,0
U00820,65,Android,23,7.2,70,22,2,28,12,0
U00821,19,iOS,20,10.3,47,10,0,16,6,0
U00822,49,Web,15,11.3,34,4,0,32,7,1
U00823,24,iOS,8,4.7,18,4,0,32,1,0
U00824,49,Android,26,11.2,81,11,0,13,10,0
U00825,47,Android,17,4.2,50,10,0,34,3,1
U00826,22,Android,31,15.7,97,24,5,6,7,0
U00827,50,iOS,6,0.7,8,0,0,40,2,1
U00828,61,Android,20,6.8,44,7,2,36,13,0
U00829,59,iOS,28,17.5,98,20,1,12,12,0
U00830,19,iOS,16,6.2,44,12,2,26,8,0
U00831,29,iOS,14,7.7,34,7,0,33,7,0
U00832,29,Android,15,7.0,33,5,0,29,5,0
U00833,39,Android,26,13.7,89,20,3,23,4,0
U00834,24,iOS,15,1.6,27,2,0,36,5,0
U00835,59,iOS,7,6.8,12,2,0,35,4,0
U00836,55,Android,25,14.6,89,31,4,23,15,0
U00837,56,Web,7,2.6,15,2,0,39,0,1
U00838,27,iOS,23,17.7,86,28,6,2,19,0
U00839,18,iOS,52,13.5,186,50,9,0,19,0
U00840,61,Android,21,11.8,55,12,2,10,8,0
U00841,31,Android,9,8.3,26,1,0,27,6,0
U00842,49,Android,8,11.1,21,2,0,31,6,0
U00843,61,Android,29,10.2,100,23,6,6,15,0
U00844,19,iOS,17,10.4,49,8,1,20,10,0
U00845,18,iOS,20,11.1,55,5,0,27,10,0
U00846,18,Web,8,3.9,13,0,0,43,3,1
U00847,25,Web,33,13.7,116,30,6,1,13,0
U00848,20,Android,16,7.9,39,6,2,33,4,1
U00849,57,Android,11,4.4,18,3,0,35,8,0
U00850,47,iOS,31,9.8,91,18,1,16,4,0
U00851,65,Web,23,17.4,82,24,4,3,13,0
U00852,56,Web,18,8.2,39,6,1,28,8,0
U00853,64,Android,31,12.5,106,29,9,18,11,0
U00854,29,Android,5,5.8,9,2,0,39,2,1
U00855,31,Android,12,9.3,19,2,0,47,5,0
U00856,58,Web,29,9.6,75,20,4,36,13,0
U00857,29,iOS,18,8.5,37,4,0,36,6,0
U00858,20,iOS,15,9.2,33,6,1,25,7,1
U00859,50,iOS,30,19.4,103,27,4,2,14,0
U00860,56,Android,15,5.7,41,11,0,29,6,0
U00861,64,iOS,18,15.2,60,13,0,12,9,0
U00862,62,Android,12,6.5,29,5,0,30,6,0
U00863,23,iOS,16,9.1,42,10,0,20,4,0
U00864,55,iOS,5,4.2,18,2,0,38,2,1
U00865,58,iOS,27,14.6,99,24,2,7,15,0
U00866,51,Android,28,11.4,80,20,2,9,8,0
U00867,57,Web,23,12.2,73,21,3,16,11,0
U00868,58,iOS,4,7.2,8,1,0,49,4,1
U00869,39,Android,27,9.6,83,16,0,24,18,0
U00870,19,Android,23,13.5,77,14,3,12,7,0
U00871,39,iOS,7,7.9,19,2,0,36,8,0
U00872,27,Android,20,10.9,60,14,1,16,4,0
U00873,23,Android,27,11.9,99,22,2,16,10,0
U00874,23,Android,7,2.1,13,1,0,42,0,1
U00875,51,Android,12,5.7,37,6,1,30,8,0
U00876,42,iOS,14,9.2,33,9,0,23,8,0
U00877,43,iOS,12,9.9,31,2,0,39,3,1
U00878,53,Android,4,2.8,8,1,0,41,2,0
U00879,44,iOS,20,11.8,75,12,3,14,10,0
U00880,48,Android,11,1.5,15,1,0,54,4,1
U00881,22,Android,20,10.2,45,10,0,20,9,0
U00882,58,Android,38,14.4,112,29,4,0,15,0
U00883,39,iOS,7,3.2,17,0,1,42,3,0
U00884,25,Web,19,3.9,51,15,3,16,10,0
U00885,57,iOS,14,8.6,34,5,1,24,9,0
U00886,53,Android,13,6.6,36,6,0,39,3,0
U00887,20,Android,30,9.4,89,13,0,16,15,0
U00888,27,Android,13,5.0,28,7,0,32,5,1
U00889,18,Web,19,8.8,56,13,3,22,3,0
U00890,30,Android,28,15.9,97,26,4,7,13,0
U00891,22,Web,24,13.0,85,24,5,7,13,0
U00892,52,iOS,22,16.3,72,13,3,18,15,0
U00893,43,iOS,27,15.4,78,23,3,15,7,0
U00894,65,Web,14,7.0,29,10,1,56,2,1
U00895,53,Android,16,10.9,38,4,1,28,3,0
U00896,47,iOS,20,10.6,46,8,2,26,7,0
U00897,42,Android,16,7.7,34,6,0,34,7,0
U00898,20,Web,20,6.3,57,9,1,34,5,0
U00899,21,iOS,13,6.0,29,7,2,32,3,0
U00900,47,Android,23,10.3,59,9,2,24,11,0
U00901,18,Web,17,6.4,58,8,1,35,5,0
U00902,20,Android,9,10.2,20,3,0,37,6,0
U00903,28,Android,13,8.6,29,3,1,34,11,0
U00904,60,iOS,14,4.0,35,3,0,29,7,0
U00905,40,iOS,20,11.5,41,9,1,22,4,0
U00906,52,Web,26,11.9,77,17,3,14,15,0
U00907,37,iOS,29,10.7,77,14,1,17,10,0
U00908,26,iOS,24,9.4,65,17,2,19,6,0
U00909,35,Android,23,7.4,65,15,4,33,6,0
U00910,22,Android,6,6.2,15,4,0,43,2,1
U00911,54,Web,16,15.5,53,7,1,26,11,0
U00912,26,Android,12,3.5,21,2,1,51,3,1
U00913,36,iOS,6,3.5,18,0,0,38,2,0
U00914,65,Android,25,11.8,78,16,2,20,6,0
U00915,46,Android,37,14.3,134,45,6,0,11,0
U00916,40,iOS,20,10.7,63,9,1,26,6,0
U00917,44,iOS,13,8.1,31,4,0,28,5,0
U00918,55,iOS,26,11.3,99,19,3,18,11,0
U00919,30,Web,13,4.6,33,6,0,33,6,1
U00920,48,Android,10,6.0,17,2,0,31,8,0
U00921,59,iOS,11,5.5,28,3,0,33,6,0
U00922,45,Android,21,8.4,61,15,0,25,14,0
U00923,39,iOS,24,15.8,80,30,4,10,8,0
U00924,24,Android,53,11.8,198,66,12,0,18,0
U00925,29,iOS,26,14.3,97,24,1,11,6,0
U00926,63,Android,9,7.1,24,4,0,34,3,0
U00927,43,Web,23,6.6,43,8,0,24,7,0
U00928,32,Web,10,5.3,23,3,0,38,7,0
U00929,38,Web,26,12.5,81,22,0,59,8,0
U00930,45,Android,14,7.8,33,5,0,33,6,0
U00931,43,Web,17,6.2,32,4,0,29,5,0
U00932,51,Android,27,12.4,75,24,1,11,9,0
U00933,30,Android,15,8.4,41,9,0,31,12,0
U00934,49,Android,26,16.4,88,14,2,2,13,0
U00935,39,Android,11,13.0,26,4,0,25,3,0
U00936,63,iOS,27,17.0,81,26,4,17,12,0
U00937,25,Android,15,9.9,39,11,3,21,7,0
U00938,25,Android,18,13.4,58,9,1,25,6,0
U00939,40,iOS,32,21.1,132,49,10,0,17,0
U00940,42,Web,6,4.5,5,0,0,41,1,1
U00941,51,iOS,9,6.8,21,2,0,40,5,0
U00942,37,iOS,19,9.4,47,8,2,24,8,0
U00943,61,Android,28,12.7,78,14,2,30,9,0
U00944,40,Web,19,11.9,49,4,1,24,6,0
U00945,24,Android,6,1.2,14,0,0,42,3,0
U00946,23,Android,15,6.6,40,7,0,33,7,0
U00947,64,Android,24,12.3,55,10,0,20,12,0
U00948,24,iOS,22,13.3,60,11,3,14,8,0
U00949,63,Android,32,13.2,106,29,6,8,10,0
U00950,31,iOS,16,8.8,29,3,0,31,5,0
U00951,22,Android,13,1.3,18,2,0,50,7,1
U00952,32,iOS,19,14.6,57,9,0,16,13,0
U00953,47,iOS,10,5.2,34,4,1,28,7,1
U00954,38,Android,15,10.4,57,11,2,19,7,0
U00955,55,Android,5,0.5,11,1,0,43,3,1
U00956,47,iOS,36,16.2,120,38,8,2,13,0
U00957,37,iOS,7,6.0,18,2,0,39,2,0
U00958,48,Android,17,7.4,37,8,0,29,13,0
U00959,64,iOS,16,9.3,49,14,3,25,7,0
U00960,37,Android,25,14.3,63,23,4,9,11,0
U00961,25,Android,26,10.0,68,13,0,20,12,0
U00962,37,Android,18,4.9,39,7,1,26,6,0
U00963,58,iOS,24,13.3,86,12,0,22,14,0
U00964,28,Android,14,9.2,30,1,1,25,2,0
U00965,63,iOS,17,5.9,42,8,1,22,8,0
U00966,46,Android,22,10.1,47,10,0,34,6,0
U00967,46,iOS,30,13.1,83,17,2,6,15,0
U00968,33,Android,6,2.1,12,1,0,36,5,1
U00969,62,iOS,24,8.1,61,14,2,16,11,0
U00970,19,iOS,9,1.4,14,3,0,34,4,0
U00971,32,Android,30,16.1,109,37,6,9,15,0
U00972,38,Android,18,6.7,47,3,0,35,5,0
U00973,40,iOS,27,9.2,82,11,3,12,14,0
U00974,40,Web,4,1.5,8,0,0,51,2,1
U00975,25,Web,4,6.6,3,0,0,51,1,1
U00976,28,Android,23,10.7,59,14,2,12,11,0
U00977,22,iOS,8,5.7,18,1,0,38,3,0
U00978,45,Android,21,15.3,66,14,3,22,5,0
U00979,34,Android,13,11.7,25,4,0,32,7,0
U00980,45,iOS,11,5.9,25,5,0,32,6,1
U00981,46,iOS,29,15.5,109,36,5,8,16,0
U00982,51,iOS,19,15.7,69,22,1,17,10,0
U00983,44,Web,17,11.0,48,5,1,24,10,0
U00984,49,Android,26,7.9,81,17,2,15,4,0
U00985,46,iOS,11,5.1,21,2,1,47,6,1
U00986,49,Android,9,6.9,21,0,0,42,3,1
U00987,47,Android,16,4.8,32,4,0,29,4,0
U00988,33,Android,13,4.4,36,5,1,28,4,0
U00989,29,Web,30,12.8,91,20,5,10,7,0
U00990,55,iOS,16,10.5,37,9,1,26,15,0
U00991,34,Android,24,12.5,56,11,1,22,9,0
U00992,44,iOS,23,12.6,53,15,3,14,13,0
U00993,27,Web,5,0.5,9,0,0,51,2,0
U00994,38,Web,10,8.4,23,4,0,26,5,0
U00995,43,iOS,9,0.5,21,2,0,40,1,0
U00996,48,Android,28,11.2,88,23,4,17,9,0
U00997,43,iOS,22,12.0,65,17,0,19,9,0
U00998,35,Web,11,5.1,24,7,0,30,7,0
U00999,64,Web,2,0.5,1,0,0,51,1,1
U01000,42,Web,8,8.9,20,5,0,33,5,0
U01001,56,iOS,18,12.7,57,15,1,20,8,0
U01002,53,Android,13,3.7,36,1,0,31,6,0
U01003,44,iOS,4,6.3,10,0,0,49,3,1
U01004,60,Android,22,10.9,80,17,3,28,8,0
U01005,24,Android,27,11.1,79,25,10,14,16,0
U01006,62,iOS,11,8.1,26,1,0,42,1,0
U01007,58,iOS,20,16.6,69,20,4,16,10,0
U01008,42,Web,15,7.5,28,4,1,30,3,0
U01009,53,iOS,29,16.1,95,26,4,2,18,0
U01010,42,Web,25,8.7,75,22,4,14,16,0
U01011,30,iOS,24,10.6,75,14,2,14,9,0
U01012,56,iOS,16,7.8,43,11,1,24,2,1
U01013,29,Android,28,4.7,71,12,0,16,6,0
U01014,33,iOS,28,13.5,94,18,3,9,11,0
U01015,42,Android,19,8.3,40,7,0,23,7,0
U01016,58,Android,19,6.3,36,5,0,29,3,0
U01017,36,Android,21,16.7,66,13,0,19,8,0
U01018,41,Web,16,8.6,55,18,2,21,10,0
U01019,19,iOS,6,4.0,15,0,0,42,5,0
U01020,23,Web,15,6.0,45,6,1,25,5,0
U01021,20,Web,23,14.9,70,19,4,17,3,0
U01022,21,Web,16,6.4,48,6,1,23,7,0
U01023,59,Android,15,13.4,40,7,1,24,3,0
U01024,58,Web,23,7.1,50,10,1,24,8,0
U01025,57,Web,8,5.2,15,1,0,39,4,1
U01026,20,Web,23,17.1,71,22,6,8,18,0
U01027,21,Android,35,17.3,125,34,3,7,14,0
U01028,31,Android,5,0.5,11,1,0,49,3,1
U01029,45,Web,24,9.9,71,13,2,16,11,0
U01030,34,Android,5,2.2,10,1,0,39,3,0
U01031,41,Android,22,11.7,55,13,1,25,10,0
U01032,26,iOS,11,5.7,15,2,0,35,5,0
U01033,53,Android,35,19.0,127,31,10,9,14,0
U01034,33,Android,23,10.5,73,16,4,17,8,0
U01035,21,Web,3,1.7,5,1,0,51,1,1
U01036,53,Web,13,8.2,42,8,0,38,8,1
U01037,61,Web,11,3.6,17,3,0,36,5,1
U01038,18,Android,25,9.4,50,9,2,22,10,0
U01039,38,Android,26,18.0,94,26,5,4,13,0
U01040,57,Android,12,3.8,15,6,0,35,8,0
U01041,51,iOS,20,12.0,53,12,0,10,10,0
U01042,59,Android,17,8.7,39,5,0,24,5,0
U01043,37,iOS,22,8.6,53,6,1,29,9,0
U01044,35,Web,8,6.6,10,1,0,48,4,0
U01045,52,iOS,19,10.9,41,8,1,28,12,1
U01046,25,Android,4,2.3,7,0,0,51,0,1
U01047,29,Android,14,13.6,50,11,3,23,6,0
U01048,46,Android,7,4.6,14,0,0,49,3,0
U01049,50,Android,28,14.0,92,16,3,21,8,0
U01050,23,iOS,11,2.4,33,4,0,40,7,1
U01051,42,Android,8,5.6,14,3,0,33,2,0
U01052,35,iOS,14,8.9,35,3,0,34,6,0
U01053,42,Web,14,7.7,42,5,1,33,9,0
U01054,64,Android,29,11.6,89,22,2,14,14,0
U01055,21,Android,34,10.9,116,33,2,0,14,0
U01056,65,Android,11,5.8,29,4,1,55,1,1
U01057,39,Android,5,7.1,7,0,0,49,4,1
U01058,55,iOS,14,8.7,34,5,0,31,7,0
U01059,38,Web,18,9.2,47,9,0,40,2,0
U01060,32,Web,24,9.2,70,11,2,17,8,0
U01061,54,iOS,8,4.2,16,2,0,40,2,1
U01062,51,Android,9,4.8,18,4,1,39,5,0
U01063,24,Android,30,18.1,109,26,8,1,12,0
U01064,51,Android,29,14.3,86,16,4,10,13,0
U01065,54,Android,19,12.6,60,16,1,17,5,0
U01066,36,Web,13,5.5,37,5,1,34,5,0
U01067,62,iOS,6,7.6,17,4,1,33,5,0
U01068,48,Android,15,6.5,33,5,0,22,4,0
U01069,34,Android,16,11.0,46,9,0,23,11,0
U01070,18,Android,0,0.5,1,0,0,47,0,1
U01071,50,Web,11,2.0,34,4,1,50,5,0
U01072,28,Android,17,11.9,55,11,3,16,11,0
U01073,54,Android,24,14.4,67,13,2,9,11,0
U01074,43,Android,20,9.0,44,9,1,14,12,0
U01075,40,Web,28,13.0,72,19,2,22,8,0
U01076,25,iOS,26,12.5,87,29,3,15,16,0
U01077,52,iOS,8,6.9,14,0,0,41,7,0
U01078,25,Android,18,15.6,52,9,1,22,8,0
U01079,38,Android,9,0.5,26,4,0,41,4,1
U01080,58,Web,18,14.3,46,9,1,30,6,0
U01081,62,Android,11,7.3,21,5,1,34,3,0
U01082,65,Android,23,12.6,72,13,1,15,6,0
U01083,63,iOS,27,8.5,60,7,1,22,6,0
U01084,44,Android,32,15.9,114,22,2,8,20,0
U01085,27,Android,17,9.8,41,7,0,23,5,0
U01086,58,Web,20,13.2,62,11,1,27,7,0
U01087,56,iOS,37,18.7,147,46,10,0,11,0
U01088,65,Android,17,13.0,44,10,0,25,13,0
U01089,49,Android,15,8.6,44,6,2,33,4,0
U01090,24,iOS,11,0.8,29,4,1,35,6,0
U01091,42,Android,14,6.0,34,4,0,32,7,0
U01092,39,Android,42,16.0,146,35,10,9,3,0
U01093,58,iOS,15,4.7,35,5,0,33,12,0
U01094,36,iOS,18,10.2,46,5,0,39,2,0
U01095,33,Web,21,15.9,65,13,1,13,10,0
U01096,21,Android,16,6.6,56,9,1,28,3,0
U01097,58,Android,16,8.8,33,6,1,26,7,0
U01098,54,iOS,11,7.7,23,4,0,29,13,0
U01099,19,iOS,45,13.0,182,53,8,0,17,0
U01100,38,Android,30,13.6,122,40,8,7,16,0
U01101,41,iOS,25,9.6,68,16,1,13,9,0
U01102,40,Android,10,7.8,20,4,0,32,1,0
U01103,62,Web,26,12.3,73,17,1,14,12,0
U01104,25,Web,4,1.7,8,1,0,51,2,1
U01105,32,Android,5,4.2,8,1,0,36,4,1
U01106,26,Web,19,7.7,49,13,2,25,5,0
U01107,29,Web,4,9.3,10,0,0,38,1,0
U01108,61,Android,19,14.4,59,17,4,13,9,0
U01109,63,Android,3,6.6,3,0,0,53,2,0
U01110,20,iOS,16,3.5,35,7,0,35,2,0
U01111,48,Android,24,8.6,75,14,2,13,9,0
U01112,29,Android,10,9.4,20,2,0,31,8,1
U01113,27,Android,9,4.1,15,1,0,48,5,0
U01114,32,Web,17,9.3,51,8,1,32,5,0
U01115,27,Android,15,10.1,34,3,0,30,3,0
U01116,41,iOS,29,15.5,91,29,6,3,9,0
U01117,65,Android,22,13.7,63,8,0,11,9,0
U01118,46,Android,13,6.4,33,2,0,49,2,0
U01119,52,Web,15,8.1,44,5,1,39,7,0
U01120,41,Android,15,8.6,31,7,2,25,3,0
U01121,18,Android,17,13.1,47,8,2,17,7,0
U01122,22,Android,20,12.4,56,10,3,22,10,0
U01123,30,iOS,23,5.8,74,9,1,20,9,0
U01124,29,Android,14,11.2,39,2,0,30,11,0
U01125,58,Android,22,13.8,78,19,3,17,16,0
U01126,58,Android,28,17.1,86,21,5,8,6,0
U01127,58,Android,22,9.7,66,11,1,16,9,0
U01128,48,Android,2,1.3,3,0,0,50,2,1
U01129,44,iOS,18,9.4,42,11,1,31,7,0
U01130,49,Android,15,5.6,38,2,2,28,6,0
U01131,37,Android,16,10.0,32,3,1,28,8,0
U01132,50,iOS,19,8.4,43,4,0,32,6,0
U01133,56,iOS,21,17.4,70,14,2,9,10,0
U01134,54,Android,8,2.5,12,2,0,43,4,1
U01135,47,Android,13,5.0,26,5,0,40,2,0
U01136,20,Android,12,7.2,22,2,0,33,1,0
U01137,52,Web,4,1.0,14,4,0,40,1,1
U01138,35,Android,27,17.0,83,28,5,6,12,0
U01139,53,Android,19,10.0,48,12,1,21,13,0
U01140,43,Android,17,13.7,65,12,2,11,16,0
U01141,60,Android,8,0.5,23,2,0,34,4,1
U01142,34,Android,17,10.7,42,6,2,23,10,0
U01143,62,Android,22,15.7,76,18,4,18,10,0
U01144,58,iOS,10,1.6,18,1,0,36,8,0
U01145,33,iOS,12,6.4,26,2,1,32,2,0
U01146,41,iOS,10,10.1,30,4,0,26,8,1
U01147,43,iOS,38,11.9,133,40,10,12,6,0
U01148,54,Android,2,3.0,2,0,0,43,1,0
U01149,51,Web,1,4.1,1,0,1,52,2,1
U01150,58,iOS,40,16.3,148,34,6,0,20,0
U01151,35,Web,2,3.2,7,1,0,46,1,1
U01152,42,iOS,14,4.7,33,5,1,35,2,0
U01153,38,Android,20,12.3,50,13,3,25,4,0
U01154,61,Android,10,2.5,20,2,0,34,7,0
U01155,32,Android,5,6.8,13,0,0,46,4,1
U01156,46,Android,10,7.6,18,3,0,41,3,0
U01157,23,iOS,22,8.6,48,7,1,21,7,0
U01158,58,Android,29,14.4,108,26,4,3,17,0
U01159,36,Android,1,5.9,0,0,0,50,0,1
U01160,34,Web,8,7.0,17,2,0,32,5,0
U01161,45,iOS,26,14.6,94,36,9,8,14,0
U01162,41,iOS,38,13.2,130,37,7,5,12,0
U01163,58,Android,20,4.3,45,10,0,27,9,0
U01164,43,iOS,19,7.1,44,12,2,36,10,0
U01165,42,Web,19,8.1,52,9,1,23,7,0
U01166,23,iOS,12,5.5,24,3,0,37,1,1
U01167,19,iOS,29,12.4,83,19,4,11,13,0
U01168,37,iOS,31,20.3,124,35,7,31,11,1
U01169,65,Android,37,16.5,134,37,5,6,19,0
U01170,62,iOS,15,1.7,38,7,0,34,6,0
U01171,48,Web,23,14.9,66,20,3,9,7,0
U01172,48,Android,28,15.1,104,24,4,6,7,0
U01173,36,Android,29,12.5,107,17,2,22,15,0
U01174,26,Android,17,10.1,46,12,2,29,3,0
U01175,18,Android,23,11.8,63,9,2,19,3,0
U01176,34,Web,3,1.2,10,2,0,40,0,1
U01177,33,iOS,16,10.8,46,13,3,21,9,0
U01178,27,Android,7,8.2,13,2,0,41,5,1
U01179,30,Android,19,10.3,56,7,0,21,9,0
U01180,19,Android,11,5.2,29,7,0,27,10,0
U01181,47,Android,14,7.6,27,5,0,29,7,0
U01182,62,iOS,15,9.1,41,7,2,23,12,0
U01183,51,Web,20,6.9,42,7,0,41,6,0
U01184,39,iOS,19,9.1,63,17,3,20,12,0
U01185,38,Android,20,8.5,56,10,2,24,3,0
U01186,32,iOS,12,2.0,25,4,0,39,2,1
U01187,24,iOS,14,12.3,37,10,0,20,9,0
U01188,46,Android,16,8.6,38,3,0,35,2,0
U01189,45,iOS,25,12.8,78,20,2,12,8,0
U01190,18,iOS,23,6.1,71,14,2,26,8,0
U01191,37,Web,26,10.9,102,28,7,11,11,0
U01192,31,Android,13,10.2,29,5,0,24,6,0
U01193,26,Android,17,14.0,57,17,3,16,8,0
U01194,51,iOS,22,7.5,55,7,3,21,9,0
U01195,43,Android,7,4.4,24,4,0,36,3,1
U01196,48,Android,16,11.3,31,4,1,27,8,0
U01197,52,iOS,8,7.8,13,0,0,35,4,1
U01198,65,Android,13,7.6,28,6,0,27,6,1
U01199,56,iOS,5,4.8,3,0,0,41,4,0
U01200,47,Web,20,11.8,64,16,3,28,8,0
U01201,60,iOS,31,18.7,109,33,7,0,18,0
U01202,40,iOS,21,7.2,52,8,1,28,6,0
U01203,65,iOS,14,10.5,41,5,0,26,8,0
U01204,54,Android,18,12.6,49,7,1,22,7,0
U01205,49,Android,26,10.9,70,13,1,18,9,0
U01206,61,iOS,30,18.2,121,37,6,1,15,0
U01207,42,Android,17,8.5,60,11,2,25,6,0
U01208,52,Android,26,14.7,91,26,4,13,17,0
U01209,31,Android,33,9.0,96,18,2,12,10,0
U01210,64,Web,27,13.5,84,16,3,13,7,0
U01211,47,Android,24,15.8,67,23,3,13,11,0
U01212,55,iOS,7,3.5,11,1,0,40,5,0
U01213,40,Android,30,8.3,84,14,4,20,5,0
U01214,59,iOS,23,11.8,59,11,2,22,9,0
U01215,21,Android,9,2.5,9,2,0,38,6,1
U01216,23,Android,25,12.5,70,17,2,13,7,0
U01217,42,iOS,20,7.9,50,7,0,19,6,0
U01218,53,iOS,15,8.1,35,8,1,30,8,0
U01219,56,Android,14,7.5,28,4,0,30,7,0
U01220,39,Android,7,0.5,14,3,0,44,0,1
U01221,49,Android,25,10.6,84,25,4,9,19,0
U01222,44,Android,19,12.9,64,11,1,13,8,0
U01223,64,iOS,19,12.4,45,7,2,27,4,0
U01224,49,Android,7,5.3,17,4,1,38,6,0
U01225,38,iOS,24,10.6,66,18,2,13,14,0
U01226,64,Android,6,3.4,12,1,0,50,3,1
U01227,23,iOS,17,1.6,48,14,3,22,6,0
U01228,65,Android,11,7.1,20,0,0,39,6,0
U01229,25,iOS,8,5.6,17,3,0,46,2,1
U01230,31,Android,12,8.0,29,8,4,28,5,0
U01231,57,Web,19,14.5,57,12,2,12,6,1
U01232,53,iOS,18,9.5,38,2,1,22,8,0
U01233,64,Web,11,4.4,20,4,0,43,4,1
U01234,53,Android,4,5.4,9,1,0,41,3,1
U01235,48,Android,41,13.6,130,29,2,11,20,0
U01236,34,Android,7,3.4,10,1,0,44,4,1
U01237,18,Android,30,16.2,106,26,3,4,19,0
U01238,23,iOS,11,5.8,18,4,1,30,3,0
U01239,32,Web,14,9.1,35,7,2,33,10,0
U01240,19,iOS,19,5.7,44,10,2,24,8,0
U01241,42,iOS,24,9.9,85,22,2,10,12,0
U01242,55,Android,19,6.6,53,9,1,18,9,0
U01243,64,Android,22,10.5,75,6,1,24,13,0
U01244,41,iOS,15,9.4,37,8,1,24,4,0
U01245,60,Android,6,0.8,17,3,0,39,3,1
U01246,65,Android,19,13.9,70,19,3,12,12,0
U01247,59,Web,16,5.6,35,8,3,31,8,0
U01248,40,Web,31,15.1,108,24,3,5,9,0
U01249,33,iOS,13,6.8,24,3,0,44,2,0
U01250,64,Android,10,7.5,17,3,0,43,3,1
U01251,29,Web,5,1.5,9,1,0,47,1,1
U01252,37,Android,27,12.4,86,18,3,13,9,0
U01253,21,Android,24,11.7,91,22,5,3,12,0
U01254,56,Android,22,8.2,74,18,2,24,6,0
U01255,49,Web,19,13.4,47,5,0,34,11,0
U01256,22,Web,7,4.1,12,0,0,41,4,1
U01257,28,iOS,28,14.2,93,21,4,15,9,0
U01258,44,Android,15,2.5,32,2,0,34,7,0
U01259,43,iOS,21,10.6,49,5,1,17,10,0
U01260,56,Android,14,1.5,39,3,0,35,3,1
U01261,30,Web,7,0.5,17,1,0,49,4,1
U01262,62,Android,16,4.7,37,5,0,30,6,0
U01263,39,Android,19,13.6,53,11,3,32,14,1
U01264,57,iOS,28,15.4,111,32,7,2,11,0
U01265,29,iOS,4,6.0,7,1,0,44,2,1
U01266,19,Web,16,4.7,34,4,0,46,1,0
U01267,20,Android,28,17.5,85,12,0,16,17,0
U01268,35,Web,8,5.7,13,1,0,55,4,1
U01269,63,Android,25,16.8,80,24,2,21,15,0
U01270,20,Android,34,14.1,121,30,2,0,16,0
U01271,35,iOS,12,8.5,30,1,0,27,7,0
U01272,23,Android,29,14.7,81,21,1,18,18,0
U01273,62,iOS,17,16.0,41,7,1,22,6,0
U01274,50,Android,26,11.1,59,9,2,27,16,0
U01275,54,Android,18,7.6,50,9,0,24,3,1
U01276,52,iOS,31,18.4,108,23,6,7,9,0
U01277,49,Android,24,17.3,83,24,3,18,14,0
U01278,55,iOS,27,11.4,90,23,4,20,13,0
U01279,18,iOS,31,13.6,79,17,3,16,16,0
U01280,59,Android,18,10.8,58,13,1,24,14,0
U01281,53,iOS,43,12.3,167,38,6,0,20,0
U01282,53,Android,11,6.9,25,2,0,31,10,0
U01283,36,Android,12,0.5,30,5,2,45,1,1
U01284,56,Android,19,6.6,37,4,0,35,5,0
U01285,36,Web,15,9.4,28,5,0,32,3,0
U01286,20,iOS,12,8.6,25,3,0,27,9,0
U01287,61,iOS,12,8.1,33,4,0,30,2,0
U01288,29,Web,19,6.9,44,3,0,24,3,0
U01289,22,Android,10,8.7,27,8,1,18,10,0
U01290,47,Web,13,3.5,35,9,0,35,6,0
U01291,29,iOS,20,8.6,40,5,0,33,5,0
U01292,59,Web,13,6.4,31,3,0,29,3,0
U01293,39,Web,4,4.0,8,2,0,44,1,0
U01294,18,Web,17,5.1,45,8,0,32,7,0
U01295,63,Android,35,10.8,114,25,4,6,10,0
U01296,42,iOS,6,2.8,12,2,0,45,3,1
U01297,30,Web,8,0.5,17,1,0,38,3,1
U01298,50,iOS,30,17.9,102,30,2,5,12,0
U01299,43,Android,23,10.6,63,9,2,22,7,0
U01300,19,Web,19,14.6,58,7,1,20,12,0
U01301,54,Android,5,4.0,12,0,0,41,7,1
U01302,37,iOS,30,10.8,99,22,5,10,8,0
U01303,51,iOS,11,2.9,20,3,1,39,4,1
U01304,60,Android,34,14.6,111,38,7,1,7,0
U01305,47,iOS,20,7.3,45,10,3,21,4,0
U01306,50,Android,33,11.3,123,22,3,3,14,0
U01307,30,iOS,17,4.3,37,3,1,31,4,0
U01308,29,Web,12,11.7,36,7,0,23,9,0
U01309,37,Android,23,13.4,61,11,2,31,8,0
U01310,58,iOS,19,11.0,53,11,1,21,12,0
U01311,43,Android,22,11.7,66,17,0,11,6,0
U01312,34,Web,5,7.1,9,1,0,40,2,1
U01313,55,Web,21,8.2,38,7,0,25,5,0
U01314,58,Android,18,7.6,38,7,0,49,3,1
U01315,61,iOS,17,7.6,31,2,1,29,7,0
U01316,32,iOS,10,2.1,23,7,1,31,4,1
U01317,52,iOS,28,16.6,79,16,0,13,18,0
U01318,46,iOS,18,11.3,46,8,0,21,5,0
U01319,39,iOS,19,5.7,41,9,0,23,6,0
U01320,37,iOS,25,18.1,78,18,1,17,11,0
U01321,23,Android,32,15.7,109,24,2,3,17,0
U01322,31,Android,15,8.1,41,5,0,23,6,0
U01323,44,Web,7,0.5,11,1,0,40,4,0
U01324,60,Android,16,5.3,29,5,0,27,5,0
U01325,59,iOS,30,10.4,118,29,4,4,13,0
U01326,27,Android,9,1.6,15,0,0,43,4,0
U01327,50,Web,5,3.7,13,0,0,53,3,1
U01328,22,iOS,22,14.4,79,18,4,14,11,0
U01329,50,Android,28,10.4,90,29,5,16,19,0
U01330,34,Android,13,6.1,37,8,1,32,3,0
U01331,39,Android,25,9.6,77,14,4,13,12,0
U01332,52,Web,15,10.8,38,8,3,32,11,1
U01333,38,iOS,11,10.2,29,0,0,26,3,1
U01334,56,iOS,32,9.9,98,20,3,7,15,0
U01335,43,iOS,8,5.2,24,4,0,32,2,1
U01336,65,Android,24,13.4,62,16,3,21,13,0
U01337,48,Android,37,17.0,126,28,3,3,15,0
U01338,32,Android,25,11.2,73,13,1,12,11,0
U01339,55,Android,35,15.4,119,34,8,14,10,0
U01340,37,iOS,17,11.2,53,16,0,28,6,0
U01341,43,Web,28,19.0,85,22,2,7,11,0
U01342,24,Web,27,12.7,86,20,2,11,8,0
U01343,23,Web,34,18.8,131,36,10,17,13,0
U01344,45,iOS,29,12.9,105,26,5,13,13,0
U01345,26,Android,13,4.0,26,2,0,35,4,1
U01346,65,iOS,30,12.9,75,14,3,6,12,0
U01347,59,Web,6,5.6,9,3,1,38,4,1
U01348,51,iOS,14,8.6,37,3,0,32,4,0
U01349,53,iOS,32,13.9,96,26,3,4,8,0
U01350,46,iOS,17,8.3,51,11,0,21,15,0
U01351,20,iOS,15,5.0,27,4,0,32,9,0
U01352,36,Web,1,3.7,0,0,0,43,0,1
U01353,41,iOS,24,10.3,69,18,3,40,11,0
U01354,61,Android,29,15.2,89,21,1,8,9,0
U01355,28,Android,8,3.7,10,0,0,45,2,1
U01356,41,iOS,9,8.8,22,4,0,35,3,1
U01357,34,Android,15,11.0,40,8,0,27,11,0
U01358,24,Web,24,11.7,75,12,0,19,7,0
U01359,22,iOS,21,9.9,51,12,3,19,10,0
U01360,35,iOS,12,3.5,31,3,0,62,6,1
U01361,21,Android,5,4.2,8,1,0,39,4,1
U01362,21,iOS,19,9.0,52,15,0,20,9,0
U01363,34,iOS,34,11.4,101,19,3,15,11,0
U01364,27,Android,31,14.2,82,22,4,10,9,0
U01365,44,Web,24,13.4,70,16,0,18,7,0
U01366,18,Android,25,12.2,96,33,6,8,14,0
U01367,32,Android,25,19.3,81,25,4,2,12,0
U01368,39,Android,18,9.1,35,4,0,42,4,0
U01369,64,iOS,14,9.8,35,8,0,22,7,0
U01370,48,iOS,32,15.2,113,30,5,22,4,0
U01371,60,Web,8,5.0,14,2,0,29,4,1
U01372,34,Android,33,12.2,98,18,2,9,9,0
U01373,39,Web,24,12.2,91,24,3,17,13,0
U01374,38,iOS,38,16.4,133,36,7,6,10,0
U01375,60,Android,20,10.8,52,15,1,21,7,0
U01376,64,Android,29,23.7,106,27,5,2,19,0
U01377,64,Android,15,7.7,37,6,1,21,6,0
U01378,54,Web,5,2.3,7,0,0,47,1,1
U01379,42,Android,22,12.1,81,20,4,13,13,0
U01380,43,iOS,28,17.0,102,30,4,1,16,0
U01381,65,iOS,13,8.1,30,3,0,47,5,0
U01382,31,Web,6,3.7,11,0,0,50,4,0
U01383,34,iOS,22,10.4,48,9,0,19,6,0
U01384,61,iOS,24,9.7,59,11,3,15,10,0
U01385,36,Android,18,11.9,49,10,0,24,5,0
U01386,29,Web,12,5.7,28,5,0,33,5,0
U01387,44,Android,19,2.0,52,11,3,19,9,0
U01388,33,Android,12,3.0,25,7,1,46,9,0
U01389,60,Web,7,10.6,15,0,0,36,3,0
U01390,61,Android,8,0.5,11,0,0,44,3,1
U01391,32,Android,30,14.0,84,13,2,8,9,0
U01392,43,iOS,10,5.6,27,9,0,40,4,0
U01393,65,Android,30,15.8,114,24,4,10,7,0
U01394,53,Android,27,16.1,93,19,2,7,11,0
U01395,28,iOS,23,12.1,65,10,1,9,12,0
U01396,46,iOS,19,16.2,50,10,2,11,8,0
U01397,47,iOS,10,9.1,25,5,0,30,3,0
U01398,49,Android,18,12.6,52,7,0,20,9,0
U01399,19,iOS,27,11.6,78,24,1,22,5,0
U01400,32,Web,4,1.5,8,0,0,54,1,1
U01401,59,Android,12,5.7,24,4,1,29,7,0
U01402,29,Android,6,1.5,12,1,0,37,3,0
U01403,32,Android,24,15.0,76,14,1,28,9,0
U01404,33,iOS,17,9.7,33,5,0,27,5,0
U01405,26,Android,10,8.7,31,0,0,27,5,0
U01406,25,iOS,29,19.0,114,31,4,0,13,0
U01407,34,Web,16,5.9,33,5,0,33,3,0
U01408,59,Android,20,14.4,50,14,3,15,12,0
U01409,18,iOS,24,8.7,69,16,4,15,7,0
U01410,31,Android,16,11.5,39,3,1,28,3,0
U01411,20,Android,26,13.3,94,28,4,10,9,0
U01412,44,iOS,20,10.2,67,22,2,13,14,0
U01413,30,Android,23,11.8,78,19,5,12,11,0
U01414,56,Web,17,11.7,51,9,2,35,3,0
U01415,46,iOS,9,2.7,21,6,1,40,4,0
U01416,55,Android,18,11.6,66,18,2,17,11,0
U01417,48,Android,18,7.0,46,8,0,23,5,0
U01418,39,Android,19,9.7,43,8,0,42,9,0
U01419,59,Web,4,5.0,8,0,0,44,4,1
U01420,40,iOS,19,10.1,50,8,0,27,4,0
U01421,63,Android,23,6.9,66,7,0,27,8,0
U01422,65,iOS,13,5.5,28,3,0,34,5,0
U01423,46,iOS,21,8.3,45,8,0,27,12,0
U01424,50,iOS,22,12.9,68,13,1,17,8,0
U01425,30,Android,21,14.6,49,11,2,13,9,0
U01426,57,Android,4,1.4,12,2,0,43,2,1
U01427,50,Android,20,7.6,40,8,1,22,8,0
U01428,61,Android,22,15.6,72,14,2,18,10,0
U01429,30,iOS,29,18.1,101,29,4,1,21,0
U01430,55,Android,14,6.9,32,1,0,42,4,0
U01431,40,Android,12,11.6,41,10,0,28,5,0
U01432,26,Android,6,0.5,7,1,0,38,4,1
U01433,26,Android,23,13.4,71,16,1,19,12,0
U01434,44,Web,21,18.8,56,12,2,13,18,0
U01435,33,iOS,26,14.3,78,23,4,14,7,0
U01436,22,Android,26,13.8,81,26,4,21,13,0
U01437,38,iOS,12,9.2,41,6,0,26,9,0
U01438,49,Android,22,6.6,56,11,0,21,6,1
U01439,33,Web,22,8.6,50,9,2,19,6,0
U01440,63,iOS,21,15.4,66,9,2,11,10,0
U01441,55,iOS,22,13.4,74,15,3,12,13,0
U01442,42,Web,24,11.5,90,26,3,8,9,0
U01443,62,Web,29,10.6,94,30,5,10,8,0
U01444,38,Web,19,8.6,67,10,1,27,13,0
U01445,24,Android,29,14.2,86,17,2,15,12,0
U01446,19,Android,10,4.5,27,4,0,36,2,0
U01447,63,iOS,18,13.3,61,12,1,19,18,0
U01448,64,iOS,20,9.7,69,21,2,12,8,0
U01449,53,iOS,35,19.6,114,27,3,4,15,0
U01450,22,iOS,13,10.5,48,6,0,21,7,0
U01451,32,Android,19,6.4,45,5,0,24,9,0
U01452,19,Android,21,11.9,69,19,6,15,10,0
U01453,20,iOS,11,4.8,19,3,0,31,3,0
U01454,29,Android,6,10.2,16,5,1,35,4,1
U01455,45,iOS,29,17.4,113,33,4,9,8,0
U01456,21,iOS,12,7.9,32,9,3,23,7,0
U01457,65,iOS,19,9.4,65,10,1,22,15,0
U01458,39,iOS,32,11.9,110,33,5,1,12,0
U01459,30,iOS,17,6.7,52,9,0,17,8,0
U01460,42,iOS,19,12.2,56,16,1,14,10,0
U01461,55,Android,9,7.0,19,1,0,27,5,0
U01462,33,iOS,8,2.3,20,1,1,44,1,0
U01463,20,iOS,6,1.7,9,3,0,45,1,0
U01464,20,Android,33,14.4,108,35,7,12,15,0
U01465,58,iOS,11,7.0,35,6,1,31,2,0
U01466,23,Web,7,4.5,7,0,0,46,2,1
U01467,48,Android,12,15.1,30,1,0,28,6,0
U01468,36,iOS,32,11.5,98,23,1,5,10,0
U01469,55,Web,11,3.5,21,7,1,46,8,1
U01470,20,Web,17,12.0,51,4,0,28,5,0
U01471,61,Android,40,16.4,160,47,9,0,18,0
U01472,51,iOS,9,7.5,19,3,0,33,2,1
U01473,39,Web,6,0.5,15,3,0,44,2,1
U01474,27,iOS,20,9.2,69,13,3,16,11,0
U01475,64,Android,17,8.1,39,7,1,33,3,0
U01476,32,Android,9,0.5,19,3,0,44,2,1
U01477,41,iOS,33,16.9,106,21,3,6,7,0
U01478,36,Android,16,11.3,49,10,2,27,8,0
U01479,29,Android,21,10.6,70,13,2,14,5,0
U01480,37,Android,12,10.9,36,6,1,35,5,0
U01481,25,iOS,11,6.2,26,3,0,39,6,0
U01482,18,iOS,7,4.8,13,1,0,41,6,1
U01483,31,Web,24,12.9,59,13,0,11,10,0
U01484,23,iOS,23,7.2,83,12,5,12,8,0
U01485,37,Web,16,5.5,39,10,0,22,10,0
U01486,59,Web,16,9.8,39,8,1,38,5,1
U01487,25,Android,11,5.6,21,3,0,35,2,0
U01488,18,iOS,20,14.4,56,11,2,24,8,0
U01489,23,Android,38,19.0,158,44,9,0,17,0
U01490,42,Web,8,1.7,19,1,0,42,1,1
U01491,31,Android,20,12.8,70,21,6,9,10,0
U01492,41,iOS,27,11.5,86,23,6,8,11,0
U01493,19,Web,32,11.5,101,35,10,13,7,0
U01494,33,Android,29,17.9,125,43,8,0,11,0
U01495,37,Web,7,7.5,7,2,1,37,8,0
U01496,38,Android,10,6.0,15,0,0,40,4,0
U01497,44,Android,28,14.9,94,15,0,14,8,0
U01498,55,iOS,20,13.9,70,18,4,11,6,0
U01499,40,Android,10,4.4,16,2,0,33,7,1
U01500,58,iOS,29,11.4,88,32,5,11,12,0
U01501,43,Web,17,11.4,41,3,0,21,6,0
U01502,30,Android,29,12.0,83,13,2,14,7,0
U01503,28,iOS,12,7.3,23,4,0,33,4,0
U01504,33,Web,31,12.0,84,28,3,10,14,0
U01505,46,iOS,36,22.1,131,43,11,0,21,0
U01506,29,Android,10,13.8,16,3,0,23,6,0
U01507,61,Web,22,6.5,71,15,1,21,5,0
U01508,41,Android,12,9.9,30,2,0,24,5,0
U01509,59,iOS,32,8.5,108,29,4,13,9,0
U01510,50,iOS,7,1.4,12,0,1,40,2,1
U01511,34,iOS,22,7.6,57,13,1,23,6,0
U01512,28,Android,36,12.0,119,39,5,4,15,0
U01513,53,Android,15,5.6,33,4,0,33,2,0
U01514,33,iOS,34,13.2,103,23,6,9,13,0
U01515,29,Android,41,18.4,168,53,14,0,11,0
U01516,62,iOS,28,11.8,103,24,4,7,8,0
U01517,41,iOS,23,12.8,65,16,2,21,6,0
U01518,20,iOS,15,9.7,45,10,1,22,14,0
U01519,41,Android,21,6.7,42,4,1,42,5,0
U01520,40,Android,36,17.5,131,39,9,7,23,0
U01521,59,Web,7,5.4,15,0,0,40,1,0
U01522,52,Android,27,15.9,106,31,5,8,18,0
U01523,27,Android,35,18.1,118,26,8,3,15,0
U01524,25,Android,10,6.8,23,3,0,34,3,0
U01525,46,Android,25,10.8,75,15,3,19,11,0
U01526,20,Web,17,7.5,41,8,0,25,10,0
U01527,33,Android,15,9.1,50,10,2,24,7,0
U01528,24,Android,11,10.4,18,2,0,26,6,1
U01529,18,iOS,16,9.6,38,5,1,54,8,1
U01530,62,Android,30,11.3,86,16,1,10,9,0
U01531,22,Android,28,14.0,99,24,1,4,12,0
U01532,18,Web,2,3.1,8,0,0,45,1,1
U01533,62,iOS,10,4.4,15,3,1,38,3,0
U01534,27,Android,9,1.8,16,0,0,38,2,1
U01535,57,Android,26,11.4,84,22,5,15,7,0
U01536,19,Android,17,12.7,50,6,1,32,10,0
U01537,25,Android,12,1.7,35,2,0,33,9,1
U01538,23,iOS,22,10.7,61,5,2,23,7,0
U01539,51,iOS,18,12.1,56,6,2,20,7,0
U01540,47,iOS,16,4.6,27,6,0,32,6,1
U01541,40,Web,17,6.4,49,5,0,25,8,0
U01542,29,Android,24,10.8,70,16,2,17,9,0
U01543,22,Web,4,0.5,7,0,0,43,1,0
U01544,45,iOS,33,11.9,131,38,6,7,13,0
U01545,29,Android,35,17.9,144,32,3,10,15,0
U01546,46,Web,25,10.3,68,15,1,15,8,0
U01547,50,Android,25,8.8,67,13,5,22,5,0
U01548,58,iOS,16,7.7,31,11,0,27,2,0
U01549,41,iOS,14,9.9,33,7,0,31,6,0
U01550,18,Android,24,15.1,61,12,2,15,11,0
U01551,31,Web,29,12.6,86,23,2,18,10,0
U01552,58,Android,12,10.0,27,5,1,33,4,1
U01553,43,Web,12,7.3,38,10,2,26,6,0
U01554,47,Android,18,11.0,44,11,2,44,6,0
U01555,39,Android,34,13.0,116,27,1,4,16,0
U01556,25,Android,28,11.4,81,22,2,11,9,0
U01557,61,Web,17,12.6,40,7,1,23,10,0
U01558,55,Android,12,4.7,32,2,0,39,3,1
U01559,65,Web,12,2.8,30,5,0,33,3,1
U01560,59,Android,21,4.6,53,10,0,32,9,0
U01561,31,iOS,25,12.3,91,21,3,11,10,0
U01562,30,Android,26,12.9,88,26,5,20,10,0
U01563,29,Android,32,22.3,127,30,6,0,8,0
U01564,62,Web,8,8.6,13,1,0,40,4,0
U01565,44,Android,25,8.3,68,21,1,2,8,0
U01566,39,iOS,18,14.7,56,8,0,20,8,0
U01567,64,iOS,30,16.2,106,19,4,0,14,0
U01568,46,iOS,17,11.9,51,6,0,25,7,0
U01569,61,iOS,23,14.8,62,16,3,13,12,0
U01570,65,Web,23,14.0,70,10,0,18,11,0
U01571,21,iOS,21,16.9,72,15,0,12,13,0
U01572,35,iOS,22,10.9,75,14,2,13,8,0
U01573,53,iOS,1,1.2,4,0,1,43,2,1
U01574,57,iOS,24,8.7,58,7,0,27,6,0
U01575,25,Android,16,8.8,44,6,1,28,8,0
U01576,33,iOS,15,9.1,35,10,2,26,3,0
U01577,44,Android,14,5.0,28,4,0,38,3,0
U01578,56,iOS,10,7.6,22,2,0,35,5,0
U01579,23,Web,24,8.7,59,16,3,17,4,0
U01580,46,Web,18,14.6,47,7,1,20,5,0
U01581,32,Web,2,8.2,6,1,0,51,1,1
U01582,28,iOS,29,6.2,77,19,2,16,9,0
U01583,42,iOS,9,11.8,21,4,0,28,0,0
U01584,37,Android,24,6.8,61,16,4,17,2,0
U01585,48,iOS,39,20.0,142,41,11,0,12,0
U01586,33,Android,9,2.8,23,6,0,36,6,1
U01587,57,Android,21,10.8,52,12,2,39,8,0
U01588,21,Web,12,2.5,27,4,0,32,1,0
U01589,59,Web,14,6.8,30,3,0,37,3,0
U01590,19,iOS,12,4.6,22,0,0,36,3,0
U01591,53,Android,14,9.6,44,8,2,20,8,0
U01592,34,iOS,9,8.3,26,6,1,29,3,0
U01593,36,Android,15,5.0,47,8,1,53,10,0
U01594,18,Web,6,6.4,11,1,0,49,3,1
U01595,51,Web,32,15.5,118,25,8,5,12,0
U01596,25,Android,30,8.6,100,26,3,11,11,0
U01597,49,Android,22,12.9,54,20,3,16,7,0
U01598,52,Android,21,10.9,64,18,4,22,14,0
U01599,58,Android,17,9.1,45,10,2,21,12,0
U01600,51,Android,34,19.1,138,36,9,0,11,0
U01601,32,Android,20,11.2,51,11,4,15,15,0
U01602,53,Android,9,6.5,25,6,2,38,3,1
U01603,57,Android,16,9.7,38,9,1,24,6,1
U01604,33,Android,38,15.6,136,42,10,3,12,0
U01605,23,iOS,14,8.5,30,5,1,32,7,0
U01606,60,Android,6,5.4,8,0,0,46,1,0
U01607,25,Web,11,4.4,29,6,0,38,2,0
U01608,46,Android,31,13.7,100,25,3,10,13,0
U01609,29,Android,33,15.8,104,26,2,8,9,0
U01610,24,Android,22,17.3,52,14,1,29,12,0
U01611,55,iOS,9,7.8,23,4,0,36,3,1
U01612,24,Android,9,2.2,16,1,0,38,2,0
U01613,50,iOS,15,5.7,32,5,0,29,10,1
U01614,51,Android,23,10.3,43,11,2,17,11,0
U01615,20,Web,22,13.0,55,9,0,27,9,0
U01616,26,Android,10,4.0,22,0,0,43,1,0
U01617,56,Android,16,8.1,44,9,1,28,10,0
U01618,42,Web,28,12.1,87,19,0,18,13,0
U01619,23,Android,36,15.4,141,45,3,0,20,0
U01620,65,Android,16,6.8,52,7,0,29,6,0
U01621,30,Web,12,4.6,23,2,0,41,4,1
U01622,18,Android,19,5.9,43,6,2,26,7,0
U01623,62,Android,16,8.7,31,8,1,38,5,0
U01624,18,Android,29,18.4,112,34,10,7,13,0
U01625,44,Android,7,0.5,13,3,0,42,3,1
U01626,65,Web,15,9.9,60,18,1,31,4,0
U01627,45,iOS,19,7.3,57,12,1,27,5,0
U01628,46,iOS,19,8.8,55,12,0,17,9,0
U01629,36,Android,16,10.5,44,7,2,40,9,0
U01630,24,iOS,32,18.3,140,47,15,2,17,0
U01631,45,iOS,17,13.0,56,12,1,19,16,1
U01632,61,Android,9,4.9,12,0,0,37,4,1
U01633,22,Web,18,11.5,49,10,0,52,6,0
U01634,60,iOS,21,7.7,65,17,1,22,7,0
U01635,37,iOS,12,7.2,23,1,0,28,5,0
U01636,43,Android,19,11.9,40,6,0,32,9,0
U01637,25,Android,28,8.2,81,11,1,20,7,0
U01638,47,iOS,19,17.7,54,19,6,9,5,0
U01639,26,iOS,9,8.9,29,5,0,32,3,0
U01640,31,Android,9,7.4,20,2,1,31,3,0
U01641,52,Android,25,15.4,73,18,4,12,12,0
U01642,20,Web,20,12.3,52,11,2,12,14,0
U01643,39,Android,24,15.3,72,25,4,20,12,0
U01644,46,Android,13,6.7,31,3,0,39,3,1
U01645,24,iOS,26,9.3,91,21,1,9,9,0
U01646,32,Android,28,12.8,83,21,3,9,4,0
U01647,34,Android,15,4.6,34,3,2,30,5,0
U01648,49,Android,32,16.4,96,29,1,11,11,0
U01649,64,Web,24,9.2,68,7,1,23,10,0
U01650,58,Android,21,7.9,35,2,0,29,7,0
U01651,27,iOS,40,14.8,157,41,9,0,12,0
U01652,18,Web,6,3.0,12,0,1,43,3,1
U01653,20,iOS,20,12.4,73,13,2,16,13,0
U01654,46,iOS,30,20.4,102,33,3,3,10,0
U01655,25,iOS,18,7.5,40,9,0,28,6,0
U01656,29,Android,15,4.4,34,5,1,47,6,0
U01657,58,iOS,12,8.2,22,4,0,37,7,1
U01658,59,Web,36,19.6,116,29,5,4,10,0
U01659,58,iOS,14,9.0,38,9,0,28,7,0
U01660,30,Android,20,13.9,64,18,1,14,11,0
U01661,47,Android,22,12.2,68,18,6,14,10,0
U01662,47,Web,17,5.6,36,5,0,38,6,0
U01663,26,Android,9,11.5,14,3,0,31,2,0
U01664,44,Web,32,14.0,111,31,4,10,9,0
U01665,43,Android,27,15.7,97,34,5,1,7,0
U01666,37,iOS,24,7.2,73,18,5,13,7,0
U01667,54,Web,30,8.5,79,19,0,19,16,0
U01668,50,iOS,22,11.9,62,17,1,24,7,0
U01669,43,Android,7,0.5,14,1,0,45,0,0
U01670,52,Web,3,8.5,5,0,0,41,2,1
U01671,54,Android,5,1.7,13,2,0,46,2,1
U01672,45,Android,22,9.3,53,12,1,25,5,0
U01673,30,iOS,3,5.5,4,0,1,44,1,0
U01674,54,Android,3,3.1,6,1,0,37,1,1
U01675,52,iOS,13,10.5,25,7,1,31,4,0
U01676,65,Android,33,14.4,127,39,5,0,7,0
U01677,25,Android,18,10.1,54,15,0,21,13,0
U01678,38,Web,22,9.0,54,9,0,26,6,0
U01679,62,Android,18,13.5,50,10,3,12,5,0
U01680,42,iOS,12,9.5,21,2,0,30,1,0
U01681,63,iOS,22,18.1,61,12,3,10,7,0
U01682,18,Web,3,1.7,6,0,0,60,3,0
U01683,19,iOS,14,15.8,46,12,0,15,15,0
U01684,56,Web,17,11.3,44,11,0,21,9,0
U01685,35,Android,16,9.8,44,7,1,28,3,0
U01686,42,Android,13,10.8,32,4,0,23,8,0
U01687,38,Web,12,8.1,25,6,0,23,7,0
U01688,37,Web,4,2.7,9,2,0,50,4,0
U01689,63,iOS,28,14.2,103,31,4,0,17,0
U01690,22,iOS,16,6.4,38,3,0,34,3,0
U01691,55,iOS,27,15.4,86,30,7,3,12,0
U01692,60,Android,21,12.9,67,15,2,22,8,0
U01693,49,Web,3,1.6,3,0,0,44,0,1
U01694,36,Web,3,7.9,5,0,0,49,4,0
U01695,25,iOS,8,1.5,19,3,0,35,3,0
U01696,50,Android,18,4.4,45,7,0,33,2,0
U01697,40,Android,14,5.1,36,6,1,29,11,0
U01698,25,Android,28,16.3,106,26,4,2,11,0
U01699,35,iOS,19,6.1,65,10,2,36,10,0
U01700,64,iOS,15,3.1,40,6,0,29,4,0
U01701,30,Android,13,3.5,20,2,0,42,3,0
U01702,26,iOS,37,10.9,139,43,6,2,13,0
U01703,50,Web,1,3.3,5,0,0,50,3,1
U01704,27,Android,23,16.1,92,31,4,8,12,0
U01705,62,iOS,25,13.1,79,31,6,2,10,0
U01706,59,iOS,16,9.8,42,6,0,28,5,0
U01707,65,Android,21,9.6,73,18,0,17,10,0
U01708,61,iOS,17,8.9,46,11,0,22,7,0
U01709,29,iOS,8,5.2,18,1,0,36,1,0
U01710,28,Android,27,10.5,82,16,3,20,9,0
U01711,34,Android,19,8.7,69,21,3,14,11,0
U01712,40,Web,20,11.8,59,9,0,26,11,0
U01713,60,Android,26,9.8,82,17,2,22,12,0
U01714,53,iOS,6,8.1,12,1,0,39,1,0
U01715,48,iOS,5,5.0,11,1,0,62,2,1
U01716,60,Web,16,10.7,31,4,0,30,7,0
U01717,49,iOS,33,10.6,84,16,2,9,11,0
U01718,36,Web,7,0.5,22,2,1,45,3,1
U01719,37,iOS,17,14.4,43,10,3,18,12,0
U01720,42,Android,16,8.2,38,4,0,26,3,0
U01721,22,Android,7,11.5,19,2,0,30,5,0
U01722,53,Android,19,12.2,50,7,1,26,11,0
U01723,49,Android,25,15.5,66,17,1,15,12,0
U01724,53,Android,7,5.8,12,1,0,39,2,1
U01725,43,Android,12,3.3,31,5,0,32,5,0
U01726,55,Android,25,11.6,78,19,3,9,4,0
U01727,63,Android,8,0.5,11,1,0,52,5,1
U01728,45,Android,15,9.9,48,12,1,21,9,0
U01729,39,iOS,11,6.6,40,6,2,31,6,0
U01730,23,iOS,7,4.3,13,0,0,35,4,0
U01731,55,Web,10,7.6,19,5,1,28,5,0
U01732,61,iOS,25,9.6,72,15,3,8,13,0
U01733,51,Web,7,3.7,8,1,0,43,3,1
U01734,59,iOS,23,16.9,68,19,3,18,9,0
U01735,59,Android,9,2.9,21,2,1,42,2,1
U01736,56,Web,20,7.0,59,18,2,17,8,0
U01737,42,Android,21,6.1,51,9,2,19,7,0
U01738,22,iOS,12,7.7,34,7,1,26,5,0
U01739,18,iOS,20,9.9,57,15,0,18,8,0
U01740,27,Android,5,3.4,8,0,0,48,2,1
U01741,38,iOS,9,6.0,15,2,0,40,3,0
U01742,53,Android,6,1.7,17,2,0,41,4,1
U01743,39,Android,12,7.5,30,8,0,25,13,0
U01744,19,Android,28,11.5,88,19,3,5,13,0
U01745,28,Android,18,12.9,53,11,1,21,8,0
U01746,65,Android,26,12.8,91,17,3,15,12,0
U01747,65,iOS,7,7.2,18,4,1,27,8,0
U01748,36,iOS,8,7.6,21,5,1,37,1,0
U01749,56,iOS,21,10.7,45,4,0,36,12,0
U01750,52,iOS,16,14.6,47,7,2,19,5,0
U01751,62,Android,20,13.4,54,13,3,20,14,0
U01752,60,Android,18,7.6,57,10,1,28,9,0
U01753,48,iOS,13,4.4,31,4,0,31,4,0
U01754,36,Web,7,2.5,15,1,0,49,4,1
U01755,48,Android,16,14.0,39,7,0,18,12,0
U01756,33,Android,12,3.2,23,3,1,47,6,0
U01757,34,iOS,16,6.1,35,2,0,28,9,0
U01758,47,Web,14,5.9,34,3,1,29,5,0
U01759,45,Android,34,12.4,117,24,0,9,13,0
U01760,45,Android,14,8.8,28,6,0,30,4,0
U01761,36,Android,14,4.4,26,4,1,46,1,1
U01762,37,iOS,13,7.7,26,3,0,32,8,0
U01763,18,Web,9,3.4,31,3,0,31,4,0
U01764,46,iOS,21,13.2,54,6,0,18,7,0
U01765,45,Android,11,8.2,20,2,0,34,3,1
U01766,62,iOS,9,5.1,21,3,0,35,3,1
U01767,42,Web,16,6.4,48,9,2,26,7,0
U01768,40,iOS,15,9.9,40,10,1,45,1,0
U01769,21,Web,26,15.3,69,19,1,18,6,0
U01770,27,Android,9,4.1,15,1,0,41,3,0
U01771,34,Android,15,6.2,43,8,0,42,10,1
U01772,36,iOS,20,7.1,50,6,1,24,15,0
U01773,35,iOS,18,9.6,50,14,1,24,3,0
U01774,36,Web,13,6.0,30,8,2,25,6,0
U01775,54,iOS,11,4.8,30,5,0,28,4,0
U01776,24,Android,13,7.3,39,7,0,29,5,1
U01777,33,Android,36,18.5,113,34,2,2,16,0
U01778,25,iOS,27,12.8,74,17,2,17,8,0
U01779,32,Android,25,13.6,74,13,3,15,9,0
U01780,50,iOS,26,8.7,69,18,4,7,18,0
U01781,20,Android,13,4.0,21,6,1,20,5,0
U01782,34,Android,29,10.8,95,20,2,14,10,0
U01783,19,iOS,17,14.6,45,10,2,23,8,0
U01784,63,Android,39,12.9,121,35,7,2,15,0
U01785,52,iOS,4,4.7,8,2,0,43,0,1
U01786,29,iOS,15,6.4,37,5,1,34,4,0
U01787,27,iOS,31,11.0,91,23,1,15,14,0
U01788,22,iOS,30,11.4,86,21,2,9,7,0
U01789,40,iOS,23,8.2,65,20,2,12,10,0
U01790,54,Web,16,8.8,35,3,0,43,5,0
U01791,46,Android,16,8.1,42,7,2,22,4,0
U01792,60,Android,23,13.9,60,14,0,16,17,0
U01793,34,iOS,27,11.3,78,18,2,25,10,0
U01794,31,iOS,30,13.7,109,26,5,5,8,0
U01795,40,iOS,14,7.2,46,14,1,25,5,0
U01796,27,iOS,14,12.7,49,8,2,17,12,0
U01797,64,iOS,26,14.9,85,22,4,7,16,0
U01798,26,Android,20,11.3,37,1,0,27,4,0
U01799,40,iOS,15,7.9,39,10,1,34,7,0
U01800,43,Android,23,12.6,67,15,3,21,5,0
U01801,20,Android,23,16.2,86,18,2,5,10,0
U01802,40,iOS,2,0.8,2,0,0,42,0,1
U01803,39,iOS,25,10.0,76,17,1,17,8,0
U01804,30,Android,26,12.4,93,16,3,4,9,0
U01805,24,Web,25,9.2,82,22,2,18,10,0
U01806,20,iOS,25,10.9,82,23,5,16,5,0
U01807,18,iOS,17,9.4,38,7,1,25,9,0
U01808,41,Web,18,10.2,54,15,1,23,8,0
U01809,22,Android,13,7.0,31,4,1,36,2,0
U01810,64,iOS,28,17.3,102,29,6,2,12,0
U01811,29,Android,2,4.5,3,0,0,43,1,1
U01812,49,Android,9,12.6,41,10,1,17,13,0
U01813,50,Android,6,1.3,10,0,1,46,4,0
U01814,41,Android,30,10.9,90,20,3,7,10,0
U01815,60,iOS,19,13.6,66,17,3,30,16,0
U01816,23,Android,14,11.5,38,9,1,32,9,0
U01817,29,iOS,25,14.2,66,13,0,18,9,0
U01818,30,Android,21,10.3,43,7,0,23,7,0
U01819,24,Android,2,0.8,6,1,0,59,0,1
U01820,32,Web,8,3.9,19,2,0,41,3,1
U01821,33,iOS,26,9.1,67,14,1,20,13,0
U01822,54,Web,27,10.4,95,28,6,4,10,0
U01823,32,iOS,18,11.9,49,9,1,25,6,0
U01824,60,Android,18,8.6,48,13,1,31,6,1
U01825,55,iOS,12,9.0,24,3,0,71,2,0
U01826,61,iOS,10,7.1,26,7,2,33,4,0
U01827,23,Android,17,9.5,44,8,1,21,8,1
U01828,65,Web,27,11.5,61,13,0,16,10,0
U01829,47,iOS,11,7.0,21,3,1,36,1,0
U01830,65,iOS,26,12.5,76,19,3,12,10,0
U01831,35,iOS,23,11.6,75,19,2,13,6,0
U01832,63,iOS,16,11.5,56,11,1,32,7,0
U01833,46,Android,33,20.1,116,36,10,11,16,0
U01834,21,Web,13,6.0,26,7,0,31,7,0
U01835,37,Android,29,14.0,102,23,1,8,15,0
U01836,24,Android,26,11.6,96,24,3,18,14,0
U01837,63,Android,24,9.6,58,11,1,16,5,0
U01838,32,iOS,17,11.4,38,10,0,22,8,0
U01839,28,Web,5,8.3,11,0,0,44,4,1
U01840,44,Web,6,2.8,6,1,0,44,1,1
U01841,38,iOS,19,7.6,55,10,1,25,7,0
U01842,22,Web,15,5.1,37,7,0,27,6,1
U01843,57,iOS,21,6.7,47,4,1,31,10,0
U01844,58,Android,23,14.9,67,13,1,13,12,0
U01845,53,iOS,8,3.7,16,4,1,50,4,1
U01846,47,Android,12,9.1,29,5,3,28,5,0
U01847,37,Android,21,17.1,61,13,1,15,10,0
U01848,44,Android,27,12.3,73,13,2,16,11,0
U01849,43,Android,18,6.6,56,8,1,28,4,0
U01850,25,Web,15,5.6,37,8,1,38,3,0
U01851,21,Web,8,5.9,21,2,0,38,7,0
U01852,30,Android,21,14.0,67,13,1,31,13,0
U01853,39,iOS,23,13.8,69,18,4,13,10,0
U01854,25,Android,19,5.3,55,9,0,23,3,0
U01855,23,Android,9,5.9,19,5,0,40,2,1
U01856,58,Android,10,10.1,27,5,0,24,8,0
U01857,35,Android,27,10.2,88,27,3,9,11,0
U01858,46,Android,14,6.3,28,2,0,48,6,0
U01859,43,Android,21,11.6,70,13,3,31,6,1
U01860,53,Android,4,0.5,8,0,0,54,1,1
U01861,53,Android,37,16.9,112,26,6,8,10,0
U01862,32,Web,28,11.2,77,17,2,14,9,0
U01863,58,Android,11,10.0,30,7,0,25,11,0
U01864,35,Android,27,15.0,82,17,2,10,11,0
U01865,58,iOS,31,12.6,114,33,6,10,18,0
U01866,37,Android,16,4.0,47,11,1,30,7,0
U01867,23,iOS,12,9.3,36,7,1,22,10,0
U01868,54,Android,13,7.5,34,4,1,30,3,0
U01869,19,iOS,19,15.4,56,14,3,14,13,0
U01870,55,iOS,15,6.3,40,7,1,38,3,1
U01871,20,iOS,37,15.9,136,39,8,0,13,0
U01872,27,iOS,9,8.1,14,3,0,31,8,0
U01873,46,Android,5,4.6,8,2,0,49,4,1
U01874,63,Android,30,17.6,108,22,2,6,16,0
U01875,37,Android,22,13.3,66,16,3,28,12,0
U01876,23,iOS,26,12.8,74,15,4,15,13,0
U01877,29,Android,20,10.0,57,11,0,19,6,0
U01878,61,Android,39,16.1,141,44,5,0,12,0
U01879,52,iOS,17,8.7,45,10,0,24,7,0
U01880,22,Android,7,3.2,14,1,0,44,1,1
U01881,36,Android,25,15.7,86,16,3,14,11,0
U01882,30,iOS,24,6.8,68,18,7,16,8,0
U01883,26,Android,10,5.4,27,5,0,30,2,0
U01884,58,Web,24,19.3,86,19,4,4,12,0
U01885,47,Web,10,4.8,21,4,1,38,6,1
U01886,26,Web,4,0.5,8,0,0,52,1,0
U01887,49,Android,11,11.2,29,5,0,25,10,0
U01888,37,Android,6,3.5,12,1,0,46,1,0
U01889,20,iOS,14,12.1,47,9,0,20,9,0
U01890,39,iOS,23,11.8,55,12,3,17,11,0
U01891,26,iOS,24,9.7,65,8,1,17,10,0
U01892,29,Android,23,15.1,87,17,3,10,10,0
U01893,60,Android,9,4.4,15,2,1,36,4,1
U01894,52,Android,8,2.1,18,2,0,40,1,1
U01895,24,Android,25,10.6,93,27,5,17,4,0
U01896,58,Android,24,7.8,56,9,2,30,5,0
U01897,45,Web,4,0.6,6,1,0,54,3,1
U01898,59,Android,39,15.6,141,41,10,0,13,0
U01899,53,iOS,17,3.5,51,9,1,32,7,0
U01900,34,Web,13,10.3,34,7,0,26,9,0
U01901,43,Android,10,6.1,18,1,0,41,4,0
U01902,43,iOS,33,18.7,111,29,6,21,11,0
U01903,52,iOS,22,10.8,71,16,3,7,6,0
U01904,29,Android,14,2.1,33,3,0,41,3,0
U01905,33,iOS,16,11.3,28,4,2,28,5,0
U01906,29,Web,16,5.3,36,3,1,25,4,0
U01907,32,iOS,21,7.1,44,8,1,28,5,0
U01908,25,Web,28,10.5,88,15,0,15,12,0
U01909,19,Web,30,16.0,92,18,5,10,10,0
U01910,63,Android,6,4.6,17,4,0,36,1,1
U01911,21,iOS,24,14.9,73,23,5,8,11,0
U01912,60,iOS,17,12.0,59,9,2,15,8,0
U01913,18,iOS,17,4.8,39,7,1,37,7,1
U01914,55,iOS,20,11.2,79,22,2,12,11,0
U01915,33,iOS,22,6.5,74,11,2,20,7,0
U01916,42,Web,22,12.3,49,14,2,21,9,0
U01917,31,Android,29,18.3,95,29,7,2,17,0
U01918,41,iOS,28,11.5,84,18,3,9,17,0
U01919,39,Android,9,5.8,19,3,2,34,1,1
U01920,43,iOS,23,13.8,71,20,5,11,9,0
U01921,36,iOS,22,7.6,74,15,1,20,9,0
U01922,43,iOS,20,14.6,73,17,1,16,20,0
U01923,57,Android,14,3.0,26,4,0,34,4,1
U01924,38,iOS,9,3.8,21,4,0,31,7,0
U01925,35,Android,7,6.5,21,2,0,33,6,1
U01926,24,Android,17,8.1,42,4,0,31,10,0
U01927,35,Android,22,13.5,65,19,2,19,13,0
U01928,24,Web,17,12.5,49,12,1,16,8,0
U01929,26,Android,28,10.1,76,13,3,15,6,0
U01930,63,Web,15,10.2,30,4,0,34,6,0
U01931,22,Android,28,10.7,79,11,2,20,11,0
U01932,41,iOS,15,7.5,43,11,3,22,7,0
U01933,58,iOS,26,9.8,55,7,1,23,9,0
U01934,63,iOS,17,13.5,37,8,0,14,11,0
U01935,25,iOS,27,18.5,77,15,4,18,12,0
U01936,25,iOS,14,13.6,39,12,3,31,4,0
U01937,35,Web,12,3.7,16,1,1,38,3,0
U01938,44,iOS,14,6.5,38,4,0,22,6,0
U01939,64,Android,23,6.5,58,5,0,23,3,0
U01940,27,Android,22,3.9,49,10,1,20,14,0
U01941,25,iOS,17,9.0,43,3,1,23,6,0
U01942,30,iOS,10,9.2,15,4,1,30,1,0
U01943,59,iOS,21,8.0,55,8,0,27,8,0
U01944,19,iOS,6,5.6,12,1,0,43,2,1
U01945,36,Android,11,11.5,29,11,0,28,8,0
U01946,23,iOS,13,12.3,34,5,2,35,5,0
U01947,25,iOS,35,17.5,132,33,5,0,15,0
U01948,62,iOS,23,12.4,71,18,2,12,11,0
U01949,18,iOS,18,7.7,55,8,2,23,6,0
U01950,33,Web,2,5.9,2,0,0,46,0,1
U01951,61,iOS,9,3.7,24,3,2,36,1,1
U01952,47,Web,22,16.1,69,12,2,17,6,0
U01953,21,Android,24,8.3,53,6,0,22,10,0
U01954,40,iOS,19,6.3,44,10,0,25,8,0
U01955,64,iOS,32,14.6,100,24,6,8,11,0
U01956,37,iOS,15,13.0,46,11,1,21,11,0
U01957,43,Android,20,4.9,51,9,1,30,9,0
U01958,43,iOS,12,10.5,36,6,0,24,3,0
U01959,49,Android,17,4.1,50,13,0,25,8,0
U01960,26,Web,13,9.9,21,5,0,33,3,0
U01961,58,Android,8,3.3,29,6,2,31,2,0
U01962,65,Android,12,8.1,27,5,0,32,3,1
U01963,24,iOS,14,11.1,43,8,1,21,7,0
U01964,57,Android,13,12.0,28,5,2,22,9,0
U01965,57,Android,1,0.5,1,0,0,44,1,1
U01966,53,iOS,31,18.4,92,25,3,0,16,0
U01967,35,iOS,21,7.2,59,12,1,22,5,0
U01968,40,Android,25,11.0,61,9,1,16,6,0
U01969,58,iOS,11,1.0,15,2,0,33,5,1
U01970,25,iOS,27,16.1,91,26,3,5,15,0
U01971,57,iOS,22,14.4,78,14,0,14,11,0
U01972,62,Android,16,10.8,39,10,0,15,9,0
U01973,50,Android,16,8.6,41,9,0,28,3,0
U01974,34,Web,21,12.8,56,12,2,27,7,0
U01975,44,iOS,14,7.9,27,5,0,30,7,0
U01976,20,Android,50,14.2,167,55,12,4,13,0
U01977,62,Web,4,0.5,8,0,0,45,1,1
U01978,34,Android,11,5.4,24,4,0,44,3,1
U01979,20,iOS,12,4.5,22,1,0,35,4,1
U01980,56,iOS,27,11.5,87,20,1,14,7,0
U01981,49,Web,14,8.2,30,5,2,25,6,0
U01982,47,Web,12,10.6,27,2,0,28,6,0
U01983,20,Android,22,10.7,62,11,1,21,7,0
U01984,54,iOS,26,8.2,87,20,3,28,11,0
U01985,48,Android,18,11.5,61,20,6,23,12,0
U01986,56,iOS,37,17.3,134,20,5,11,9,0
U01987,57,iOS,6,5.4,11,1,0,37,1,0
U01988,28,Android,29,11.5,90,18,2,15,8,0
U01989,28,Android,20,9.2,65,11,1,19,9,0
U01990,62,Android,35,16.1,132,40,3,2,10,0
U01991,43,Android,32,15.0,103,28,3,7,17,0
U01992,39,Android,26,5.0,92,19,1,43,9,0
U01993,31,Web,5,3.4,14,1,0,48,1,1
U01994,48,iOS,10,4.7,19,1,0,37,3,0
U01995,54,iOS,7,7.5,15,1,0,42,3,1
U01996,18,Web,33,8.9,101,15,1,9,13,0
U01997,44,iOS,16,10.2,45,10,0,14,7,0
U01998,65,Android,9,7.3,19,1,0,35,10,0
U01999,31,Web,13,9.4,26,4,0,32,6,0
U02000,31,iOS,17,7.0,41,7,1,26,5,0
U02001,60,iOS,22,8.5,55,13,1,19,7,0
U02002,20,Web,19,10.8,54,11,0,12,4,0
U02003,37,iOS,8,7.8,19,3,0,54,3,1
U02004,39,iOS,20,5.7,50,9,0,24,8,0
U02005,56,Web,9,0.5,15,1,0,42,3,1
U02006,24,iOS,13,8.5,28,4,0,27,4,0
U02007,38,Web,15,9.3,45,10,0,20,5,0
U02008,25,Android,3,4.5,10,1,0,45,0,1
U02009,55,Android,22,9.4,66,21,1,19,5,0
U02010,48,iOS,21,10.8,61,18,3,35,5,1
U02011,41,Android,30,10.0,88,17,3,10,13,0
U02012,36,Web,17,12.6,42,8,0,21,9,0
U02013,25,Android,48,17.5,176,53,6,0,9,0
U02014,62,iOS,11,3.5,36,5,1,32,5,0
U02015,49,Android,13,5.4,38,5,0,28,8,1
U02016,33,Web,8,5.3,27,0,0,32,6,1
U02017,37,Android,16,9.2,43,9,3,30,2,0
U02018,52,Android,5,2.9,12,0,0,36,3,1
U02019,52,Android,26,10.9,79,22,2,7,14,0
U02020,40,iOS,17,9.4,45,5,1,18,11,0
U02021,32,Web,3,6.2,2,0,1,55,1,1
U02022,49,Web,15,8.4,37,9,0,25,6,0
U02023,49,Android,19,6.0,54,11,1,27,8,0
U02024,46,iOS,17,9.8,39,4,0,33,9,0
U02025,21,Android,33,11.4,106,30,4,13,11,0
U02026,40,iOS,18,13.0,54,12,0,28,6,0
U02027,47,iOS,20,11.2,44,4,0,27,9,0
U02028,63,Android,6,1.4,9,0,0,47,2,1
U02029,43,iOS,22,11.1,59,12,0,15,3,0
U02030,34,Web,16,7.9,39,6,1,37,5,1
U02031,44,Android,31,12.6,95,18,5,10,9,0
U02032,26,Android,14,10.7,40,8,2,36,8,0
U02033,22,Android,17,4.9,45,6,1,26,3,0
U02034,50,Android,33,12.5,113,24,1,12,9,0
U02035,65,Android,23,10.0,53,16,1,23,7,0
U02036,58,iOS,21,11.6,49,4,1,25,2,0
U02037,46,Android,11,8.4,28,7,0,52,5,0
U02038,19,iOS,9,2.7,17,3,0,48,2,1
U02039,65,Web,22,6.5,54,9,1,24,7,0
U02040,39,Web,4,2.1,10,2,0,40,1,1
U02041,31,iOS,7,9.6,18,2,0,32,4,0
U02042,60,Android,15,9.2,52,7,2,42,4,0
U02043,53,Android,18,14.8,45,8,2,29,6,0
U02044,53,Android,32,15.5,108,42,8,5,12,0
U02045,31,Web,15,12.6,36,6,0,28,10,0
U02046,65,Web,4,1.6,6,1,0,57,1,1
U02047,39,Android,15,8.1,45,7,1,29,8,0
U02048,43,Android,15,15.9,35,6,1,24,4,0
U02049,54,iOS,28,12.2,90,25,3,15,9,0
U02050,49,Android,56,18.0,205,53,12,0,21,0
U02051,26,Web,10,5.6,19,0,0,33,2,0
U02052,32,Android,21,10.7,64,20,1,16,10,0
U02053,35,Android,14,6.9,32,5,0,36,6,0
U02054,63,Android,16,8.2,49,7,0,27,9,0
U02055,52,Android,15,5.9,39,11,1,26,5,0
U02056,35,Android,9,3.3,21,6,0,37,3,1
U02057,53,Web,16,8.9,37,7,1,33,8,1
U02058,53,Android,11,3.9,32,10,0,31,6,0
U02059,36,iOS,12,8.1,36,5,0,22,9,0
U02060,37,Android,30,13.9,98,30,7,0,10,0
U02061,60,Android,18,8.1,41,12,1,19,9,0
U02062,44,Android,25,10.3,63,10,1,15,13,0
U02063,25,Android,8,2.0,22,3,0,44,6,0
U02064,52,Android,19,7.9,45,8,0,23,8,0
U02065,46,Android,11,8.0,18,4,0,30,7,0
U02066,42,Web,26,15.4,87,14,5,15,12,0
U02067,52,iOS,23,13.2,71,21,1,8,14,0
U02068,61,Web,7,2.7,12,2,0,36,3,0
U02069,33,Android,12,11.2,24,4,0,24,8,0
U02070,38,iOS,15,10.0,34,4,0,25,11,0
U02071,27,iOS,11,6.8,24,2,0,33,4,0
U02072,49,Android,18,12.0,39,8,1,25,7,0
U02073,37,Android,25,16.3,73,14,3,8,11,0
U02074,34,iOS,31,12.4,92,19,3,14,10,0
U02075,51,iOS,27,10.1,96,24,3,5,11,0
U02076,37,iOS,23,9.6,62,14,1,15,8,0
U02077,40,Android,24,6.4,70,14,1,29,10,0
U02078,39,Web,4,5.8,8,0,1,47,2,0
U02079,30,Android,8,4.3,12,4,0,36,3,1
U02080,24,Web,20,4.0,55,7,0,29,2,0
U02081,57,Web,6,6.4,12,2,0,41,6,0
U02082,22,Web,26,15.8,96,33,3,6,20,0
U02083,33,iOS,20,12.7,60,17,2,20,10,0
U02084,50,Android,13,6.2,32,5,0,34,5,0
U02085,24,iOS,26,16.6,84,23,1,9,18,0
U02086,49,iOS,27,12.5,76,18,0,7,13,0
U02087,53,iOS,8,1.5,17,2,0,35,5,1
U02088,49,Android,19,8.3,54,12,1,23,7,0
U02089,32,Android,32,14.3,125,41,4,2,11,0
U02090,18,Android,6,6.5,7,0,0,43,4,1
U02091,60,iOS,22,12.0,64,6,1,19,13,0
U02092,33,iOS,28,14.2,92,25,3,19,17,0
U02093,56,Web,25,4.3,70,14,0,19,11,0
U02094,27,iOS,12,13.2,28,6,0,33,4,0
U02095,25,iOS,17,8.1,43,5,0,28,4,0
U02096,55,Android,35,10.5,115,29,6,0,10,0
U02097,63,iOS,8,0.5,8,0,0,36,3,1
U02098,59,Android,27,13.5,91,29,2,13,16,0
U02099,54,Android,22,8.0,66,16,0,35,13,0
U02100,29,Android,20,14.5,58,10,1,16,8,0
U02101,61,Android,24,9.4,65,13,1,15,11,0
U02102,50,Android,13,7.5,26,2,0,26,5,0
U02103,26,iOS,11,7.4,30,2,0,28,6,0
U02104,24,Android,31,13.2,105,25,4,7,4,0
U02105,59,Android,28,15.0,101,20,2,21,17,0
U02106,31,Android,6,7.0,14,4,0,45,2,0
U02107,54,iOS,32,13.4,108,32,5,8,10,0
U02108,24,iOS,26,9.1,62,13,2,23,2,0
U02109,31,Android,15,5.9,42,5,1,47,2,0
U02110,31,Android,18,12.8,51,9,1,20,12,0
U02111,31,Web,24,8.3,66,16,4,19,10,0
U02112,50,iOS,27,14.8,85,20,5,1,18,0
U02113,61,iOS,19,11.1,44,15,1,22,7,1
U02114,61,iOS,13,6.3,24,2,0,32,5,0
U02115,53,Web,10,8.8,29,5,2,21,9,0
U02116,27,Web,14,0.5,19,0,1,41,2,0
U02117,64,Android,37,16.6,136,43,7,1,14,0
U02118,44,iOS,15,12.0,40,10,0,20,10,0
U02119,44,Android,6,8.1,16,1,0,36,3,0
U02120,51,iOS,17,8.9,45,10,2,26,9,0
U02121,54,Android,23,9.6,49,14,2,20,10,0
U02122,63,Android,12,3.7,24,3,0,35,7,1
U02123,45,Web,11,10.9,43,11,0,21,7,0
U02124,47,Web,18,7.9,54,14,2,27,5,0
U02125,53,Android,14,10.7,38,7,1,26,5,0
U02126,30,Web,40,17.7,161,52,8,0,14,0
U02127,32,Android,14,15.7,44,15,2,18,9,0
U02128,48,iOS,34,14.3,126,34,3,16,9,0
U02129,21,Web,11,7.8,33,6,1,30,7,1
U02130,33,Android,26,5.2,67,11,3,25,7,0
U02131,52,iOS,23,9.9,56,17,2,20,9,0
U02132,64,iOS,37,17.9,129,28,4,7,14,0
U02133,42,Android,14,11.7,42,9,0,21,7,0
U02134,37,Android,4,2.0,12,1,0,46,1,0
U02135,39,Android,17,12.0,50,10,3,15,11,0
U02136,50,iOS,23,14.1,60,16,4,23,6,0
U02137,44,Android,20,8.4,75,12,3,31,14,0
U02138,19,Android,23,16.4,84,20,2,10,14,0
U02139,43,iOS,23,14.8,81,16,2,8,8,0
U02140,37,Android,25,10.2,68,15,2,23,16,0
U02141,51,Android,4,5.0,8,0,0,56,5,1
U02142,60,iOS,26,11.6,87,13,2,20,11,0
U02143,64,iOS,35,10.1,108,28,4,7,5,0
U02144,47,Android,18,13.5,43,8,0,26,9,0
U02145,35,Web,6,2.4,14,1,0,46,0,1
U02146,39,iOS,10,5.4,26,4,2,28,8,1
U02147,26,Android,14,10.9,32,8,2,35,7,0
U02148,62,iOS,28,17.8,90,25,6,11,19,0
U02149,58,iOS,23,13.7,76,13,1,11,8,0
U02150,58,iOS,30,16.0,87,22,3,9,13,0
U02151,33,iOS,21,9.8,62,11,1,37,4,0
U02152,33,iOS,23,16.2,76,17,3,16,14,0
U02153,59,Web,17,12.9,51,11,0,21,10,0
U02154,44,iOS,23,10.5,76,16,3,22,10,0
U02155,51,Web,25,13.9,79,22,4,26,17,0
U02156,41,iOS,25,13.8,91,22,5,4,10,0
U02157,39,Web,25,16.5,82,26,2,17,11,0
U02158,48,Web,11,4.5,33,3,0,31,4,1
U02159,57,Android,34,17.3,102,28,7,0,21,0
U02160,34,Android,33,21.6,107,38,3,3,15,0
U02161,56,iOS,17,3.8,44,4,0,29,2,0
U02162,29,Android,5,3.1,8,1,0,42,5,0
U02163,37,iOS,24,19.7,92,28,2,5,13,0
U02164,61,iOS,17,10.5,59,14,3,20,9,0
U02165,63,Web,4,4.0,5,0,0,43,3,1
U02166,62,Android,10,4.5,17,1,0,35,4,0
U02167,33,iOS,26,7.7,64,14,2,22,11,0
U02168,58,Android,6,5.0,14,3,1,32,2,0
U02169,62,iOS,13,8.3,39,7,1,27,4,0
U02170,64,Android,21,9.0,62,17,3,15,7,0
U02171,19,iOS,8,7.6,14,2,0,48,3,1
U02172,53,iOS,7,4.1,8,1,0,43,2,1
U02173,65,iOS,17,7.9,48,8,1,25,8,0
U02174,54,iOS,19,8.0,51,10,2,22,12,0
U02175,29,Android,20,11.0,60,12,2,20,11,0
U02176,54,Android,5,2.6,15,3,0,38,4,1
U02177,23,Android,28,10.7,80,20,5,13,15,0
U02178,41,Web,26,7.6,72,18,6,18,10,0
U02179,48,Web,26,14.5,71,20,1,13,8,0
U02180,39,Android,26,9.1,81,17,1,9,12,0
U02181,51,Android,16,8.7,46,6,0,25,10,0
U02182,29,Android,22,8.7,58,8,1,24,5,0
U02183,47,iOS,19,11.1,53,10,1,25,6,0
U02184,48,Android,17,8.3,45,9,1,24,8,0
U02185,48,Android,15,7.4,36,5,0,33,3,0
U02186,31,Android,26,10.9,91,20,1,17,17,0
U02187,32,Android,35,20.7,127,47,9,0,17,0
U02188,30,Android,6,0.5,17,2,0,40,2,0
U02189,40,Android,16,10.4,51,10,0,15,8,0
U02190,46,iOS,20,9.1,50,10,0,20,8,0
U02191,35,iOS,30,12.1,96,32,4,12,8,0
U02192,37,Android,11,5.5,25,1,0,43,3,1
U02193,31,iOS,13,0.6,28,3,0,39,4,0
U02194,28,iOS,14,4.8,26,6,0,33,5,0
U02195,49,iOS,14,4.5,25,2,0,28,7,1
U02196,57,Web,29,8.5,97,17,1,15,12,0
U02197,31,Android,27,9.4,77,18,2,32,11,0
U02198,59,Web,14,11.8,26,6,0,28,3,1
U02199,45,iOS,15,9.6,48,11,2,26,8,0
U02200,26,iOS,33,14.0,117,21,4,1,12,0
U02201,35,Android,17,7.8,57,6,0,24,10,0
U02202,18,Android,27,8.4,78,18,3,19,16,0
U02203,19,Android,31,12.6,105,29,6,2,16,0
U02204,34,Web,24,8.1,75,10,0,17,7,0
U02205,39,iOS,19,6.9,56,13,2,25,12,0
U02206,56,Android,5,5.5,10,2,0,42,1,0
U02207,24,iOS,10,10.2,22,5,1,35,3,0
U02208,58,Android,16,8.3,32,10,2,39,5,0
U02209,29,Android,25,12.9,82,15,1,10,8,0
U02210,24,iOS,29,15.5,98,25,4,16,10,0
U02211,51,iOS,15,11.5,33,7,1,19,7,0
U02212,55,iOS,8,6.3,18,2,0,40,4,0
U02213,47,iOS,29,14.6,82,14,1,16,8,0
U02214,23,iOS,26,8.6,77,21,4,15,7,0
U02215,23,Web,13,6.1,21,4,1,43,6,0
U02216,36,Android,25,15.0,90,31,3,7,9,0
U02217,39,iOS,28,15.1,93,27,3,10,12,0
U02218,65,iOS,24,4.4,71,8,1,25,7,0
U02219,31,Android,18,7.1,56,11,0,17,9,0
U02220,27,Android,13,10.4,25,1,0,37,5,0
U02221,63,Android,14,9.7,30,6,1,28,7,0
U02222,25,Android,20,6.7,63,12,2,20,8,0
U02223,19,iOS,16,1.7,30,5,0,33,4,0
U02224,38,Android,15,9.1,29,6,0,28,10,0
U02225,37,iOS,23,13.2,83,26,4,10,10,0
U02226,47,Android,6,0.5,8,2,0,59,3,0
U02227,60,Android,10,11.4,22,3,0,30,4,0
U02228,62,Android,26,17.2,87,20,1,12,9,0
U02229,31,Android,8,0.9,19,1,0,38,1,0
U02230,65,Web,15,13.5,44,8,1,26,2,0
U02231,48,Android,16,9.0,37,5,1,34,9,0
U02232,21,Android,14,10.7,38,8,1,27,8,1
U02233,63,Android,14,7.8,38,6,2,27,6,0
U02234,24,Android,6,3.8,15,0,0,45,0,1
U02235,46,iOS,18,15.1,44,11,0,21,8,0
U02236,55,iOS,11,9.8,26,5,1,31,4,0
U02237,29,Android,22,13.9,66,19,5,13,9,0
U02238,30,iOS,23,5.5,58,11,3,18,10,0
U02239,40,iOS,9,10.0,24,2,0,26,5,0
U02240,60,Web,11,6.5,22,5,1,39,5,1
U02241,28,iOS,26,10.8,74,16,1,15,10,0
U02242,49,Android,24,16.9,105,29,3,0,13,0
U02243,39,iOS,18,13.3,63,16,3,10,12,0
U02244,23,Web,21,11.8,56,17,3,25,8,0
U02245,52,iOS,4,0.5,7,1,1,39,1,1
U02246,57,Web,19,8.3,39,9,1,34,2,0
U02247,45,Web,22,15.0,57,11,1,18,8,0
U02248,26,Android,14,6.5,31,6,1,33,5,0
U02249,25,iOS,8,4.8,18,2,0,28,8,0
U02250,38,iOS,25,15.5,94,22,0,6,10,0
U02251,42,iOS,17,9.4,37,6,1,27,4,0
U02252,44,iOS,17,10.9,70,21,4,11,16,0
U02253,29,Web,20,17.1,74,21,4,9,11,0
U02254,42,iOS,30,15.2,104,25,2,23,15,0
U02255,32,iOS,9,0.7,16,2,0,38,1,1
U02256,50,Android,35,20.7,99,27,3,2,14,0
U02257,56,Android,6,4.7,12,1,0,43,0,1
U02258,49,Web,19,7.6,36,8,0,33,5,0
U02259,18,iOS,19,6.2,61,15,0,30,9,0
U02260,65,Android,25,9.6,62,7,2,30,5,0
U02261,19,Web,19,12.1,59,16,2,18,9,0
U02262,65,Web,8,6.9,15,2,0,40,3,1
U02263,19,iOS,21,14.5,73,17,6,9,13,0
U02264,42,Android,10,3.0,22,5,0,30,4,0
U02265,23,iOS,20,10.0,53,9,0,21,8,0
U02266,22,Android,5,2.9,8,1,0,43,3,0
U02267,50,Android,18,10.7,47,11,2,36,5,1
U02268,52,iOS,18,6.8,42,2,0,39,2,0
U02269,23,Web,10,7.0,20,4,0,31,6,0
U02270,64,Android,10,5.5,24,3,0,33,5,1
U02271,33,Web,19,6.2,40,5,1,35,9,0
U02272,33,Web,11,5.3,25,4,1,35,6,0
U02273,32,Android,7,3.1,12,1,0,46,2,1
U02274,40,Android,27,12.1,77,13,3,31,9,0
U02275,26,iOS,10,6.6,31,5,0,31,4,0
U02276,38,iOS,26,15.1,64,13,2,14,7,0
U02277,28,Android,19,10.9,43,5,0,25,6,0
U02278,20,iOS,18,14.3,51,12,0,15,9,0
U02279,35,iOS,15,6.4,23,3,0,47,8,0
U02280,50,iOS,27,10.4,95,20,3,11,15,0
U02281,54,iOS,13,4.1,35,5,0,33,3,0
U02282,34,Android,15,10.5,47,14,2,23,8,0
U02283,33,Android,28,11.9,72,18,2,15,11,0
U02284,55,Android,34,15.3,114,30,7,0,9,0
U02285,50,Web,8,4.3,23,4,0,41,1,0
U02286,57,Web,6,3.5,13,1,0,48,2,0
U02287,61,iOS,15,6.5,36,7,1,23,4,0
U02288,57,Android,11,5.4,25,9,2,41,6,0
U02289,62,iOS,35,14.0,110,35,5,3,16,0
U02290,37,Android,5,5.9,13,1,0,39,3,1
U02291,36,Android,22,13.3,57,12,1,31,8,0
U02292,33,Android,17,3.0,35,5,1,32,7,0
U02293,29,Web,20,5.6,51,10,2,22,7,0
U02294,53,Android,6,9.3,21,1,0,31,5,0
U02295,52,iOS,7,6.3,11,1,0,34,2,1
U02296,56,Web,13,6.3,30,3,0,34,6,0
U02297,26,iOS,5,2.8,18,3,1,44,2,1
U02298,41,Android,13,7.3,33,3,0,24,13,0
U02299,28,Web,15,5.6,31,5,1,29,2,1
U02300,60,iOS,29,2.8,64,14,1,21,9,0
U02301,30,iOS,16,4.6,42,6,0,26,9,0
U02302,24,iOS,21,7.8,58,16,3,20,6,0
U02303,45,Web,23,9.7,59,18,6,14,10,0
U02304,60,iOS,8,3.7,25,5,0,32,5,1
U02305,61,iOS,20,8.6,58,10,3,17,12,0
U02306,22,iOS,19,12.4,52,16,2,14,11,0
U02307,33,Android,11,6.1,27,2,0,40,6,0
U02308,25,iOS,13,1.2,35,3,0,30,3,0
U02309,32,Android,15,8.7,46,11,1,17,10,0
U02310,43,Android,48,15.0,185,61,5,0,15,0
U02311,31,Android,7,0.5,14,3,0,50,2,1
U02312,21,Android,8,6.1,16,1,0,41,1,1
U02313,42,Android,35,13.0,112,26,5,0,9,0
U02314,20,iOS,24,11.9,69,11,3,28,12,0
U02315,28,Android,13,2.2,21,4,1,36,6,0
U02316,18,Android,12,9.8,38,4,0,32,5,0
U02317,22,Web,26,9.2,69,15,1,14,14,0
U02318,38,Web,6,0.5,12,3,0,44,1,1
U02319,58,iOS,19,9.0,56,13,1,27,8,0
U02320,55,Android,7,9.6,17,3,0,37,3,1
U02321,22,Android,11,6.8,28,4,2,41,3,1
U02322,19,Android,10,5.2,27,3,1,32,6,0
U02323,34,Android,15,10.2,33,8,0,23,10,0
U02324,49,Web,12,4.9,27,4,0,33,3,0
U02325,53,iOS,27,17.7,87,16,1,7,9,0
U02326,57,Android,26,15.8,84,17,3,13,9,0
U02327,34,Web,25,12.4,75,20,1,11,9,0
U02328,26,Android,20,9.5,45,8,1,29,8,0
U02329,19,Android,15,8.8,51,15,1,28,7,0
U02330,25,Android,9,6.0,22,5,0,32,4,1
U02331,21,Android,34,17.2,117,29,5,10,11,0
U02332,59,Web,24,12.9,57,8,0,29,10,0
U02333,30,Android,23,9.5,73,12,0,16,9,0
U02334,57,iOS,13,2.1,40,6,0,27,7,0
U02335,44,Android,28,17.6,93,30,5,4,11,0
U02336,43,Web,13,3.8,28,4,1,42,10,0
U02337,39,iOS,29,16.6,104,24,5,17,11,0
U02338,57,iOS,27,7.6,84,27,6,19,13,0
U02339,20,Android,29,12.3,94,21,2,15,9,0
U02340,22,Web,3,3.0,7,0,0,50,5,1
U02341,38,iOS,11,3.4,24,3,0,42,1,0
U02342,36,Android,30,20.4,116,31,2,0,11,0
U02343,44,Web,38,13.7,125,33,9,5,13,0
U02344,53,Android,22,13.8,76,17,3,19,3,0
U02345,46,Android,11,12.1,25,6,1,31,2,0
U02346,30,iOS,20,9.6,54,9,1,14,10,0
U02347,33,Android,20,8.4,58,9,1,23,4,0
U02348,54,iOS,46,14.9,143,36,5,1,10,0
U02349,27,Android,10,4.5,19,5,0,39,4,1
U02350,42,Android,20,13.4,41,10,1,19,12,0
U02351,43,Android,9,10.6,17,3,0,39,7,0
U02352,54,Android,2,1.8,6,0,0,41,2,1
U02353,52,Web,7,1.4,13,1,0,44,1,1
U02354,40,iOS,9,5.8,18,3,1,30,4,1
U02355,32,iOS,22,14.1,62,22,2,10,16,0
U02356,35,Android,11,6.1,29,3,0,32,6,0
U02357,37,iOS,21,9.1,52,10,2,12,20,0
U02358,28,Android,16,8.1,50,9,0,23,9,0
U02359,48,Android,34,14.8,126,26,6,5,11,0
U02360,28,iOS,9,1.6,14,2,1,48,5,1
U02361,49,iOS,11,0.5,25,4,0,39,4,0
U02362,54,iOS,25,14.4,95,20,2,3,13,0
U02363,64,Web,21,4.5,48,9,1,25,7,0
U02364,23,Web,22,10.9,64,19,1,26,12,0
U02365,54,Android,23,6.2,57,6,0,25,5,0
U02366,22,Android,30,12.5,82,18,6,13,6,0
U02367,34,Android,25,10.0,79,19,2,21,12,0
U02368,26,iOS,23,15.9,79,16,1,19,14,0
U02369,25,Web,9,4.6,15,0,0,39,2,0
U02370,26,Web,5,2.0,15,1,0,50,6,0
U02371,20,Android,4,4.6,6,0,0,36,3,0
U02372,57,Web,21,12.2,67,16,1,30,10,0
U02373,20,iOS,23,12.4,88,25,4,12,8,0
U02374,37,Web,33,14.1,93,24,8,4,13,0
U02375,51,iOS,20,10.1,59,13,2,16,7,0
U02376,65,Android,15,12.1,42,10,2,14,15,0
U02377,58,Android,36,17.1,140,40,8,0,17,0
U02378,24,Web,40,14.6,149,40,4,8,9,0
U02379,65,Android,18,6.4,36,8,0,36,4,0
U02380,49,Android,13,8.4,28,3,0,29,5,0
U02381,26,Android,13,10.1,33,3,1,27,5,0
U02382,39,Android,9,3.0,15,1,0,42,1,0
U02383,62,Web,9,3.5,19,5,1,29,9,0
U02384,36,Android,22,9.1,35,7,4,34,4,0
U02385,26,Android,11,12.5,20,1,0,29,7,0
U02386,60,iOS,38,19.8,133,44,10,0,15,0
U02387,63,iOS,13,6.9,27,6,0,30,5,0
U02388,64,Android,31,18.8,118,38,5,1,12,0
U02389,63,Android,9,5.2,16,3,0,41,1,0
U02390,59,Android,11,5.5,32,8,0,49,3,1
U02391,39,Android,38,11.9,115,29,4,8,16,0
U02392,27,Android,21,13.4,69,10,1,15,14,0
U02393,47,Android,26,11.8,80,25,4,12,8,0
U02394,28,iOS,18,14.6,55,11,0,31,7,0
U02395,40,Web,13,7.2,37,8,2,35,7,0
U02396,49,Web,8,7.0,13,1,0,38,1,0
U02397,63,Android,16,10.8,36,6,2,29,8,0
U02398,31,Android,22,4.2,67,8,2,19,5,0
U02399,30,Web,3,0.5,5,1,1,47,1,1
U02400,53,iOS,25,13.0,82,21,3,20,10,0
U02401,18,iOS,40,20.1,137,31,8,8,12,0
U02402,45,Android,31,13.2,101,23,2,6,11,0
U02403,53,Android,19,4.2,45,8,1,27,6,0
U02404,44,iOS,5,7.2,4,0,0,41,5,1
U02405,36,iOS,35,20.5,115,30,6,0,11,0
U02406,57,Android,28,13.5,91,31,8,4,12,0
U02407,35,Web,12,4.3,24,0,0,34,1,0
U02408,52,iOS,26,14.5,72,13,1,17,8,0
U02409,40,iOS,28,10.4,80,15,5,8,11,0
U02410,19,Android,16,4.0,35,4,0,29,5,0
U02411,43,iOS,10,6.2,28,6,3,31,7,0
U02412,20,iOS,10,6.4,26,2,0,38,7,0
U02413,62,Android,16,7.6,39,2,0,30,3,0
U02414,46,iOS,18,7.7,50,12,0,23,11,0
U02415,35,iOS,11,7.4,24,5,0,33,6,1
U02416,41,Web,19,14.0,46,9,1,19,6,0
U02417,47,Android,11,10.5,31,8,1,29,4,0
U02418,30,Web,15,9.3,43,2,0,25,3,0
U02419,31,iOS,14,7.9,30,4,1,36,7,0
U02420,38,Android,21,7.2,78,15,1,18,12,0
U02421,30,Android,24,14.4,70,15,1,24,10,0
U02422,54,Android,33,18.1,116,36,4,3,15,0
U02423,22,Android,32,12.6,120,31,3,11,17,0
U02424,57,iOS,16,7.6,32,7,0,31,3,0
U02425,34,iOS,14,6.0,31,9,1,35,9,0
U02426,44,Android,15,10.8,41,8,1,23,15,0
U02427,25,Web,14,7.6,40,5,0,38,5,1
U02428,36,Android,15,10.0,41,12,1,24,12,0
U02429,54,iOS,12,10.2,34,7,1,33,6,0
U02430,30,Web,10,2.5,20,2,0,33,4,0
U02431,24,Web,7,3.7,19,2,0,37,2,0
U02432,43,iOS,16,9.5,50,6,0,22,8,0
U02433,25,iOS,25,8.9,72,12,1,17,11,0
U02434,33,Android,10,6.0,16,5,0,48,7,1
U02435,39,Android,25,11.2,80,21,1,14,11,0
U02436,45,Android,24,11.3,77,17,4,18,10,0
U02437,48,Android,26,11.5,84,21,6,11,9,0
U02438,50,Android,14,8.0,32,3,0,28,4,0
U02439,58,Android,31,11.6,99,29,3,14,8,0
U02440,21,Web,27,13.4,96,23,5,10,5,0
U02441,35,Web,15,5.9,35,7,0,30,10,0
U02442,18,Web,10,0.5,24,3,0,36,4,1
U02443,18,iOS,20,10.7,37,7,0,29,8,0
U02444,28,Android,25,12.9,76,20,8,10,10,0
U02445,46,Android,26,15.2,117,30,4,14,10,0
U02446,60,iOS,25,16.8,98,38,7,0,17,0
U02447,55,iOS,19,16.5,53,7,0,21,13,0
U02448,49,Android,30,8.2,109,27,3,5,11,0
U02449,55,iOS,39,13.2,131,26,5,6,14,0
U02450,26,iOS,19,14.7,70,14,2,11,9,0
U02451,58,Android,7,1.5,22,1,0,34,4,1
U02452,60,Android,19,9.0,51,9,1,20,7,0
U02453,22,Android,9,0.5,22,2,0,46,8,1
U02454,40,iOS,30,16.3,98,24,4,7,6,0
U02455,57,Web,18,8.0,47,10,1,37,1,0
U02456,40,iOS,19,10.5,43,9,0,22,6,0
U02457,58,iOS,20,15.4,76,19,3,8,12,0
U02458,62,Web,24,7.4,80,12,2,18,6,0
U02459,40,Android,13,7.8,24,0,0,34,4,0
U02460,20,iOS,18,9.0,49,6,1,29,4,0
U02461,34,iOS,7,0.9,16,1,0,45,1,1
U02462,28,iOS,37,19.0,130,40,4,0,12,0
U02463,40,Android,31,18.0,109,35,9,12,11,0
U02464,46,Web,36,11.6,129,30,4,1,16,0
U02465,40,Web,4,3.5,9,0,0,40,3,1
U02466,27,Android,26,9.3,94,17,2,23,12,0
U02467,32,Android,26,6.9,81,14,1,12,10,0
U02468,50,Android,23,11.3,77,17,2,19,6,0
U02469,19,iOS,15,8.3,37,11,1,25,11,0
U02470,28,iOS,21,17.0,63,15,3,17,8,0
U02471,60,Android,15,10.3,55,18,2,19,12,0
U02472,22,Web,18,13.0,59,11,1,11,10,0
U02473,37,Android,33,15.9,125,38,7,10,10,0
U02474,27,iOS,12,6.2,29,5,0,30,2,0
U02475,23,Android,10,6.1,17,3,0,36,3,0
U02476,38,iOS,22,11.0,75,13,2,17,12,0
U02477,43,iOS,9,0.5,14,1,0,41,1,0
U02478,26,Android,22,12.6,60,12,2,11,9,0
U02479,21,Android,16,8.5,55,11,1,16,8,0
U02480,24,Web,25,15.5,89,18,1,46,14,0
U02481,49,iOS,21,8.6,54,12,0,23,8,0
U02482,59,Web,17,5.9,48,4,0,30,4,0
U02483,26,iOS,12,9.7,37,4,2,26,5,1
U02484,33,iOS,10,8.1,21,1,0,22,4,0
U02485,34,Android,6,0.5,14,3,0,34,7,0
U02486,35,iOS,15,7.3,32,4,0,27,14,0
U02487,29,Android,21,16.2,62,18,1,25,9,0
U02488,20,Android,45,18.1,160,40,7,0,12,0
U02489,43,Android,7,1.9,15,2,0,41,5,1
U02490,35,Android,11,2.8,14,4,1,36,4,0
U02491,34,Web,30,17.1,124,32,7,11,11,0
U02492,30,Web,13,3.7,37,5,1,30,4,0
U02493,62,iOS,11,3.4,19,2,0,35,6,0
U02494,47,Android,22,11.6,59,19,3,16,10,0
U02495,38,Web,15,9.4,24,3,0,30,7,1
U02496,27,iOS,10,4.1,25,6,0,33,1,0
U02497,56,Android,20,6.0,51,8,1,22,10,0
U02498,60,iOS,15,7.6,42,5,1,30,3,0
U02499,19,iOS,14,16.2,27,1,0,35,6,0
U02500,62,Android,14,8.6,26,4,1,26,3,1
U02501,51,iOS,27,17.6,76,14,1,10,16,0
U02502,22,iOS,35,13.2,92,25,5,9,12,0
U02503,54,Android,24,7.9,69,17,2,19,9,0
U02504,23,Android,10,7.0,20,5,1,23,5,0
U02505,20,iOS,27,9.2,80,15,1,15,7,0
U02506,23,iOS,20,12.7,68,13,3,17,16,0
U02507,40,Web,14,3.0,32,7,0,33,4,0
U02508,47,Web,13,12.1,38,7,0,20,6,0
U02509,37,iOS,23,9.1,61,11,0,16,12,0
U02510,23,iOS,6,3.3,15,1,1,39,3,1
U02511,27,iOS,18,11.0,41,7,0,26,7,0
U02512,58,iOS,25,13.6,78,16,2,11,12,0
U02513,64,Android,19,7.2,59,9,0,24,9,0
U02514,54,iOS,16,9.9,35,8,1,27,5,0
U02515,22,iOS,37,14.1,126,29,3,1,19,0
U02516,57,iOS,3,3.8,14,1,0,44,0,0
U02517,51,Web,9,7.8,28,7,1,27,10,0
U02518,43,iOS,24,14.4,78,20,3,9,13,0
U02519,24,Android,21,12.0,79,18,1,13,11,0
U02520,65,Android,6,4.0,13,3,0,43,6,1
U02521,39,Android,22,12.1,53,12,1,20,6,0
U02522,20,Android,11,8.7,27,5,0,39,4,0
U02523,28,iOS,19,10.6,57,9,1,21,7,0
U02524,37,Android,18,5.5,42,5,0,36,13,0
U02525,20,Android,16,15.6,44,5,0,21,7,0
U02526,33,Android,24,14.2,84,16,1,16,7,0
U02527,40,iOS,16,5.3,35,7,1,32,7,0
U02528,63,iOS,20,11.4,57,8,1,21,10,0
U02529,22,Android,9,5.7,15,1,0,41,1,1
U02530,45,Android,5,3.9,8,0,0,41,3,1
U02531,61,Android,20,7.1,44,10,2,28,10,0
U02532,56,Android,19,7.9,40,8,0,28,5,0
U02533,62,Android,27,18.8,88,28,2,0,8,0
U02534,26,Android,20,9.0,57,15,2,15,7,0
U02535,56,Android,27,11.5,81,17,2,15,13,0
U02536,64,Web,8,1.9,13,1,0,38,4,0
U02537,33,iOS,15,10.8,45,4,0,30,9,0
U02538,41,Web,16,11.5,45,9,0,24,6,0
U02539,43,Android,14,6.2,31,5,1,30,4,0
U02540,41,Android,19,5.7,41,4,0,31,5,0
U02541,31,Web,8,10.1,19,1,1,43,7,1
U02542,64,Android,18,11.4,48,8,0,12,9,0
U02543,63,iOS,13,0.5,31,5,0,34,4,1
U02544,36,Web,27,16.8,78,21,2,11,7,0
U02545,56,iOS,21,12.9,58,13,1,29,5,0
U02546,37,Android,18,9.1,38,2,0,33,5,0
U02547,56,iOS,15,7.3,42,6,2,30,7,0
U02548,46,Android,21,10.5,60,10,1,33,7,0
U02549,40,Android,11,0.5,30,9,0,37,4,0
U02550,24,Android,24,9.6,58,8,0,16,8,0
U02551,49,Web,25,8.6,72,13,1,22,6,0
U02552,33,iOS,5,2.4,20,1,0,46,5,1
U02553,28,Android,21,12.3,55,9,1,18,7,0
U02554,27,Android,10,7.5,19,3,0,42,1,1
U02555,65,iOS,5,2.1,14,1,0,42,1,1
U02556,22,Web,13,5.9,28,4,0,31,3,0
U02557,56,Android,17,16.5,53,6,0,14,12,0
U02558,59,Android,17,7.5,35,5,1,25,8,0
U02559,19,Web,17,9.7,47,6,0,22,5,0
U02560,46,Web,17,11.3,36,7,2,20,6,0
U02561,45,Web,26,10.2,74,16,0,12,11,0
U02562,35,Android,14,5.6,37,3,1,29,6,0
U02563,50,Android,18,5.8,41,4,0,31,5,0
U02564,37,Android,13,8.6,41,8,2,37,4,0
U02565,39,Android,9,5.3,20,2,0,36,6,1
U02566,38,Web,12,6.9,30,3,1,29,6,1
U02567,56,Android,26,16.2,81,19,2,13,13,0
U02568,48,iOS,29,14.5,113,33,9,2,15,0
U02569,36,Web,7,4.4,11,1,0,31,3,1
U02570,62,Web,11,10.4,24,4,0,50,3,1
U02571,56,iOS,18,8.2,46,7,0,25,7,0
U02572,62,Web,15,9.3,45,8,1,23,1,1
U02573,53,Android,23,9.7,69,17,1,20,6,0
U02574,36,Android,21,6.4,58,12,1,19,8,0
U02575,55,Android,17,8.2,62,17,5,26,8,0
U02576,33,Web,11,5.2,34,5,0,29,9,1
U02577,31,Web,28,16.7,92,17,2,15,13,0
U02578,39,Android,44,17.8,179,51,6,2,15,0
U02579,64,Android,15,9.5,35,6,1,29,11,0
U02580,45,Android,24,7.1,55,12,1,24,7,0
U02581,36,Android,12,2.1,28,6,1,33,4,1
U02582,40,Web,31,8.6,84,25,2,5,10,0
U02583,31,Android,22,15.7,68,15,3,9,14,0
U02584,49,iOS,12,3.6,17,1,0,34,5,0
U02585,34,iOS,32,10.3,105,30,3,10,11,0
U02586,44,Android,29,15.9,97,26,5,21,12,0
U02587,35,Android,30,17.8,114,29,8,8,15,0
U02588,33,Web,10,4.2,23,5,0,37,1,0
U02589,64,iOS,30,10.3,99,29,1,11,16,0
U02590,34,Android,18,6.4,35,6,1,28,8,0
U02591,21,Android,4,10.3,11,1,0,44,2,1
U02592,36,Web,20,8.5,48,7,0,38,6,0
U02593,43,Web,5,1.7,8,1,0,52,1,1
U02594,22,Web,14,8.6,40,5,0,43,6,0
U02595,32,iOS,30,22.4,91,25,5,16,10,0
U02596,25,Web,16,13.8,34,4,0,29,7,0
U02597,42,Android,31,12.6,109,37,6,9,14,0
U02598,52,iOS,29,18.7,105,30,2,4,14,0
U02599,64,Android,5,3.8,7,0,0,42,2,0
U02600,36,iOS,10,9.5,19,0,0,37,7,1
U02601,59,Web,11,2.2,19,3,0,35,6,0
U02602,28,Web,24,16.1,62,22,3,9,13,0
U02603,55,iOS,20,14.3,54,14,4,16,11,0
U02604,45,iOS,18,12.1,57,11,1,30,6,1
U02605,54,Web,22,6.6,56,11,1,26,8,0
U02606,54,Web,5,2.4,9,1,0,58,0,1
U02607,43,iOS,17,8.9,54,5,1,19,10,0
U02608,30,Android,21,8.6,40,5,0,25,5,0
U02609,43,Android,7,3.0,13,2,0,43,2,1
U02610,57,Web,7,8.1,16,4,0,34,4,1
U02611,64,iOS,19,6.8,33,4,0,40,6,0
U02612,62,iOS,26,14.1,71,20,0,11,9,0
U02613,26,iOS,16,11.5,40,8,1,31,9,0
U02614,46,Android,20,7.5,45,7,0,25,10,0
U02615,23,Android,28,15.6,93,18,3,19,5,0
U02616,50,Web,11,5.9,19,1,0,42,2,1
U02617,65,Android,18,0.5,25,4,0,37,6,0
U02618,20,iOS,9,5.9,17,1,1,46,5,1
U02619,49,iOS,28,13.9,107,29,3,10,14,0
U02620,63,Web,27,14.5,87,21,0,7,9,0
U02621,58,Android,16,8.3,40,8,1,18,11,0
U02622,36,iOS,20,6.8,53,8,1,28,10,0
U02623,22,Android,28,13.7,80,14,1,13,9,0
U02624,62,Android,3,3.0,2,0,0,41,1,1
U02625,62,Android,22,4.4,51,10,0,33,8,0
U02626,45,Android,33,13.8,109,32,3,2,6,0
U02627,64,Web,15,6.5,39,10,1,36,9,0
U02628,18,Web,19,8.9,50,9,0,24,6,0
U02629,47,Android,32,22.3,109,33,7,0,24,0
U02630,19,Web,4,5.5,6,0,0,41,1,1
U02631,62,iOS,27,18.4,90,24,4,5,18,0
U02632,50,iOS,12,9.0,22,2,0,28,6,0
U02633,61,Web,9,4.1,18,0,0,37,5,1
U02634,45,iOS,6,9.3,13,2,0,37,1,1
U02635,21,Android,33,10.2,83,22,2,15,6,0
U02636,19,Android,8,4.3,18,2,0,41,0,1
U02637,34,iOS,12,3.8,26,3,0,46,5,1
U02638,53,Web,10,1.1,22,3,0,45,2,1
U02639,25,iOS,26,13.8,77,22,3,10,9,0
U02640,58,Android,18,9.7,41,8,0,26,4,0
U02641,29,Android,4,4.9,10,1,0,38,4,1
U02642,41,Web,24,11.5,61,17,0,11,11,0
U02643,27,Android,5,1.2,13,1,0,40,3,0
U02644,40,iOS,27,19.3,103,33,6,4,12,0
U02645,39,iOS,17,11.0,44,10,1,35,8,0
U02646,18,Android,20,11.3,43,7,1,27,4,0
U02647,45,Android,11,4.8,15,2,0,32,2,0
U02648,55,Android,21,11.3,60,14,2,20,6,0
U02649,62,Android,14,1.3,27,2,0,35,4,1
U02650,33,iOS,35,12.8,119,35,7,10,7,0
U02651,60,Web,19,14.9,51,12,3,22,10,0
U02652,60,Android,28,17.2,91,28,6,5,10,0
U02653,65,iOS,9,6.1,18,0,0,45,6,1
U02654,35,Android,6,0.5,15,2,0,37,1,0
U02655,58,Android,4,5.9,8,1,0,37,5,0
U02656,45,iOS,36,17.1,128,39,11,0,17,0
U02657,20,iOS,21,13.0,64,20,2,17,19,0
U02658,30,iOS,35,6.7,101,21,1,13,7,0
U02659,50,Android,12,9.9,21,4,2,42,5,0
U02660,25,iOS,25,13.3,77,14,4,7,14,0
U02661,38,Android,12,3.0,25,5,1,42,5,1
U02662,55,Web,9,7.9,22,2,0,29,4,0
U02663,25,iOS,23,16.0,53,9,2,25,6,0
U02664,41,Web,29,14.0,89,18,4,13,16,0
U02665,28,Android,23,10.9,72,17,4,27,9,0
U02666,43,iOS,30,13.9,112,22,5,6,10,0
U02667,29,iOS,7,9.1,16,0,0,34,9,1
U02668,64,Android,15,8.1,33,3,2,29,3,0
U02669,21,iOS,43,9.9,150,38,8,5,5,0
U02670,64,iOS,21,11.3,53,14,1,25,9,0
U02671,56,Web,18,12.9,49,15,4,15,5,0
U02672,59,Android,13,8.3,27,6,1,24,12,0
U02673,58,Web,22,12.2,58,11,2,23,10,0
U02674,27,Android,9,2.1,21,3,0,41,0,1
U02675,62,iOS,35,12.4,113,22,6,7,11,0
U02676,46,iOS,22,10.6,62,12,1,17,11,0
U02677,64,Android,8,5.2,14,1,0,42,4,1
U02678,60,Web,13,5.8,40,5,1,28,5,0
U02679,45,Web,8,2.2,16,1,0,44,4,0
U02680,35,Web,24,14.9,85,23,2,3,10,0
U02681,23,Web,11,4.5,29,5,1,39,2,1
U02682,22,iOS,9,7.9,20,3,1,44,4,1
U02683,36,iOS,27,9.5,95,28,5,5,9,0
U02684,56,Web,19,13.6,67,15,5,30,16,0
U02685,42,Android,17,2.9,36,5,0,28,7,0
U02686,41,Web,13,7.3,34,6,0,30,10,0
U02687,29,iOS,23,8.8,73,19,6,16,8,0
U02688,45,iOS,17,8.0,52,12,3,14,12,0
U02689,48,Android,13,11.2,31,5,0,26,6,0
U02690,65,Android,23,12.3,62,10,0,21,9,0
U02691,53,Android,32,13.0,100,25,1,11,16,0
U02692,47,Android,10,4.0,18,1,0,43,4,0
U02693,61,Android,17,2.8,20,1,0,57,2,1
U02694,38,Android,13,5.4,44,9,1,30,4,0
U02695,62,Android,9,3.5,19,6,0,38,2,0
U02696,35,iOS,30,16.1,102,32,8,3,11,0
U02697,24,Android,5,3.9,14,0,0,36,6,0
U02698,38,Web,30,14.9,86,15,1,14,9,0
U02699,24,Android,7,5.3,10,2,0,40,3,1
U02700,23,iOS,14,7.5,34,3,0,29,8,0
U02701,60,Android,21,9.4,53,18,3,13,11,0
U02702,56,iOS,28,15.9,110,27,5,7,11,0
U02703,28,iOS,7,0.5,16,4,0,37,2,0
U02704,58,iOS,26,10.2,81,20,1,26,8,0
U02705,21,Android,9,0.5,16,1,0,45,1,1
U02706,31,iOS,13,4.2,24,5,1,39,2,0
U02707,51,Android,26,12.2,77,16,2,17,17,0
U02708,32,iOS,34,16.0,138,48,5,0,17,0
U02709,53,Android,22,14.3,74,13,5,10,11,0
U02710,59,iOS,27,15.2,93,25,2,8,4,0
U02711,21,Android,20,13.5,54,13,0,18,7,0
U02712,19,iOS,12,5.7,28,2,0,26,4,0
U02713,63,Android,27,13.3,102,32,9,6,16,0
U02714,42,Android,25,10.2,76,13,1,27,10,0
U02715,42,Android,12,7.2,33,7,1,32,4,0
U02716,40,Android,11,4.1,26,4,0,40,3,0
U02717,38,iOS,15,11.6,31,4,0,31,2,0
U02718,51,Web,15,9.4,34,5,1,31,6,0
U02719,45,iOS,13,11.6,30,5,2,29,10,0
U02720,25,Android,14,14.3,55,13,1,16,5,0
U02721,48,Android,8,4.7,17,3,0,36,2,0
U02722,50,Web,16,1.9,41,11,0,23,7,0
U02723,23,Android,4,2.7,7,2,0,50,1,0
U02724,36,Android,12,5.5,32,4,1,36,9,0
U02725,55,Web,26,13.5,108,30,0,7,10,0
U02726,47,Android,11,8.2,29,4,1,38,8,0
U02727,24,Android,28,8.4,78,24,2,14,11,0
U02728,19,Android,6,6.4,12,3,1,41,5,1
U02729,45,iOS,16,8.4,41,6,1,30,8,0
U02730,40,Android,14,9.7,37,3,1,33,7,0
U02731,64,iOS,29,16.2,75,18,3,18,8,0
U02732,43,Android,20,6.1,60,5,1,17,13,0
U02733,62,Android,22,10.8,63,16,4,18,7,0
U02734,28,Android,10,1.1,20,2,0,35,0,1
U02735,39,Web,12,8.1,30,4,0,30,11,0
U02736,24,Android,12,6.2,25,3,1,30,8,1
U02737,45,iOS,14,6.9,38,9,2,22,5,0
U02738,27,Android,39,13.1,125,32,2,4,9,0
U02739,41,Android,13,4.3,27,4,0,34,3,0
U02740,34,Android,8,4.5,21,1,0,38,2,0
U02741,26,iOS,23,11.4,58,17,1,22,9,0
U02742,22,iOS,27,18.5,89,21,2,15,10,0
U02743,42,Web,17,7.7,46,10,0,20,7,0
U02744,63,Web,23,11.6,74,21,2,13,5,0
U02745,27,iOS,26,15.4,103,31,6,1,19,0
U02746,37,iOS,22,4.2,53,9,0,28,5,1
U02747,28,iOS,9,0.5,18,1,0,33,3,1
U02748,56,iOS,32,11.9,114,26,10,9,13,0
U02749,37,Android,16,6.2,40,5,0,25,4,0
U02750,64,Web,11,6.1,27,3,1,30,4,0
U02751,29,Web,28,5.9,82,6,1,17,7,0
U02752,21,Android,24,9.7,75,17,3,17,6,0
U02753,45,Web,22,16.0,94,30,9,6,8,0
U02754,49,Web,21,7.3,48,9,1,22,13,0
U02755,65,Android,9,5.9,16,1,1,39,3,0
U02756,59,Web,25,11.2,77,20,2,3,11,0
U02757,60,Android,24,14.3,79,18,6,10,10,0
U02758,48,Android,20,9.0,54,10,0,23,7,0
U02759,35,Android,25,12.1,81,19,5,18,11,0
U02760,38,iOS,14,8.8,29,7,1,27,7,0
U02761,24,Android,21,12.9,70,18,5,18,8,0
U02762,38,Web,6,0.5,16,0,0,48,5,1
U02763,35,Android,17,7.6,49,7,0,26,12,0
U02764,19,Android,12,7.8,23,2,0,28,11,0
U02765,27,iOS,25,12.4,74,15,6,22,12,0
U02766,43,Android,15,7.7,38,7,1,39,8,0
U02767,35,iOS,7,1.4,19,2,0,38,2,1
U02768,65,Android,14,12.0,47,7,1,19,11,0
U02769,40,Web,5,3.6,7,0,0,60,0,1
U02770,64,iOS,36,9.7,115,20,5,7,17,0
U02771,49,Android,22,8.1,57,10,2,27,8,0
U02772,19,Android,10,4.7,25,6,1,34,6,0
U02773,27,Android,8,1.6,18,1,0,41,3,1
U02774,51,Web,27,10.3,65,13,1,17,5,0
U02775,44,iOS,25,16.7,64,21,5,13,9,0
U02776,32,Android,4,2.9,13,2,1,34,4,0
U02777,43,Android,22,9.0,53,3,1,21,7,0
U02778,61,Web,7,4.2,18,4,0,34,4,1
U02779,36,Android,44,20.3,172,59,14,0,14,0
U02780,20,iOS,27,10.6,61,9,1,20,6,0
U02781,32,iOS,25,7.8,64,11,0,31,12,0
U02782,62,Android,30,19.0,93,20,3,3,16,0
U02783,54,iOS,13,8.2,24,3,0,30,5,1
U02784,58,Android,16,9.5,47,15,2,21,10,0
U02785,61,Android,13,11.8,46,8,1,24,7,1
U02786,23,Web,15,5.5,34,8,2,33,11,0
U02787,31,iOS,14,12.1,35,7,1,33,9,0
U02788,20,Web,32,16.4,104,27,6,3,10,0
U02789,18,iOS,31,15.8,96,28,7,10,15,0
U02790,58,Android,17,6.5,49,13,0,24,8,0
U02791,62,iOS,11,1.2,18,1,0,37,5,1
U02792,25,iOS,24,13.9,76,14,3,11,11,0
U02793,52,Android,21,7.8,54,8,1,30,6,0
U02794,43,Android,18,8.3,56,14,0,34,9,0
U02795,21,iOS,34,13.1,108,25,0,14,13,0
U02796,61,iOS,29,11.9,86,18,3,18,11,0
U02797,59,Android,26,9.8,66,8,1,19,4,0
U02798,45,Web,6,7.5,18,2,0,44,5,1
U02799,51,Android,34,14.6,102,24,6,5,14,0
U02800,37,Android,16,15.1,66,15,3,17,4,0
U02801,56,Android,10,6.8,18,3,0,35,4,0
U02802,39,Web,18,6.6,57,16,3,32,3,0
U02803,65,Android,16,11.1,52,13,4,20,5,0
U02804,21,iOS,32,13.9,112,30,8,18,16,0
U02805,26,Android,19,6.8,41,5,1,21,7,0
U02806,64,iOS,11,5.8,18,1,0,40,6,0
U02807,31,iOS,13,8.4,38,5,2,26,2,0
U02808,32,Android,15,10.4,39,7,0,23,5,0
U02809,55,Web,19,3.4,48,7,0,27,2,0
U02810,27,Android,18,5.7,43,10,0,15,10,0
U02811,42,Android,18,6.1,34,7,1,28,5,0
U02812,31,iOS,16,9.0,48,11,0,20,6,0
U02813,27,iOS,20,11.7,59,16,4,19,13,0
U02814,64,Android,10,0.5,18,1,0,35,1,1
U02815,27,iOS,14,7.5,33,9,1,29,2,0
U02816,22,Android,11,8.9,34,4,1,33,5,0
U02817,50,iOS,11,7.1,20,3,0,42,2,0
U02818,59,iOS,25,13.9,79,17,0,15,11,0
U02819,24,Web,26,10.0,101,28,3,15,10,0
U02820,51,iOS,10,3.8,22,2,0,36,1,1
U02821,43,iOS,28,14.6,91,25,6,7,13,0
U02822,57,iOS,28,12.5,93,23,4,9,11,0
U02823,24,Android,18,7.3,44,6,1,19,8,0
U02824,64,Android,6,6.0,8,2,0,37,6,1
U02825,47,Web,16,8.6,39,5,2,27,8,0
U02826,58,Android,20,10.8,48,15,0,22,12,0
U02827,35,iOS,10,5.8,17,1,0,44,2,0
U02828,63,Android,28,12.3,83,19,1,16,9,0
U02829,48,Web,12,2.2,23,0,0,42,2,1
U02830,24,Android,13,5.4,23,3,0,37,5,1
U02831,62,Web,2,2.6,5,0,0,51,0,1
U02832,56,iOS,26,12.6,93,31,6,4,10,0
U02833,32,Android,13,9.1,34,2,0,34,8,0
U02834,44,iOS,13,7.4,24,3,0,38,3,0
U02835,36,iOS,13,6.8,26,2,0,36,4,0
U02836,44,Android,29,15.9,101,25,6,21,15,0
U02837,64,Android,15,7.9,49,4,0,27,5,0
U02838,61,iOS,13,6.2,22,5,0,28,10,0
U02839,28,iOS,30,14.4,73,18,4,23,13,0
U02840,64,Android,14,8.5,34,6,1,25,7,0
U02841,39,Web,13,8.1,42,7,1,31,4,0
U02842,51,Android,22,15.7,84,17,1,13,11,0
U02843,54,Android,29,11.5,98,31,2,2,11,0
U02844,41,iOS,33,15.5,109,28,5,4,8,0
U02845,39,Android,25,8.8,85,23,2,16,6,0
U02846,39,Android,24,14.3,89,27,5,8,10,0
U02847,59,iOS,29,10.1,75,17,4,12,10,0
U02848,36,Android,24,13.2,65,14,0,23,13,0
U02849,31,Android,9,6.3,15,1,0,47,6,0
U02850,35,iOS,7,5.4,27,4,0,41,8,1
U02851,27,iOS,34,10.9,111,30,4,1,21,0
U02852,36,Web,7,0.5,8,1,0,49,0,1
U02853,23,iOS,16,8.1,46,6,2,21,12,0
U02854,22,iOS,17,9.4,40,6,1,33,4,0
U02855,52,Android,18,8.1,42,6,0,23,4,0
U02856,21,iOS,17,7.1,43,6,2,24,7,1
U02857,45,Android,24,5.4,76,16,3,17,8,0
U02858,55,Android,30,18.2,107,30,6,0,8,0
U02859,52,Web,29,12.9,113,33,5,3,12,0
U02860,39,iOS,24,7.2,63,10,4,20,8,0
U02861,27,iOS,17,9.3,34,6,0,24,5,0
U02862,62,Android,15,7.8,34,2,1,34,4,0
U02863,58,Android,17,8.3,33,3,1,23,4,0
U02864,47,iOS,22,9.4,55,13,2,23,4,0
U02865,22,iOS,15,10.4,38,10,1,29,8,0
U02866,19,iOS,41,6.2,135,21,2,8,8,0
U02867,33,Android,20,11.2,73,14,0,21,6,0
U02868,25,Android,8,0.5,23,2,0,35,2,0
U02869,59,iOS,31,13.2,103,21,5,4,11,0
U02870,27,iOS,12,6.7,23,3,0,35,6,1
U02871,31,Android,19,7.3,46,11,2,21,9,0
U02872,64,Android,23,11.7,61,13,0,19,6,0
U02873,57,Android,25,4.5,77,18,4,15,8,0
U02874,28,Android,12,4.3,31,5,1,32,6,0
U02875,36,iOS,21,8.0,60,12,2,18,6,0
U02876,42,Android,10,1.3,21,3,0,42,3,0
U02877,49,iOS,27,9.1,69,11,2,22,3,0
U02878,62,iOS,30,18.4,84,22,1,13,17,0
U02879,59,Web,13,8.8,27,2,0,29,8,0
U02880,64,Web,16,10.3,44,5,2,24,8,0
U02881,19,Android,5,3.8,9,0,0,41,5,1
U02882,29,Android,25,6.8,67,16,4,17,9,0
U02883,45,Android,14,12.0,34,4,0,24,5,0
U02884,20,iOS,18,13.0,53,10,2,19,9,0
U02885,35,Android,19,12.7,60,17,4,15,12,0
U02886,25,Android,19,12.3,52,8,0,20,12,0
U02887,62,Android,36,18.3,131,36,6,0,16,0
U02888,21,Android,29,15.1,98,21,1,12,25,0
U02889,25,iOS,20,10.0,60,13,1,16,5,0
U02890,27,iOS,29,13.3,86,19,6,3,10,0
U02891,25,iOS,20,6.1,56,8,1,22,7,0
U02892,45,Web,18,0.5,57,17,2,24,13,1
U02893,35,Android,15,8.3,40,8,1,23,4,1
U02894,61,Android,24,9.8,71,11,1,23,6,0
U02895,30,Android,20,16.8,77,24,6,9,7,0
U02896,43,iOS,15,6.6,39,8,2,29,6,0
U02897,49,iOS,17,10.6,51,8,3,17,7,0
U02898,48,Android,25,10.7,87,20,1,40,9,0
U02899,56,Web,23,13.1,86,20,1,11,11,0
U02900,27,Android,11,3.6,19,3,1,40,10,0
U02901,42,Android,17,5.1,38,4,2,28,6,0
U02902,56,iOS,15,4.0,33,4,0,29,1,0
U02903,59,Web,25,15.3,84,26,3,13,13,0
U02904,47,iOS,15,4.0,40,7,0,26,7,0
U02905,49,Web,13,6.9,29,4,0,31,6,1
U02906,59,Android,21,12.9,60,10,0,16,4,0
U02907,47,iOS,15,2.7,44,3,0,33,5,0
U02908,63,Web,29,13.3,108,42,9,33,10,0
U02909,24,iOS,15,6.9,33,6,2,28,6,0
U02910,34,Android,37,17.7,129,31,2,5,14,0
U02911,23,Web,15,10.0,30,4,1,30,2,1
U02912,22,Android,29,16.6,89,25,4,17,8,0
U02913,40,Android,19,9.1,39,4,0,25,11,0
U02914,28,Web,15,10.2,35,5,0,25,5,0
U02915,37,Web,33,13.5,85,24,4,18,10,0
U02916,39,Web,14,16.0,36,7,0,24,6,0
U02917,47,Web,10,6.9,24,6,0,29,1,0
U02918,63,Android,25,5.8,73,14,3,14,6,0
U02919,58,Web,13,4.5,26,1,0,36,1,0
U02920,36,Android,24,13.9,79,21,1,12,14,0
U02921,33,iOS,19,11.1,52,11,1,19,12,0
U02922,54,Android,17,9.3,30,5,1,31,3,0
U02923,23,Web,11,6.2,29,4,0,26,6,1
U02924,43,iOS,11,9.5,32,8,0,39,5,1
U02925,38,Web,15,3.0,31,3,0,28,7,0
U02926,26,Android,18,9.7,38,4,1,22,8,1
U02927,47,Android,4,0.6,7,2,0,49,2,1
U02928,33,Android,19,6.8,50,14,0,19,8,0
U02929,26,Android,11,6.2,25,3,0,33,3,0
U02930,49,iOS,12,4.6,34,2,1,27,1,0
U02931,26,Android,21,13.7,61,12,2,16,4,0
U02932,50,iOS,10,6.2,28,1,0,37,2,1
U02933,25,Android,11,7.5,16,3,0,40,5,1
U02934,38,Android,38,14.9,124,22,4,5,11,0
U02935,56,iOS,12,6.1,19,3,0,39,2,1
U02936,28,Android,18,8.0,53,9,0,31,7,0
U02937,54,Android,12,10.0,20,4,0,31,6,0
U02938,52,Android,25,16.3,62,13,3,21,13,0
U02939,61,Android,17,3.4,32,5,1,31,6,0
U02940,26,iOS,7,11.4,16,3,1,34,9,0
U02941,52,Android,12,5.1,31,2,0,29,2,0
U02942,62,Android,23,12.8,60,15,1,11,15,0
U02943,54,iOS,21,13.1,57,5,0,41,7,0
U02944,27,iOS,11,4.7,33,14,1,29,3,0
U02945,57,iOS,28,17.4,106,27,5,3,19,0
U02946,23,Android,7,4.8,11,1,1,40,2,1
U02947,46,Web,2,2.2,3,0,0,44,4,1
U02948,41,Android,23,9.6,61,14,2,17,10,0
U02949,43,Android,12,6.0,24,1,0,32,10,0
U02950,42,Web,19,9.8,41,9,2,25,12,0
U02951,19,iOS,31,18.0,125,43,6,0,15,0
U02952,42,iOS,21,13.5,57,8,1,28,8,0
U02953,62,Web,19,15.5,51,16,2,12,17,0
U02954,38,Android,16,6.8,43,6,0,21,4,1
U02955,31,Web,11,4.4,26,5,2,26,9,0
U02956,65,iOS,12,9.5,38,11,1,33,5,0
U02957,22,Android,17,6.0,38,7,1,27,6,0
U02958,41,Android,29,16.4,100,30,3,0,17,0
U02959,42,Android,32,12.1,102,23,3,5,12,0
U02960,40,Web,26,17.4,78,12,2,11,15,0
U02961,62,Android,25,15.2,71,18,2,11,7,0
U02962,38,Android,10,4.1,20,1,1,31,3,0
U02963,64,iOS,11,5.0,28,5,1,27,5,0
U02964,21,iOS,20,9.0,48,4,2,17,11,0
U02965,53,Android,26,7.7,81,19,2,15,14,0
U02966,46,Web,10,5.5,17,0,0,37,4,1
U02967,29,iOS,31,12.9,85,21,3,13,10,0
U02968,28,Web,23,9.3,59,12,1,17,10,0
U02969,52,Android,13,4.6,24,7,0,33,3,0
U02970,48,Android,28,11.9,102,25,3,4,7,0
U02971,47,iOS,24,8.9,63,11,2,20,8,0
U02972,20,Android,26,15.9,65,9,0,11,7,0
U02973,46,iOS,20,12.1,55,13,1,8,6,0
U02974,65,Android,12,4.1,36,5,1,39,2,0
U02975,18,iOS,27,12.9,106,29,2,13,14,0
U02976,40,Web,19,8.3,61,12,0,18,10,0
U02977,41,Web,20,10.4,57,12,1,25,9,0
U02978,61,Web,36,13.3,131,30,5,0,16,0
U02979,31,Web,37,14.5,117,29,4,4,12,0
U02980,40,Android,35,15.7,156,51,7,0,10,0
U02981,52,Android,12,10.8,39,8,1,31,6,1
U02982,20,Web,34,8.9,94,19,4,13,12,0
U02983,56,Web,36,10.4,96,20,6,15,17,0
U02984,57,Web,12,7.3,25,7,0,38,11,0
U02985,52,iOS,12,9.0,31,3,0,28,10,1
U02986,49,Android,35,20.8,133,36,8,0,15,0
U02987,53,Web,9,5.4,36,3,2,32,4,1
U02988,55,Web,10,7.4,28,3,0,30,4,1
U02989,61,iOS,15,6.7,39,7,0,31,8,0
U02990,38,Web,9,9.6,19,0,0,36,9,0
U02991,39,iOS,11,9.9,29,4,0,30,6,0
U02992,48,Web,8,6.7,12,0,0,40,2,1
U02993,27,Android,20,12.7,51,9,1,18,6,0
U02994,59,Web,9,6.3,21,2,0,33,6,1
U02995,54,Android,16,7.3,40,6,0,30,7,1
U02996,48,Android,29,8.0,84,20,1,19,9,0
U02997,32,Android,19,8.4,46,10,0,23,7,0
U02998,34,iOS,9,6.9,15,4,0,38,6,0
U02999,38,Android,36,18.3,122,32,5,17,20,0
U03000,49,Web,23,10.3,52,8,1,28,8,0
U03001,55,iOS,24,12.1,79,25,2,13,16,0
U03002,50,Web,20,13.2,38,6,0,24,8,0
U03003,62,Android,18,12.1,52,15,1,17,11,0
U03004,64,Android,23,12.5,54,13,0,15,17,0
U03005,51,iOS,11,13.4,19,5,0,32,7,0
U03006,35,iOS,23,11.1,65,13,2,17,20,0
U03007,46,iOS,9,6.0,30,2,0,47,8,1
U03008,38,Web,32,9.0,97,22,2,13,13,0
U03009,48,Web,20,11.2,58,13,1,20,10,0
U03010,56,iOS,30,13.4,87,20,3,11,11,0
U03011,35,Web,25,10.9,64,13,3,12,14,0
U03012,42,iOS,18,11.9,48,12,2,18,8,0
U03013,20,iOS,32,19.5,109,35,9,0,15,0
U03014,53,Android,22,12.3,61,12,3,12,9,0
U03015,41,Android,47,12.1,152,49,9,0,20,0
U03016,40,Android,9,15.8,28,3,0,24,11,0
U03017,43,iOS,10,2.7,24,3,0,32,1,1
U03018,28,iOS,31,12.2,101,23,1,5,8,0
U03019,46,Android,4,0.6,13,1,0,37,0,0
U03020,53,iOS,24,10.2,74,12,1,21,16,0
U03021,34,Android,28,15.5,94,30,5,2,9,0
U03022,24,Android,12,6.6,27,4,0,35,1,0
U03023,36,Web,29,10.2,82,16,4,16,8,0
U03024,27,Android,10,6.3,27,3,0,39,2,0
U03025,35,Android,35,17.4,129,50,7,0,9,0
U03026,48,iOS,25,7.4,57,9,0,18,9,0
U03027,23,Android,8,0.5,17,1,0,44,1,1
U03028,53,iOS,25,10.4,80,22,3,10,6,0
U03029,28,Web,9,7.3,27,3,0,37,3,0
U03030,60,iOS,6,0.5,8,0,0,53,2,1
U03031,53,iOS,24,6.3,56,9,2,22,8,0
U03032,31,Android,38,14.8,132,28,5,2,16,0
U03033,45,iOS,9,6.9,22,1,0,33,9,0
U03034,23,Android,20,11.4,65,16,2,7,15,0
U03035,22,Android,31,16.6,104,27,6,4,7,0
U03036,63,Web,33,14.0,117,30,2,17,14,0
U03037,56,Android,28,11.1,73,21,4,9,5,0
U03038,25,iOS,34,10.5,124,37,7,21,14,0
U03039,31,Android,22,15.7,62,17,2,10,8,0
U03040,27,Web,11,8.2,17,2,0,38,3,0
U03041,36,Android,41,16.3,125,32,10,1,16,0
U03042,31,Android,24,9.6,73,21,5,11,5,0
U03043,33,Web,23,21.3,103,29,4,5,9,0
U03044,43,iOS,21,6.0,48,9,1,28,11,0
U03045,27,Web,21,8.4,58,8,0,24,7,0
U03046,60,Android,18,11.6,42,5,0,34,4,0
U03047,52,iOS,9,7.3,21,2,0,31,6,0
U03048,54,Web,12,9.8,33,4,2,34,5,1
U03049,26,iOS,13,6.0,38,6,1,23,3,0
U03050,51,iOS,6,0.5,12,1,0,53,1,0
U03051,58,Android,23,12.2,64,11,1,16,11,0
U03052,26,iOS,17,5.4,40,7,1,35,4,0
U03053,54,Web,12,12.4,30,6,0,34,1,0
U03054,35,iOS,26,7.4,74,15,4,20,7,0
U03055,55,Web,14,9.0,31,8,0,20,7,0
U03056,40,iOS,11,7.1,23,3,0,32,3,0
U03057,56,iOS,13,6.8,39,6,1,28,10,0
U03058,25,Android,21,12.6,57,12,2,10,14,0
U03059,36,iOS,24,8.8,60,11,2,21,9,0
U03060,31,Web,16,16.0,50,7,2,18,7,0
U03061,29,iOS,13,3.5,31,5,0,38,4,1
U03062,32,Android,20,4.7,53,17,3,28,8,0
U03063,36,iOS,3,3.9,10,2,0,46,2,1
U03064,24,iOS,31,15.5,113,40,5,0,11,0
U03065,51,Web,20,5.2,41,7,3,24,6,0
U03066,44,Android,40,17.8,132,34,6,0,14,0
U03067,57,Android,24,13.7,75,18,3,15,13,0
U03068,51,Android,6,2.5,9,1,1,40,2,1
U03069,25,Android,30,12.2,107,24,5,0,11,0
U03070,21,Web,7,4.1,6,0,0,48,1,1
U03071,38,Android,17,10.3,63,9,0,28,10,0
U03072,41,iOS,28,11.1,71,12,3,16,12,0
U03073,29,Android,12,8.6,27,4,0,27,7,0
U03074,55,Android,9,6.5,14,1,0,33,3,1
U03075,45,Web,40,16.5,154,45,8,5,22,0
U03076,53,iOS,35,19.3,125,31,5,5,20,0
U03077,23,Android,25,13.9,80,13,2,11,15,0
U03078,57,Android,34,10.5,127,39,5,1,15,0
U03079,27,Web,12,5.1,25,1,0,32,3,1
U03080,39,Web,22,7.0,59,5,0,34,3,0
U03081,39,Android,8,5.0,14,1,0,32,4,0
U03082,57,iOS,33,18.5,115,33,9,1,13,0
U03083,31,Android,28,14.9,94,26,2,6,10,0
U03084,29,iOS,32,13.1,101,33,4,0,12,0
U03085,34,Android,21,9.6,60,16,1,20,7,0
U03086,35,Web,20,7.9,56,10,1,44,11,1
U03087,26,Web,4,2.2,11,2,0,41,6,1
U03088,26,Android,26,18.0,88,22,5,4,8,0
U03089,29,iOS,5,5.6,17,2,0,38,2,0
U03090,40,Android,33,16.1,134,32,5,5,14,0
U03091,34,Android,17,9.0,37,6,2,30,1,0
U03092,36,Android,27,13.6,83,18,2,16,4,0
U03093,52,Android,16,10.8,42,8,0,26,4,0
U03094,29,Web,10,9.8,27,6,0,33,1,0
U03095,61,Android,20,14.1,68,17,4,10,8,0
U03096,54,Web,2,0.5,2,1,0,46,0,1
U03097,26,Android,9,12.9,18,6,0,27,5,0
U03098,33,iOS,7,6.1,11,1,0,36,3,1
U03099,26,iOS,14,2.5,29,4,0,33,3,0
U03100,31,Web,20,9.6,61,15,3,20,13,0
U03101,35,Android,15,6.4,29,5,0,30,3,1
U03102,24,Android,7,5.7,22,1,0,52,1,1
U03103,18,iOS,14,4.4,27,3,0,34,9,0
U03104,39,iOS,16,5.7,48,6,0,23,8,0
U03105,51,iOS,9,5.4,16,1,0,48,4,1
U03106,32,Android,29,11.9,95,29,1,8,13,0
U03107,59,Android,33,12.2,112,37,3,13,17,0
U03108,35,Web,5,6.4,11,0,0,39,4,0
U03109,61,iOS,11,2.5,29,2,0,31,6,1
U03110,29,iOS,14,5.5,44,4,0,34,1,0
U03111,43,Android,16,5.2,31,7,1,34,8,0
U03112,54,Android,15,5.0,21,1,0,49,1,0
U03113,20,Web,3,1.3,7,2,0,41,0,1
U03114,62,iOS,10,6.4,22,3,1,37,4,1
U03115,35,Android,38,17.0,140,37,3,4,17,0
U03116,41,Web,10,5.9,25,4,1,26,7,0
U03117,48,iOS,24,14.1,92,25,5,7,13,0
U03118,48,Android,23,8.4,67,11,2,29,9,0
U03119,19,Android,15,12.1,33,12,0,29,6,0
U03120,59,iOS,14,8.5,38,3,1,34,6,0
U03121,47,Android,19,3.7,48,11,0,26,5,0
U03122,65,iOS,14,15.6,50,12,2,24,6,0
U03123,40,iOS,29,14.3,85,15,1,10,10,0
U03124,47,Android,18,8.2,46,7,1,43,8,0
U03125,39,Web,13,6.6,27,3,0,28,5,0
U03126,60,Android,11,9.4,31,6,0,29,6,0
U03127,57,Android,23,14.2,75,18,2,11,8,0
U03128,61,iOS,18,17.0,58,19,2,7,11,0
U03129,42,iOS,34,9.7,92,24,0,15,9,0
U03130,55,Android,36,7.9,101,25,4,7,8,0
U03131,35,iOS,12,9.7,33,8,2,25,7,0
U03132,40,Web,6,2.9,17,2,0,48,2,1
U03133,54,Web,11,5.3,25,7,0,37,3,0
U03134,21,Web,17,7.9,45,4,0,36,5,0
U03135,52,Android,14,3.8,32,2,0,36,3,0
U03136,18,Android,15,13.6,38,8,2,19,13,0
U03137,45,iOS,19,10.6,46,16,3,27,4,0
U03138,40,Android,19,10.9,61,9,1,17,11,0
U03139,40,iOS,12,0.5,24,3,0,39,2,0
U03140,41,Android,7,1.1,19,2,0,46,3,1
U03141,41,Android,21,11.5,65,6,2,24,8,0
U03142,37,Android,23,9.4,71,16,2,13,15,0
U03143,39,Android,19,12.7,51,17,2,14,13,0
U03144,45,Android,30,15.8,91,17,3,12,7,0
U03145,54,iOS,31,14.8,112,29,6,12,17,0
U03146,44,iOS,31,15.8,122,35,8,2,10,0
U03147,48,Android,9,9.7,25,4,1,42,5,0
U03148,58,Android,21,13.2,78,25,2,14,13,0
U03149,65,Web,15,10.1,31,8,3,21,7,0
U03150,23,Android,15,9.2,47,10,0,21,7,0
U03151,52,iOS,8,5.7,13,3,0,42,4,0
U03152,28,iOS,50,17.7,167,49,6,0,15,0
U03153,27,iOS,13,7.9,27,5,0,41,4,1
U03154,56,Web,18,6.2,48,9,0,27,6,0
U03155,21,iOS,13,3.2,15,2,0,32,5,0
U03156,58,Web,9,6.2,13,2,0,41,0,1
U03157,54,Web,17,3.8,39,7,0,29,3,0
U03158,65,Android,25,11.5,82,22,1,7,10,0
U03159,50,Android,28,14.0,86,28,5,9,15,0
U03160,59,Android,6,5.1,11,2,0,49,1,1
U03161,23,Android,26,16.0,96,27,6,8,12,0
U03162,60,iOS,22,9.2,73,16,5,13,4,0
U03163,25,Android,13,6.9,35,10,1,28,7,0
U03164,33,Android,20,7.8,41,6,0,23,7,0
U03165,24,Android,15,4.9,30,6,1,31,3,0
U03166,37,iOS,39,10.6,154,41,10,2,15,0
U03167,53,iOS,16,9.9,36,5,0,43,7,0
U03168,30,Web,24,9.4,83,19,2,20,7,0
U03169,57,Android,28,11.2,78,22,1,9,9,0
U03170,47,Android,24,13.8,55,10,0,13,12,0
U03171,48,Web,26,10.5,84,22,6,22,13,0
U03172,63,iOS,37,20.2,131,29,6,6,19,0
U03173,38,iOS,24,10.8,76,17,0,12,10,0
U03174,34,iOS,25,8.3,63,14,0,19,10,0
U03175,65,Android,11,7.4,34,8,0,36,10,1
U03176,44,Web,8,8.3,21,3,0,37,5,0
U03177,47,iOS,23,12.1,76,18,2,9,12,0
U03178,32,iOS,9,1.7,14,2,0,42,6,1
U03179,28,iOS,14,8.7,35,4,0,30,5,0
U03180,26,Android,13,13.3,59,16,4,17,9,0
U03181,28,Android,19,8.8,54,15,2,26,9,0
U03182,27,iOS,23,9.9,63,2,0,21,8,0
U03183,53,iOS,12,8.2,34,5,0,25,5,0
U03184,20,Android,22,11.7,60,9,1,39,11,0
U03185,48,Android,48,18.5,162,39,2,0,15,0
U03186,63,Web,28,14.2,93,25,4,5,12,0
U03187,54,Android,14,2.4,39,7,0,35,5,1
U03188,37,Android,22,10.1,61,10,1,22,9,0
U03189,20,iOS,18,13.6,47,7,1,34,13,0
U03190,58,Web,0,4.0,1,0,1,46,1,0
U03191,18,iOS,8,1.5,19,3,1,50,3,0
U03192,50,Web,29,14.9,93,21,2,21,10,0
U03193,50,Android,8,2.7,18,2,0,54,3,0
U03194,27,Web,13,11.1,32,3,1,42,2,1
U03195,53,Web,17,11.3,40,3,0,49,5,1
U03196,26,iOS,4,3.0,7,0,0,39,0,1
U03197,28,iOS,17,5.7,44,14,1,24,4,0
U03198,56,Android,21,6.7,59,12,1,32,15,0
U03199,64,Android,23,9.4,61,14,1,19,12,0
U03200,30,Android,13,9.9,16,3,1,32,8,1
U03201,62,Android,10,6.6,16,1,1,29,3,0
U03202,61,Web,22,11.1,69,10,4,16,8,0
U03203,54,Android,30,13.3,112,35,6,8,3,0
U03204,24,iOS,16,9.4,54,12,0,20,3,0
U03205,32,Android,11,1.8,16,3,0,41,4,0
U03206,50,Android,9,8.2,29,5,0,37,4,0
U03207,65,Android,20,15.9,63,26,5,11,7,0
U03208,57,Android,24,5.2,62,10,0,29,6,0
U03209,38,iOS,10,2.5,28,3,0,30,5,1
U03210,29,Web,18,13.9,42,9,1,21,8,0
U03211,64,Android,30,13.3,85,17,5,23,8,0
U03212,31,Web,11,5.2,39,6,1,28,7,0
U03213,34,iOS,10,2.8,15,1,0,42,3,0
U03214,64,iOS,24,12.7,53,11,1,18,10,0
U03215,44,Android,8,6.9,13,1,1,37,4,0
U03216,30,Android,26,12.4,89,22,4,19,10,0
U03217,18,Web,12,9.4,24,4,0,27,4,0
U03218,38,iOS,27,13.0,73,18,1,11,8,0
U03219,65,Android,37,12.0,122,32,3,7,19,0
U03220,38,Web,9,8.9,19,5,0,43,3,0
U03221,51,Android,19,12.1,64,19,2,10,11,0
U03222,30,iOS,12,4.2,26,5,0,36,5,0
U03223,55,Android,18,12.4,32,6,3,39,8,0
U03224,55,Web,19,7.0,46,10,0,24,7,0
U03225,47,Android,19,12.6,47,7,0,31,5,0
U03226,55,Android,27,14.3,94,27,4,7,8,0
U03227,45,iOS,9,5.2,23,2,0,41,4,1
U03228,36,Android,26,15.7,80,19,1,6,14,0
U03229,53,Web,13,7.9,21,5,0,52,7,1
U03230,58,iOS,28,14.8,85,11,1,17,15,0
U03231,58,Android,18,10.4,42,9,0,17,12,0
U03232,28,Android,23,9.8,66,9,3,25,9,0
U03233,50,Web,1,0.7,2,0,0,50,1,0
U03234,18,iOS,31,11.3,77,16,1,14,7,0
U03235,45,Web,9,4.9,18,3,0,54,2,1
U03236,45,Android,12,7.0,33,2,2,33,2,0
U03237,35,Web,10,3.2,21,4,1,36,3,0
U03238,65,iOS,32,12.9,111,29,4,0,16,0
U03239,60,iOS,19,8.3,56,12,2,16,11,0
U03240,19,Android,18,10.4,63,11,1,19,13,0
U03241,28,Android,15,13.9,51,14,1,22,10,0
U03242,27,Web,4,2.2,8,2,0,38,5,0
U03243,61,Web,21,8.4,55,7,0,33,4,0
U03244,42,Android,9,9.7,14,1,0,41,4,1
U03245,52,Web,27,11.0,94,30,2,13,9,0
U03246,56,Android,31,17.1,95,29,3,5,14,0
U03247,54,Android,20,13.9,62,14,1,16,8,0
U03248,22,Android,24,13.5,75,23,3,5,13,0
U03249,24,Android,16,9.7,52,12,3,19,6,0
U03250,36,Android,7,1.9,16,1,0,41,2,1
U03251,34,Android,12,7.7,25,4,0,27,8,0
U03252,53,Android,12,6.2,22,1,0,38,5,0
U03253,25,iOS,13,5.4,37,8,1,29,2,1
U03254,35,Web,13,8.4,40,5,0,28,6,0
U03255,29,iOS,15,7.9,37,7,0,27,6,0
U03256,27,Android,30,12.9,94,26,3,9,13,0
U03257,26,iOS,5,4.9,12,1,0,37,1,1
U03258,27,Android,9,7.4,19,1,0,38,4,0
U03259,45,iOS,14,4.7,25,2,1,33,9,0
U03260,37,iOS,29,17.7,125,33,6,8,17,0
U03261,38,Android,9,2.5,18,2,0,51,2,1
U03262,41,Android,25,13.9,73,22,1,18,7,0
U03263,53,Web,10,9.4,22,3,0,32,2,0
U03264,59,Web,4,4.6,8,1,0,42,1,0
U03265,43,iOS,8,2.5,10,3,0,38,4,0
U03266,48,Web,3,3.8,9,0,0,44,1,1
U03267,53,Web,18,11.9,58,6,0,29,2,0
U03268,51,Android,31,17.8,101,26,6,15,9,0
U03269,24,iOS,13,11.1,39,8,1,27,7,0
U03270,65,Android,15,6.7,27,3,1,27,8,0
U03271,25,iOS,6,5.9,8,1,0,43,0,0
U03272,37,Android,23,14.5,65,17,0,11,10,0
U03273,49,Web,10,3.7,37,3,0,30,5,0
U03274,37,iOS,13,9.0,20,3,0,50,6,1
U03275,29,Android,24,13.3,80,18,4,10,13,0
U03276,62,Android,15,8.0,43,11,0,30,7,0
U03277,21,Android,21,14.7,70,19,3,14,14,0
U03278,29,iOS,23,8.1,58,15,1,20,9,0
U03279,65,Web,28,16.8,92,18,5,6,10,0
U03280,53,Android,11,4.2,25,1,0,36,4,1
U03281,22,iOS,16,7.4,35,8,0,18,10,0
U03282,54,iOS,16,9.2,54,10,2,16,6,0
U03283,64,Android,24,6.5,83,21,1,15,6,0
U03284,22,iOS,15,4.3,34,2,0,25,5,0
U03285,37,Android,13,10.3,37,6,1,32,7,0
U03286,40,Android,18,0.9,31,5,0,35,4,0
U03287,24,Android,22,14.6,66,18,1,13,7,0
U03288,27,Web,3,0.5,6,1,0,47,1,1
U03289,26,Android,13,9.9,22,4,0,32,3,0
U03290,26,Android,12,3.5,21,1,0,39,4,0
U03291,37,iOS,6,1.8,9,3,1,36,7,1
U03292,40,Web,11,10.6,26,5,2,23,3,0
U03293,29,iOS,20,5.7,41,3,0,33,2,0
U03294,31,Android,36,15.9,109,23,4,4,13,0
U03295,27,iOS,5,4.0,11,1,0,44,4,1
U03296,56,Android,5,4.5,11,2,0,36,9,1
U03297,28,iOS,13,4.7,35,1,0,33,4,0
U03298,61,Android,12,4.7,22,2,0,37,5,0
U03299,43,Android,25,12.0,78,16,3,16,14,0
U03300,56,Android,12,6.2,18,1,1,36,5,0
U03301,48,iOS,8,4.7,23,7,0,36,5,0
U03302,30,Android,17,10.1,36,10,1,27,13,0
U03303,46,Android,11,3.9,22,2,0,37,3,1
U03304,31,iOS,30,8.0,98,24,1,22,9,0
U03305,23,iOS,28,6.1,76,12,2,20,10,0
U03306,30,Android,17,8.4,52,8,1,14,8,0
U03307,31,iOS,10,14.7,14,2,1,33,7,1
U03308,24,iOS,17,9.9,55,9,1,22,5,0
U03309,19,Android,13,10.4,41,6,1,28,12,0
U03310,63,Web,26,16.1,92,17,0,10,14,0
U03311,42,Web,24,18.8,84,17,3,17,6,0
U03312,37,Android,27,13.7,99,37,6,13,12,0
U03313,62,Android,12,3.3,22,2,0,34,3,0
U03314,28,Android,30,12.3,92,26,3,6,12,0
U03315,37,Android,11,3.3,20,3,0,43,2,1
U03316,58,iOS,15,5.0,40,6,1,22,4,0
U03317,48,Web,7,9.2,25,5,1,40,4,0
U03318,37,Web,12,5.7,25,4,1,34,5,0
U03319,30,Android,22,11.2,63,13,0,17,11,0
U03320,19,Android,10,2.1,21,5,0,33,6,0
U03321,22,Android,20,13.6,57,11,2,20,11,0
U03322,25,iOS,19,9.2,44,9,2,28,10,0
U03323,55,Android,19,12.1,48,12,2,31,3,1
U03324,48,Web,15,7.5,34,2,1,25,3,0
U03325,38,Web,23,9.4,59,14,3,21,8,0
U03326,55,Android,31,11.3,103,21,2,7,12,0
U03327,25,iOS,6,6.7,14,0,0,38,5,0
U03328,28,iOS,10,0.5,24,3,0,36,3,1
U03329,36,Web,5,5.8,16,0,0,52,4,1
U03330,62,iOS,24,15.0,68,16,1,13,11,0
U03331,47,Android,13,3.6,34,4,0,28,5,1
U03332,58,iOS,13,10.9,31,3,0,26,6,0
U03333,29,Android,28,19.8,98,28,10,2,7,0
U03334,58,iOS,8,4.0,15,3,0,41,2,0
U03335,21,Android,15,7.9,37,3,0,37,3,0
U03336,28,iOS,14,11.3,36,5,1,21,10,0
U03337,43,Web,4,2.0,11,1,0,55,1,0
U03338,20,Android,33,12.3,109,27,3,5,12,0
U03339,59,Android,38,18.6,117,34,2,0,7,0
U03340,59,iOS,7,3.4,14,4,0,54,4,1
U03341,43,Android,12,10.5,29,2,1,43,4,1
U03342,32,iOS,13,10.5,46,12,1,20,9,0
U03343,22,iOS,20,12.7,58,19,4,14,8,0
U03344,47,Android,18,7.5,40,5,0,26,3,0
U03345,43,Web,24,15.1,90,24,2,10,15,0
U03346,54,iOS,31,12.9,118,28,3,6,19,0
U03347,46,iOS,35,15.7,85,18,4,7,11,0
U03348,24,Android,21,11.7,68,18,0,14,12,0
U03349,23,Android,10,9.0,13,0,0,30,7,1
U03350,55,Android,25,8.0,68,14,1,17,7,0
U03351,25,Web,14,6.6,35,6,1,35,3,0
U03352,63,Web,19,11.4,50,8,2,26,4,0
U03353,23,Web,6,12.2,14,2,1,40,7,0
U03354,52,Android,31,15.3,106,29,4,22,14,0
U03355,64,iOS,18,10.3,55,11,1,14,4,0
U03356,39,iOS,20,7.7,73,12,1,19,12,0
U03357,20,iOS,13,8.0,35,6,0,38,6,0
U03358,60,Android,14,8.7,25,2,0,49,4,1
U03359,26,Web,24,11.1,84,20,5,12,10,0
U03360,43,Android,14,6.3,32,7,2,28,5,0
U03361,65,Android,20,8.9,46,8,0,23,8,0
U03362,53,Web,17,11.3,38,6,0,34,4,1
U03363,20,iOS,27,13.1,87,20,5,18,10,0
U03364,57,Android,7,4.6,11,3,0,39,5,0
U03365,25,iOS,15,6.7,48,6,1,38,11,0
U03366,53,Web,3,3.4,4,1,0,48,1,1
U03367,47,Android,22,13.4,59,15,2,17,3,1
U03368,31,iOS,37,12.1,135,29,5,4,16,0
U03369,38,Android,16,10.2,46,6,1,33,5,0
U03370,23,Android,5,5.9,13,2,0,50,0,1
U03371,65,Android,26,11.1,81,19,0,13,18,0
U03372,29,iOS,21,10.2,48,8,0,28,7,0
U03373,32,Android,13,13.3,26,6,0,40,10,0
U03374,42,Android,18,5.0,47,6,0,26,11,0
U03375,50,iOS,23,13.5,77,22,3,16,12,0
U03376,42,iOS,18,8.5,50,9,1,37,8,0
U03377,42,iOS,13,6.1,27,1,0,33,5,0
U03378,45,Web,19,10.0,45,11,1,12,7,0
U03379,59,Android,9,1.8,18,2,0,44,5,0
U03380,36,Android,16,4.5,45,6,0,30,8,1
U03381,57,iOS,19,10.1,45,6,0,20,10,0
U03382,55,iOS,20,7.5,55,12,1,21,7,0
U03383,64,Android,24,17.4,96,28,3,8,10,0
U03384,61,Android,16,14.0,55,13,1,19,5,0
U03385,56,Android,39,14.2,165,37,5,0,18,0
U03386,29,Android,31,14.0,95,27,6,7,10,0
U03387,55,Web,22,11.7,71,12,2,19,6,0
U03388,53,iOS,32,19.3,118,20,2,9,12,0
U03389,31,Android,6,3.6,10,0,0,36,4,1
U03390,50,iOS,8,3.9,13,1,0,42,1,1
U03391,30,iOS,25,17.5,86,18,3,16,8,0
U03392,43,Android,11,0.5,13,2,0,45,2,1
U03393,56,Android,21,16.8,77,16,6,10,8,0
U03394,27,iOS,25,10.9,74,21,1,13,6,0
U03395,34,Android,16,2.1,33,8,1,31,5,0
U03396,56,iOS,28,15.5,84,20,5,10,12,0
U03397,39,iOS,6,7.6,12,1,0,30,3,0
U03398,64,iOS,6,4.9,12,1,0,44,3,1
U03399,18,Web,7,8.6,21,1,0,32,5,0
U03400,52,iOS,11,7.4,27,7,0,29,9,1
U03401,57,iOS,31,18.1,98,16,4,12,13,0
U03402,62,Android,17,13.3,44,14,1,21,10,0
U03403,25,iOS,4,3.8,6,0,0,42,1,1
U03404,65,Web,5,5.3,6,0,0,38,4,1
U03405,36,Web,32,18.0,107,24,4,6,6,0
U03406,34,Web,6,4.5,14,0,1,42,2,0
U03407,35,Android,12,5.1,24,4,0,26,7,0
U03408,48,iOS,4,3.5,15,1,0,41,0,1
U03409,49,Web,3,1.1,5,1,0,46,0,1
U03410,40,iOS,27,11.2,65,15,3,15,6,0
U03411,21,iOS,8,3.6,16,3,0,34,2,1
U03412,65,iOS,15,5.9,38,8,0,29,11,0
U03413,28,iOS,19,11.5,46,6,0,31,5,0
U03414,22,Android,16,5.6,44,10,0,31,7,0
U03415,46,Android,11,9.0,31,7,1,24,9,0
U03416,37,Web,37,12.7,128,38,4,18,18,0
U03417,47,Web,14,6.8,43,5,0,30,6,0
U03418,60,Web,11,6.4,23,4,0,32,5,0
U03419,22,Android,8,0.5,14,1,0,40,1,1
U03420,31,Android,26,12.5,84,26,4,10,15,0
U03421,42,Android,3,2.8,3,0,0,52,1,0
U03422,55,Web,3,2.7,4,0,0,47,0,1
U03423,46,iOS,24,7.6,65,13,2,23,7,0
U03424,36,Web,27,12.2,63,14,0,11,13,0
U03425,47,Android,14,9.6,41,9,2,25,12,0
U03426,65,iOS,22,10.8,66,14,1,19,17,0
U03427,41,iOS,9,4.0,21,3,0,36,4,0
U03428,60,Android,7,4.1,17,2,0,57,3,1
U03429,55,Web,16,7.9,40,6,0,30,8,0
U03430,32,iOS,26,16.5,96,23,6,12,14,0
U03431,29,Android,12,14.2,35,13,1,24,3,0
U03432,54,Android,24,14.9,67,23,3,9,5,0
U03433,27,Web,34,14.9,120,42,4,11,13,0
U03434,34,iOS,5,9.7,9,0,0,36,4,0
U03435,29,iOS,9,5.0,25,5,0,35,4,1
U03436,47,iOS,16,7.9,38,9,0,27,8,0
U03437,32,Android,10,5.9,28,5,1,36,6,0
U03438,49,iOS,18,11.9,54,6,1,22,8,0
U03439,62,Web,6,3.0,12,0,0,43,5,1
U03440,57,Android,4,4.6,11,0,0,49,3,1
U03441,63,iOS,15,8.9,32,7,2,33,9,0
U03442,19,Android,16,6.9,28,5,1,32,6,0
U03443,39,Android,31,12.4,107,33,5,7,14,0
U03444,28,Android,12,8.7,32,7,0,32,3,0
U03445,62,Web,30,18.7,115,32,3,3,16,0
U03446,52,Android,34,16.1,117,31,6,10,17,0
U03447,33,Android,16,15.0,48,6,0,18,8,0
U03448,45,iOS,20,14.8,54,11,0,14,8,0
U03449,47,Android,36,19.1,115,28,8,0,16,0
U03450,41,iOS,6,8.4,9,2,0,37,0,1
U03451,40,Web,20,16.5,65,19,5,15,9,0
U03452,20,Android,30,14.6,102,30,5,13,13,0
U03453,39,Android,21,10.9,55,8,2,29,8,0
U03454,34,Web,10,10.1,24,5,0,29,2,0
U03455,57,Android,20,10.3,66,22,4,16,9,0
U03456,59,Android,11,13.1,24,0,0,20,6,1
U03457,54,Web,26,14.4,56,8,0,14,4,0
U03458,19,Web,17,11.2,46,9,0,25,10,0
U03459,58,iOS,22,7.8,56,14,1,22,12,0
U03460,37,iOS,17,10.8,43,9,2,19,7,0
U03461,37,Web,12,10.8,29,6,3,30,6,0
U03462,63,iOS,18,13.6,51,10,2,15,9,0
U03463,59,iOS,15,10.5,41,6,1,25,8,0
U03464,20,Web,9,3.3,18,0,1,40,2,1
U03465,35,iOS,28,20.2,88,20,4,12,10,0
U03466,53,iOS,44,14.1,158,50,6,8,15,0
U03467,43,Android,12,8.1,42,11,4,20,4,0
U03468,30,iOS,8,5.0,16,2,1,36,7,1
U03469,43,iOS,16,17.5,51,10,3,19,9,0
U03470,59,Android,28,16.6,97,27,5,9,10,0
U03471,28,Android,5,1.0,8,0,0,47,2,1
U03472,53,Web,9,10.1,14,1,1,40,4,0
U03473,53,Android,8,3.9,20,2,0,41,8,1
U03474,60,Android,6,2.7,15,2,1,38,3,0
U03475,32,Android,16,8.9,49,12,2,17,9,0
U03476,28,Android,30,16.5,104,28,5,3,14,0
U03477,44,iOS,12,10.4,33,11,0,28,7,0
U03478,43,Android,6,4.8,9,1,0,41,4,1
U03479,37,Android,9,11.9,16,1,0,26,3,0
U03480,55,Web,21,10.0,39,5,0,22,11,0
U03481,56,Android,12,7.6,27,4,0,28,3,0
U03482,29,Android,18,13.6,48,12,2,12,9,0
U03483,56,Web,21,13.0,48,4,0,28,9,1
U03484,29,iOS,31,13.3,82,20,3,12,15,0
U03485,37,iOS,29,14.1,90,20,7,16,10,0
U03486,19,Web,19,14.8,51,11,1,49,11,0
U03487,34,Web,31,10.8,76,19,4,14,10,0
U03488,64,Android,32,17.5,120,29,7,7,15,0
U03489,39,iOS,12,8.5,28,4,0,25,5,0
U03490,52,iOS,16,7.1,34,5,1,23,11,0
U03491,23,Android,18,6.4,52,2,0,29,4,0
U03492,48,Web,21,12.1,48,7,0,24,11,0
U03493,35,Android,35,16.0,102,34,6,3,11,0
U03494,53,Web,10,9.6,30,4,0,26,4,0
U03495,62,iOS,20,14.1,60,13,3,11,16,0
U03496,43,iOS,13,6.3,36,9,1,28,5,0
U03497,22,Android,29,13.4,88,23,5,14,6,0
U03498,40,Web,21,10.2,45,11,0,16,9,0
U03499,23,iOS,8,6.4,15,3,0,52,4,1
U03500,39,Android,30,12.1,110,29,4,8,15,0
U03501,20,Android,8,7.9,26,3,0,32,3,0
U03502,48,iOS,11,5.9,22,2,1,32,1,0
U03503,32,Android,14,10.0,47,8,1,16,9,0
U03504,27,iOS,6,7.9,24,7,0,30,9,0
U03505,18,iOS,24,10.2,77,13,3,20,11,0
U03506,60,Android,10,7.4,18,4,1,35,4,0
U03507,58,iOS,16,5.7,37,5,0,30,5,0
U03508,56,Android,16,6.4,31,6,0,25,5,0
U03509,20,Web,6,0.5,15,1,0,42,1,1
U03510,34,Web,5,4.0,11,0,1,38,0,0
U03511,64,Android,20,14.2,56,13,2,16,11,0
U03512,45,iOS,34,16.5,123,38,0,6,15,0
U03513,24,iOS,18,6.6,35,7,0,25,7,1
U03514,24,Web,18,8.3,57,3,0,22,12,0
U03515,30,Android,26,14.4,75,25,5,19,8,0
U03516,64,iOS,15,13.9,31,3,0,34,8,0
U03517,26,Web,6,7.0,15,2,0,31,4,0
U03518,61,Android,12,4.2,26,5,0,36,1,0
U03519,50,iOS,13,8.4,23,4,0,37,9,0
U03520,62,Android,25,13.9,64,15,3,12,7,0
U03521,57,iOS,24,11.1,65,11,1,26,11,0
U03522,33,Android,11,8.3,22,3,0,44,4,0
U03523,57,Web,15,16.5,48,6,0,25,11,0
U03524,26,Android,26,10.3,86,20,1,15,8,0
U03525,31,Android,30,13.6,97,21,2,6,15,0
U03526,28,Web,5,5.8,14,2,0,33,5,1
U03527,24,Web,25,10.0,85,21,6,14,14,0
U03528,22,iOS,18,5.9,65,14,0,23,4,0
U03529,26,iOS,12,8.0,34,9,4,26,5,1
U03530,23,Android,29,10.7,86,22,3,16,8,0
U03531,36,iOS,15,8.4,51,3,0,20,6,0
U03532,21,Android,15,4.8,28,6,0,23,5,0
U03533,20,Android,20,9.4,47,11,1,17,7,0
U03534,65,Web,15,4.9,36,3,1,31,6,0
U03535,22,iOS,24,13.9,84,23,1,17,11,0
U03536,21,Android,20,9.1,51,7,1,42,10,0
U03537,19,Android,19,9.2,53,7,0,19,5,0
U03538,24,Web,2,0.6,1,0,1,44,3,1
U03539,43,Android,27,12.4,70,9,3,15,8,0
U03540,57,Android,5,3.3,8,1,0,51,2,1
U03541,53,Android,17,7.9,43,13,1,24,5,0
U03542,45,Android,18,11.9,47,9,1,32,7,0
U03543,22,Android,28,10.1,84,23,4,3,16,0
U03544,55,Web,13,7.6,35,7,1,47,6,1
U03545,19,Android,25,10.6,52,10,1,24,8,0
U03546,48,iOS,25,14.3,71,14,2,15,13,0
U03547,37,iOS,18,11.5,50,11,1,17,8,0
U03548,60,iOS,13,2.3,28,4,0,31,7,1
U03549,32,iOS,18,14.4,49,10,0,21,4,0
U03550,48,iOS,14,2.6,24,3,0,34,4,0
U03551,39,iOS,4,2.1,8,1,0,36,1,0
U03552,43,iOS,30,11.5,113,31,5,13,13,0
U03553,63,iOS,30,10.2,84,31,5,8,10,0
U03554,52,iOS,16,4.9,28,7,0,24,5,1
U03555,37,iOS,14,3.7,35,10,0,33,2,0
U03556,39,Android,12,3.8,28,4,0,26,5,0
U03557,51,iOS,21,9.6,56,12,2,22,6,0
U03558,34,iOS,37,12.9,111,25,6,10,5,0
U03559,26,Android,17,6.6,42,4,0,37,2,0
U03560,40,Web,15,5.5,36,6,0,33,6,0
U03561,21,Android,7,3.4,9,0,0,42,1,1
U03562,26,Android,12,7.5,41,2,1,24,4,0
U03563,38,Web,24,10.0,61,5,0,20,4,0
U03564,56,Android,14,6.1,45,12,2,30,6,0
U03565,55,Android,11,4.1,36,5,0,34,5,0
U03566,30,Android,18,12.9,54,10,2,17,14,0
U03567,38,Web,8,7.1,12,3,0,38,7,0
U03568,25,iOS,38,17.1,147,41,9,0,18,0
U03569,54,iOS,30,14.6,95,24,4,8,11,0
U03570,29,iOS,30,11.8,105,23,5,10,11,0
U03571,56,iOS,16,8.8,45,7,0,29,8,0
U03572,58,Web,0,2.6,1,0,0,45,1,1
U03573,51,Web,26,11.0,71,11,3,20,8,0
U03574,33,Android,11,6.5,30,4,0,40,8,1
U03575,63,Web,5,0.6,10,0,0,61,1,1
U03576,50,iOS,22,9.2,75,13,3,49,7,1
U03577,49,Android,34,11.5,94,25,7,12,12,0
U03578,59,Android,4,7.0,6,0,0,40,4,1
U03579,60,iOS,32,16.3,95,25,3,8,20,0
U03580,21,Android,20,9.5,74,12,2,22,9,0
U03581,60,iOS,27,14.0,62,15,0,22,9,0
U03582,54,Android,19,3.2,53,12,1,34,4,1
U03583,27,iOS,19,12.2,63,9,0,22,13,0
U03584,32,Android,7,4.6,11,0,0,36,4,0
U03585,54,Web,16,6.9,29,5,1,29,8,0
U03586,28,Android,15,10.9,38,9,0,29,6,0
U03587,39,Android,12,5.2,20,1,0,43,4,1
U03588,51,Android,12,5.3,27,4,0,32,4,1
U03589,49,iOS,25,11.7,81,18,0,20,5,0
U03590,61,iOS,12,6.6,26,2,0,27,6,0
U03591,23,iOS,31,14.8,89,25,6,6,11,0
U03592,32,Android,22,10.0,52,7,2,17,4,0
U03593,65,Web,8,5.3,16,4,1,37,3,1
U03594,45,iOS,23,14.2,88,21,3,1,11,0
U03595,29,Android,23,11.6,66,12,3,30,12,0
U03596,31,iOS,19,5.7,62,14,4,19,10,0
U03597,34,iOS,18,7.5,44,6,0,28,3,0
U03598,44,iOS,27,14.2,91,28,3,13,7,0
U03599,31,Android,10,15.4,20,5,0,30,5,0
U03600,47,Android,11,9.8,33,5,0,28,2,1
U03601,39,iOS,13,10.9,34,4,1,29,0,0
U03602,47,Android,22,13.8,79,22,5,12,13,0
U03603,25,Android,5,3.6,5,0,0,52,2,1
U03604,47,Web,4,1.6,9,1,0,57,0,1
U03605,62,iOS,10,7.7,21,5,0,32,5,1
U03606,24,Android,13,8.4,23,4,1,27,7,0
U03607,33,Android,14,8.3,39,11,1,31,6,0
U03608,51,iOS,18,12.9,51,11,0,23,2,0
U03609,47,Android,11,7.6,37,7,0,36,3,0
U03610,50,Android,12,5.8,36,7,0,27,3,0
U03611,44,Android,19,9.6,39,6,1,25,8,0
U03612,50,iOS,10,7.2,19,3,0,38,2,0
U03613,47,iOS,20,9.6,72,12,0,13,15,0
U03614,21,Android,16,15.3,36,7,1,13,10,0
U03615,54,Android,16,12.1,47,6,1,25,4,0
U03616,39,iOS,23,11.4,72,9,0,17,4,0
U03617,20,iOS,7,7.8,16,2,0,38,1,1
U03618,37,iOS,11,7.9,22,5,0,48,6,0
U03619,38,Android,11,6.1,27,4,0,33,4,0
U03620,22,iOS,14,8.4,35,11,1,30,10,0
U03621,65,Web,32,17.7,105,32,8,11,11,0
U03622,28,iOS,23,14.1,75,21,7,7,5,0
U03623,33,Android,10,3.0,19,2,0,39,3,0
U03624,39,iOS,16,9.9,48,10,1,32,8,0
U03625,57,Android,12,6.4,20,3,0,32,3,1
U03626,53,Android,4,8.3,10,0,0,54,1,1
U03627,55,Android,20,15.3,48,16,2,14,7,0
U03628,29,Web,18,11.7,41,7,1,33,9,1
U03629,58,Android,24,15.3,79,17,1,26,8,0
U03630,57,Web,26,17.5,92,24,1,0,14,0
U03631,40,iOS,22,6.4,50,12,3,16,7,0
U03632,44,iOS,16,10.5,37,7,0,20,11,0
U03633,19,Android,13,1.6,22,3,1,56,3,1
U03634,54,iOS,38,12.8,144,34,7,0,12,0
U03635,64,Android,10,8.5,21,4,2,38,6,1
U03636,40,iOS,9,1.3,21,0,0,37,3,0
U03637,43,Android,26,14.2,84,20,3,21,15,0
U03638,41,Android,35,13.8,107,30,3,3,15,0
U03639,21,iOS,23,11.3,60,11,1,23,10,0
U03640,47,Android,26,11.4,64,14,1,13,12,0
U03641,52,Android,31,12.6,99,16,2,19,8,0
U03642,62,Web,7,6.9,18,5,0,34,2,0
U03643,62,Android,17,4.3,51,7,0,33,12,0
U03644,41,Android,5,8.1,12,3,0,44,3,0
U03645,64,Android,37,14.8,119,38,10,0,22,0
U03646,43,Android,30,9.8,85,15,2,11,12,0
U03647,48,iOS,12,9.9,29,3,0,36,4,0
U03648,46,Android,18,13.8,52,14,4,13,4,0
U03649,65,iOS,19,17.3,66,21,7,8,5,0
U03650,53,iOS,21,11.1,54,11,0,27,4,0
U03651,23,Android,25,12.0,71,13,3,20,9,0
U03652,21,Web,19,6.5,50,11,2,25,9,0
U03653,37,Web,8,2.8,16,1,0,40,1,1
U03654,42,Android,30,17.9,80,22,3,8,17,0
U03655,50,Android,23,7.6,51,11,0,31,4,0
U03656,41,Android,31,17.5,118,39,10,0,13,0
U03657,42,Android,21,11.1,63,12,2,19,6,0
U03658,62,iOS,37,16.5,129,39,9,0,18,0
U03659,34,iOS,33,13.8,135,43,8,12,10,0
U03660,41,Android,35,17.9,135,29,14,0,15,0
U03661,44,Android,29,12.9,97,19,3,13,13,0
U03662,40,Android,17,7.6,45,5,0,20,8,0
U03663,64,Web,25,16.2,76,25,5,6,11,0
U03664,64,Web,5,5.2,8,0,0,46,4,1
U03665,42,Android,21,0.5,54,16,0,24,10,0
U03666,39,iOS,16,9.1,28,8,1,25,6,1
U03667,46,iOS,33,3.6,89,21,2,14,8,0
U03668,26,iOS,17,11.4,57,6,1,28,2,0
U03669,38,iOS,11,10.1,35,8,2,20,6,0
U03670,28,Web,1,1.9,2,0,0,48,0,1
U03671,24,Android,5,0.5,11,3,0,41,0,0
U03672,22,Android,29,19.5,105,24,3,4,13,0
U03673,46,Web,18,14.8,49,9,1,24,7,0
U03674,18,Android,8,2.7,18,4,0,41,0,1
U03675,49,Android,31,11.8,103,23,5,9,11,0
U03676,38,iOS,17,16.4,62,18,4,15,12,0
U03677,35,iOS,10,9.7,28,3,0,31,7,1
U03678,54,iOS,12,8.7,37,8,1,24,5,0
U03679,43,iOS,10,1.5,21,5,0,38,3,1
U03680,53,iOS,33,16.3,99,22,4,13,20,0
U03681,52,Android,21,8.7,64,15,4,25,7,0
U03682,19,iOS,19,11.9,61,11,0,11,10,0
U03683,28,iOS,21,8.1,55,6,0,23,5,0
U03684,45,Web,16,2.7,31,3,1,29,2,0
U03685,64,Android,12,5.5,30,6,1,29,8,0
U03686,25,Android,38,9.2,103,22,3,13,16,0
U03687,23,iOS,18,3.9,43,6,1,23,5,0
U03688,63,Android,14,5.3,36,8,1,28,6,0
U03689,64,Android,7,5.6,16,3,0,36,5,0
U03690,26,Web,41,13.1,140,25,5,0,14,0
U03691,37,iOS,19,8.7,59,10,0,29,6,0
U03692,48,Android,13,7.4,43,7,0,32,7,0
U03693,27,Android,13,8.3,30,7,0,31,3,0
U03694,33,Android,17,8.6,39,10,1,31,3,1
U03695,36,iOS,16,8.6,36,8,0,39,8,0
U03696,48,iOS,30,12.4,80,18,1,22,14,0
U03697,32,Android,28,15.1,85,20,3,8,15,0
U03698,37,Android,11,4.9,25,6,0,36,6,0
U03699,31,Android,25,8.3,70,11,1,16,7,0
U03700,54,Android,6,4.8,14,2,0,37,0,1
U03701,25,Android,29,11.7,97,28,2,9,7,0
U03702,29,iOS,8,6.5,22,2,0,46,1,0
U03703,29,Android,19,19.3,65,21,2,8,10,0
U03704,61,Android,14,15.4,37,4,0,23,7,0
U03705,63,iOS,41,18.2,136,30,6,1,14,0
U03706,42,Android,20,14.6,58,17,4,9,10,0
U03707,25,Android,25,8.4,70,21,1,15,14,0
U03708,54,Android,24,11.0,83,12,1,19,8,0
U03709,41,Android,22,6.2,57,12,1,31,5,0
U03710,58,Android,22,12.9,75,23,6,8,11,0
U03711,35,iOS,16,13.0,42,7,0,39,9,0
U03712,65,Android,18,10.6,42,9,0,28,3,0
U03713,56,iOS,21,7.2,44,9,0,39,5,0
U03714,28,iOS,25,9.9,71,8,0,14,9,0
U03715,52,Android,12,4.7,23,7,0,33,6,0
U03716,31,Android,16,3.9,34,8,1,25,4,0
U03717,34,Android,20,12.4,52,9,1,49,10,1
U03718,30,Android,34,19.4,129,43,7,0,22,0
U03719,50,iOS,29,15.8,123,39,6,0,24,0
U03720,30,Android,16,4.5,36,9,2,30,6,0
U03721,48,Web,9,9.8,22,3,1,45,3,0
U03722,45,iOS,28,20.9,113,36,6,2,16,0
U03723,54,iOS,25,17.8,81,15,1,19,9,0
U03724,65,iOS,11,8.2,32,3,0,21,8,1
U03725,18,iOS,25,12.4,68,12,1,30,8,0
U03726,65,Web,10,4.3,25,6,0,30,5,0
U03727,23,Web,2,2.3,3,1,0,46,0,1
U03728,43,Android,30,5.6,97,22,5,23,6,0
U03729,34,Android,20,8.6,44,4,0,20,7,0
U03730,48,Android,18,10.1,45,10,1,20,7,0
U03731,52,Android,33,12.1,101,21,3,8,8,0
U03732,59,iOS,17,11.9,47,11,1,22,12,0
U03733,37,Android,15,5.5,38,7,1,32,3,1
U03734,62,iOS,11,5.9,26,2,0,37,2,1
U03735,33,iOS,21,12.6,76,19,4,17,10,0
U03736,27,Android,7,2.7,16,2,0,47,0,1
U03737,36,iOS,10,7.2,14,1,0,49,5,1
U03738,43,Android,25,13.8,89,23,3,3,10,0
U03739,50,iOS,18,9.1,42,8,0,20,6,0
U03740,57,iOS,16,8.8,51,8,1,22,8,0
U03741,28,Android,17,10.0,31,5,2,45,5,0
U03742,32,iOS,30,14.8,108,34,9,13,10,0
U03743,63,Android,23,16.0,65,13,2,4,9,0
U03744,39,iOS,30,13.6,105,24,1,5,11,0
U03745,29,iOS,17,13.7,49,10,0,16,8,0
U03746,65,Android,31,11.6,96,17,2,9,16,0
U03747,39,iOS,9,4.8,26,4,0,38,9,0
U03748,65,Web,6,3.0,12,0,0,45,0,1
U03749,62,iOS,22,12.5,72,12,2,13,12,0
U03750,61,iOS,24,13.9,66,13,0,15,5,0
U03751,45,iOS,16,6.7,36,7,1,29,10,0
U03752,56,Android,8,2.8,14,0,0,33,6,0
U03753,64,iOS,16,6.0,37,6,0,20,7,0
U03754,30,Web,7,11.3,22,4,1,46,2,0
U03755,19,Android,32,14.4,130,46,10,6,14,0
U03756,33,Android,24,13.4,62,12,0,22,12,0
U03757,48,Android,8,6.0,16,3,0,33,6,1
U03758,44,Android,16,7.1,39,5,1,21,5,0
U03759,21,Android,25,10.6,66,14,1,27,10,0
U03760,44,Android,13,8.3,34,3,0,28,9,1
U03761,26,iOS,8,7.7,25,6,1,29,8,0
U03762,42,Android,29,14.0,98,31,2,3,13,0
U03763,45,Android,12,0.5,18,4,1,37,4,0
U03764,48,iOS,21,11.0,51,12,4,28,9,0
U03765,37,Android,11,4.4,17,1,0,48,3,1
U03766,37,Android,33,13.4,127,41,6,0,8,0
U03767,50,iOS,12,6.8,34,2,1,31,7,0
U03768,53,Web,9,5.1,13,0,0,36,3,0
U03769,56,iOS,12,8.9,17,1,0,32,4,0
U03770,34,Android,22,8.6,70,10,0,19,5,0
U03771,38,Android,17,13.0,26,5,0,27,6,0
U03772,33,Web,6,3.0,9,0,0,43,2,1
U03773,43,iOS,32,14.7,138,52,5,0,20,0
U03774,24,iOS,30,15.1,79,16,2,8,12,0
U03775,38,iOS,4,1.3,8,0,0,44,3,1
U03776,27,Android,22,9.4,77,25,3,9,14,0
U03777,43,Android,15,7.8,32,4,0,27,7,1
U03778,58,iOS,17,8.5,45,10,0,24,6,0
U03779,65,Web,9,7.2,21,4,1,33,2,0
U03780,39,Android,18,6.0,43,7,1,28,9,0
U03781,20,iOS,7,2.8,21,3,0,36,3,1
U03782,28,Android,6,5.0,15,2,0,48,4,0
U03783,23,Web,7,6.1,10,1,0,47,3,1
U03784,54,Android,24,7.3,58,13,3,23,10,0
U03785,65,iOS,22,5.5,49,8,1,19,8,0
U03786,44,Android,13,3.9,33,5,0,45,3,1
U03787,26,iOS,12,10.8,25,3,0,44,3,1
U03788,19,iOS,5,0.5,13,2,1,42,2,0
U03789,64,Android,34,17.0,145,51,19,0,12,0
U03790,33,Web,23,13.9,63,14,2,27,6,0
U03791,23,Web,13,9.9,35,1,0,22,5,0
U03792,26,Web,20,11.2,61,15,3,19,6,0
U03793,30,Android,28,14.8,88,18,1,9,9,0
U03794,49,iOS,9,7.0,30,5,0,33,8,0
U03795,60,iOS,3,2.9,8,0,0,45,1,1
U03796,31,iOS,11,7.9,34,8,0,34,2,1
U03797,50,iOS,6,7.9,11,0,0,41,1,0
U03798,21,iOS,20,7.6,71,21,4,10,11,0
U03799,18,Android,34,13.4,125,35,6,2,15,0
U03800,20,Android,17,10.9,48,9,3,19,7,0
U03801,62,Android,11,4.2,19,3,0,35,1,0
U03802,45,Android,26,12.6,53,11,0,15,5,0
U03803,56,Android,12,9.8,42,9,0,24,7,0
U03804,19,Android,25,11.9,73,13,4,5,12,0
U03805,19,iOS,39,20.1,141,37,9,0,28,0
U03806,58,iOS,14,7.8,37,6,0,24,7,0
U03807,22,Android,6,7.4,7,0,0,37,1,0
U03808,25,iOS,23,13.9,55,13,1,14,8,0
U03809,42,Web,16,5.7,26,7,0,29,4,1
U03810,47,Web,6,6.2,12,1,0,37,1,1
U03811,28,Web,13,2.5,34,5,1,26,4,0
U03812,39,Web,16,4.4,48,7,2,20,14,0
U03813,50,iOS,5,6.2,9,0,0,44,3,1
U03814,39,Web,16,7.2,36,3,0,50,8,1
U03815,36,Web,16,12.3,33,8,2,24,10,0
U03816,21,Android,25,17.8,93,25,1,5,9,0
U03817,39,Web,16,3.6,29,6,0,27,7,0
U03818,56,iOS,27,12.3,68,14,6,16,16,0
U03819,48,iOS,7,5.2,14,2,0,31,5,0
U03820,60,Web,7,1.1,10,0,0,67,0,1
U03821,24,Android,14,0.6,18,2,0,41,3,0
U03822,18,Android,29,16.8,91,26,6,5,16,0
U03823,44,iOS,24,13.1,67,10,2,24,6,0
U03824,26,iOS,14,3.5,27,6,0,35,7,0
U03825,46,Web,25,7.1,76,16,1,23,5,0
U03826,61,Web,9,7.6,24,3,0,38,4,1
U03827,34,iOS,8,0.5,13,5,0,48,2,1
U03828,44,Web,15,4.7,30,5,2,43,7,0
U03829,50,Android,23,9.9,60,12,2,14,13,0
U03830,25,Web,23,7.6,64,16,2,35,4,0
U03831,61,Android,30,17.2,108,29,4,2,12,0
U03832,27,iOS,19,8.6,55,12,1,31,5,0
U03833,56,Android,15,8.2,39,5,1,33,8,0
U03834,49,iOS,21,6.3,54,9,3,24,10,0
U03835,24,Android,16,6.9,50,7,1,37,8,0
U03836,52,Android,9,4.1,22,1,0,53,6,1
U03837,27,iOS,25,11.1,68,13,1,20,8,0
U03838,46,iOS,29,8.6,91,20,2,14,10,0
U03839,64,Android,22,15.8,78,17,0,15,19,0
U03840,63,iOS,23,11.5,78,21,3,12,14,0
U03841,59,Android,28,16.9,94,28,6,5,11,0
U03842,41,Android,15,13.9,52,14,2,21,9,0
U03843,44,Android,35,13.2,106,29,5,6,5,0
U03844,32,iOS,11,13.4,22,3,0,27,6,0
U03845,62,iOS,6,7.3,17,4,0,32,6,1
U03846,40,iOS,25,13.6,99,24,7,1,11,0
U03847,55,Web,18,11.6,40,5,2,27,8,0
U03848,35,iOS,9,9.9,24,4,0,49,3,0
U03849,53,iOS,22,14.9,71,21,2,4,17,0
U03850,28,Web,18,6.7,40,8,1,22,3,0
U03851,53,Android,22,10.4,55,13,0,22,9,0
U03852,20,Android,8,5.0,11,0,0,42,3,1
U03853,23,Android,19,9.1,60,15,1,19,10,0
U03854,34,iOS,27,13.6,105,29,8,1,9,0
U03855,41,iOS,25,14.4,80,15,4,8,18,0
U03856,52,Android,19,9.8,60,11,1,21,8,0
U03857,35,Web,13,8.5,30,4,0,29,5,0
U03858,18,Web,17,12.1,39,3,0,17,10,0
U03859,33,Android,14,9.7,36,6,1,33,5,0
U03860,39,Android,18,4.9,43,9,1,21,14,0
U03861,44,Android,26,16.2,89,20,2,13,6,0
U03862,48,Android,25,12.3,77,17,2,14,6,0
U03863,29,Web,23,10.7,88,18,2,17,15,0
U03864,47,iOS,10,4.3,12,2,0,41,2,0
U03865,48,Android,3,4.5,7,1,0,46,2,0
U03866,55,iOS,32,16.3,97,26,4,2,14,0
U03867,43,Android,36,16.6,113,26,7,11,17,0
U03868,56,Android,20,10.3,57,11,0,19,7,0
U03869,28,Android,16,12.9,39,6,0,28,5,0
U03870,52,iOS,25,12.5,76,17,1,18,20,0
U03871,20,iOS,25,14.4,75,17,1,18,9,0
U03872,22,Web,23,16.9,76,15,2,18,11,0
U03873,59,Android,14,9.4,24,2,0,34,6,0
U03874,40,iOS,18,9.7,60,12,4,23,8,0
U03875,47,Android,15,3.6,44,5,0,40,8,0
U03876,46,Android,11,8.8,38,10,1,23,6,0
U03877,51,Web,2,7.2,3,0,0,46,0,0
U03878,29,iOS,16,10.4,33,6,0,22,9,0
U03879,26,Android,32,13.2,127,34,7,5,14,0
U03880,20,iOS,11,10.1,26,5,2,21,8,0
U03881,59,iOS,28,12.2,101,30,3,8,6,0
U03882,28,Web,22,6.5,45,6,2,28,4,0
U03883,45,iOS,11,3.9,21,0,0,37,4,1
U03884,39,Android,17,8.1,31,4,1,27,6,0
U03885,25,iOS,8,3.5,13,0,0,40,2,1
U03886,37,Android,9,0.5,21,4,0,37,5,0
U03887,21,Android,14,12.0,37,7,0,41,10,0
U03888,26,iOS,19,12.5,41,8,0,22,4,0
U03889,24,iOS,11,1.9,24,3,0,32,6,0
U03890,57,Android,12,8.3,21,3,1,33,8,0
U03891,45,iOS,19,12.3,68,13,1,22,10,0
U03892,62,iOS,27,16.4,96,30,7,11,9,0
U03893,38,iOS,27,9.6,72,18,1,27,11,0
U03894,27,Android,34,17.9,137,36,6,0,15,0
U03895,47,Android,33,19.0,122,41,1,0,6,0
U03896,62,Android,24,10.6,72,15,3,18,6,0
U03897,43,Android,11,12.8,29,4,1,32,3,1
U03898,18,Android,12,6.1,26,2,0,32,5,0
U03899,32,Android,21,12.7,47,4,0,25,9,0
U03900,62,Android,10,3.9,27,2,0,59,4,1
U03901,42,Android,23,11.0,68,12,1,15,11,0
U03902,63,Web,8,6.9,21,3,0,38,3,1
U03903,42,iOS,25,13.3,74,13,4,14,8,0
U03904,18,Android,29,19.6,92,27,6,4,15,0
U03905,59,Web,10,4.9,30,4,1,34,10,0
U03906,54,Android,8,7.0,16,1,0,39,2,0
U03907,52,Android,27,14.0,86,24,3,11,12,0
U03908,64,Web,25,11.8,78,23,2,13,9,0
U03909,27,Android,15,3.9,32,3,0,32,7,0
U03910,61,Android,15,9.6,41,9,0,28,5,0
U03911,29,Android,29,10.6,101,25,5,19,12,0
U03912,64,iOS,5,6.9,19,3,0,44,2,1
U03913,27,iOS,13,4.5,19,3,0,39,6,1
U03914,44,Android,15,9.2,32,2,0,27,3,0
U03915,55,Android,14,7.8,40,7,0,28,3,0
U03916,21,Android,26,10.0,94,22,2,23,9,0
U03917,21,iOS,25,12.7,73,15,4,23,10,0
U03918,58,Android,11,8.0,26,3,0,33,1,0
U03919,20,Web,11,2.5,21,3,0,41,4,1
U03920,47,iOS,25,10.1,84,15,2,15,5,0
U03921,63,Android,18,8.1,51,7,3,22,11,0
U03922,47,iOS,12,3.0,23,2,0,47,5,0
U03923,41,Android,17,6.4,48,9,0,30,10,0
U03924,38,Android,13,7.2,37,5,0,42,10,0
U03925,48,Android,11,8.1,18,1,0,34,2,0
U03926,45,iOS,32,14.9,105,19,2,15,7,0
U03927,42,iOS,5,1.5,10,2,0,57,3,1
U03928,25,Web,20,7.9,44,12,1,31,6,0
U03929,49,Android,12,15.3,36,9,0,27,5,0
U03930,53,Android,25,14.0,89,25,2,11,14,0
U03931,52,iOS,26,16.9,89,18,5,10,12,0
U03932,21,Android,23,11.3,74,18,3,7,11,0
U03933,51,Android,38,10.9,120,31,6,3,13,0
U03934,53,Web,19,11.0,67,14,2,21,13,0
U03935,26,Web,14,12.0,45,10,1,34,15,0
U03936,58,Web,24,15.2,55,12,0,16,11,0
U03937,43,Android,11,1.8,18,3,0,58,1,1
U03938,40,Android,21,8.4,46,9,3,29,14,0
U03939,52,Android,15,10.6,41,6,0,21,3,0
U03940,42,Web,8,8.7,23,5,1,20,5,0
U03941,44,Android,6,2.5,14,1,0,45,4,1
U03942,32,Android,20,13.3,63,18,5,13,8,0
U03943,62,Android,11,2.3,23,1,0,36,3,1
U03944,64,iOS,11,11.3,21,5,0,37,3,1
U03945,24,iOS,30,9.8,86,17,0,13,10,0
U03946,53,iOS,36,13.0,117,29,3,18,6,0
U03947,19,Android,12,9.9,38,8,2,23,7,0
U03948,35,iOS,30,10.8,64,14,0,32,10,0
U03949,64,Android,11,8.0,23,3,1,31,10,0
U03950,26,Android,32,13.2,86,31,3,6,21,0
U03951,36,Android,12,5.2,26,6,0,35,8,0
U03952,28,iOS,32,16.4,121,32,9,0,9,0
U03953,52,Android,10,1.6,18,2,0,44,0,1
U03954,40,Web,16,9.3,55,14,1,16,8,0
U03955,46,iOS,26,12.1,92,21,6,8,10,0
U03956,63,Android,21,8.6,60,8,2,28,8,0
U03957,43,iOS,11,1.2,20,2,0,34,3,0
U03958,53,iOS,19,6.4,36,6,0,22,4,0
U03959,22,Android,25,12.5,83,20,5,8,17,0
U03960,28,iOS,21,10.7,56,8,1,27,5,0
U03961,63,Android,14,10.8,24,3,0,39,2,0
U03962,59,Android,21,10.9,47,9,2,22,11,0
U03963,49,iOS,30,15.2,100,20,4,5,15,0
U03964,36,iOS,14,6.8,23,2,1,37,1,1
U03965,27,Android,14,5.7,29,6,0,30,2,0
U03966,58,Android,21,12.3,58,14,3,18,12,0
U03967,55,iOS,9,7.9,19,1,0,34,3,0
U03968,29,Android,17,11.2,49,9,0,22,4,0
U03969,46,Web,32,19.2,118,30,5,0,10,0
U03970,47,iOS,29,20.8,105,31,4,0,11,0
U03971,40,Web,16,8.2,38,9,3,27,2,0
U03972,62,Android,19,10.9,54,10,1,21,6,0
U03973,23,Web,29,12.1,100,28,3,5,9,0
U03974,30,Android,21,10.7,53,7,1,23,8,0
U03975,22,Android,23,10.0,49,12,0,18,11,0
U03976,51,Android,4,0.5,5,1,0,50,0,0
U03977,48,Android,32,12.5,128,38,6,0,15,0
U03978,65,Web,8,11.3,20,4,0,32,2,0
U03979,44,iOS,31,13.0,115,27,6,4,15,0
U03980,25,iOS,13,8.5,28,1,0,33,6,0
U03981,39,iOS,23,10.1,57,13,0,22,11,0
U03982,22,iOS,13,10.7,43,7,0,29,9,0
U03983,50,iOS,11,3.7,28,4,1,37,4,0
U03984,50,Web,14,6.6,41,8,0,36,4,1
U03985,59,iOS,29,12.6,92,21,4,6,13,0
U03986,34,iOS,8,6.2,15,2,0,41,3,1
U03987,32,Android,12,11.9,20,2,0,26,7,0
U03988,21,Web,23,10.2,54,8,1,16,8,0
U03989,37,Android,20,15.2,56,11,1,25,3,0
U03990,40,Android,10,8.5,17,1,0,27,4,0
U03991,54,Web,20,9.9,59,12,4,38,9,0
U03992,54,Android,7,6.3,16,3,0,32,5,1
U03993,24,Android,9,5.1,24,1,0,40,5,0
U03994,31,Android,31,13.2,106,26,8,0,15,0
U03995,42,Android,23,12.4,61,9,3,13,20,0
U03996,34,Web,3,1.5,5,2,0,45,1,0
U03997,19,Web,5,2.8,13,1,0,50,1,0
U03998,58,iOS,12,9.3,30,3,0,25,8,0
U03999,53,Web,17,10.8,33,4,0,23,10,0
U04000,42,iOS,11,4.0,26,3,1,46,3,1
U04001,33,Web,24,10.8,82,23,6,8,13,0
U04002,58,Android,9,4.5,15,3,0,44,3,0
U04003,19,iOS,4,3.5,4,0,0,42,4,0
U04004,39,Android,14,7.6,29,6,0,27,9,0
U04005,56,Android,13,7.7,37,9,0,30,3,0
U04006,63,iOS,34,15.1,120,30,3,4,8,0
U04007,30,Android,32,8.5,90,17,3,9,8,0
U04008,49,iOS,27,10.4,83,20,2,10,12,0
U04009,27,iOS,13,8.7,45,9,0,33,5,0
U04010,23,Android,21,8.9,56,10,1,25,9,0
U04011,34,Android,20,7.1,34,3,0,20,11,0
U04012,60,iOS,15,3.5,33,6,0,24,7,0
U04013,51,Web,9,4.7,20,3,0,38,2,1
U04014,41,Android,2,1.3,5,0,0,43,1,0
U04015,31,Web,24,14.4,86,16,4,16,18,0
U04016,24,Web,8,4.1,18,0,0,39,0,0
U04017,30,iOS,14,11.7,42,10,3,25,7,0
U04018,25,Android,19,6.8,54,8,1,25,9,0
U04019,26,iOS,21,10.2,52,8,1,18,16,0
U04020,51,Web,12,10.9,19,4,1,39,0,0
U04021,24,Android,33,12.5,86,19,1,15,4,0
U04022,20,Web,24,17.2,64,16,0,9,7,0
U04023,44,Web,24,13.2,84,14,3,25,7,0
U04024,31,iOS,24,10.8,75,22,3,17,12,0
U04025,39,iOS,9,10.4,23,3,2,41,2,0
U04026,24,iOS,32,19.6,119,35,7,2,10,0
U04027,28,iOS,21,7.8,50,8,1,17,7,0
U04028,39,Web,25,12.0,65,18,4,12,12,0
U04029,51,Android,13,12.6,37,3,0,25,7,0
U04030,37,Android,43,20.0,192,77,14,3,15,0
U04031,44,Android,24,6.4,81,9,0,18,12,0
U04032,43,Web,4,2.5,8,1,0,37,5,1
U04033,30,Android,9,2.2,16,1,0,41,5,1
U04034,31,Web,0,5.6,1,0,0,48,0,1
U04035,38,iOS,22,13.5,72,18,2,13,11,0
U04036,19,Android,15,7.7,38,11,3,24,5,0
U04037,50,Web,30,10.2,82,23,4,13,7,0
U04038,47,iOS,23,16.0,68,20,2,7,16,0
U04039,32,Android,21,7.5,59,14,3,27,9,0
U04040,35,Android,5,4.6,15,1,0,44,2,1
U04041,33,Android,33,16.9,114,27,3,3,15,0
U04042,49,Android,12,8.2,35,5,1,27,4,0
U04043,54,Android,26,9.6,75,14,2,10,13,0
U04044,23,iOS,5,9.0,13,3,0,31,7,1
U04045,37,Android,5,6.6,8,2,0,43,4,1
U04046,18,Android,22,15.4,60,20,3,22,15,0
U04047,39,Android,21,7.3,55,9,2,25,7,0
U04048,29,Android,18,13.7,49,5,1,25,4,0
U04049,34,Web,13,7.6,24,3,1,51,4,0
U04050,39,Android,15,10.7,39,8,1,25,3,0
U04051,33,Android,37,16.7,140,33,7,14,19,0
U04052,36,iOS,41,14.2,151,46,10,1,8,0
U04053,54,Web,13,6.8,27,5,1,30,7,0
U04054,56,iOS,10,1.3,18,2,0,36,1,0
U04055,18,Web,11,3.1,26,5,0,33,10,0
U04056,36,Web,22,12.4,62,9,1,16,9,0
U04057,58,iOS,23,12.1,76,24,4,8,14,0
U04058,43,Web,11,2.4,26,2,0,27,3,0
U04059,27,Android,25,11.8,79,18,1,15,12,0
U04060,46,Web,12,8.4,20,5,0,34,4,0
U04061,24,Web,12,6.7,35,5,0,34,7,0
U04062,19,Web,28,10.3,67,13,2,10,16,0
U04063,48,iOS,43,17.6,145,49,7,0,12,0
U04064,42,iOS,37,18.0,122,42,8,7,12,0
U04065,54,Android,20,11.0,40,9,2,23,5,0
U04066,34,iOS,25,13.6,65,18,3,11,5,0
U04067,59,Android,11,6.1,16,2,0,36,4,1
U04068,38,iOS,16,8.3,33,7,0,28,6,0
U04069,53,iOS,15,8.3,38,8,1,31,4,0
U04070,22,Android,27,12.8,79,11,1,15,12,0
U04071,22,Android,16,4.0,35,4,0,27,9,0
U04072,55,Android,29,3.8,78,15,1,20,12,0
U04073,58,iOS,20,8.8,56,9,1,21,6,0
U04074,63,iOS,12,2.5,25,3,1,47,2,1
U04075,33,iOS,14,12.5,36,7,0,28,5,0
U04076,19,Android,12,4.9,22,2,0,39,6,0
U04077,65,Web,14,5.0,39,10,0,37,9,0
U04078,46,iOS,25,13.4,79,19,5,13,10,0
U04079,29,Android,13,7.5,37,5,0,37,2,0
U04080,54,Android,24,9.5,60,13,1,25,5,0
U04081,61,iOS,14,6.7,44,7,2,32,4,0
U04082,31,Android,6,2.5,11,1,0,41,0,1
U04083,54,Android,18,10.4,44,6,3,19,7,0
U04084,55,Android,17,6.3,32,6,0,31,5,0
U04085,42,Android,13,3.9,23,4,0,35,3,0
U04086,48,Android,9,2.3,19,2,0,38,5,1
U04087,30,Android,13,10.7,39,5,2,29,8,0
U04088,62,Web,31,13.7,88,28,6,4,15,0
U04089,65,iOS,28,18.7,108,31,5,5,21,0
U04090,65,Android,12,10.9,25,4,0,32,7,0
U04091,53,iOS,10,3.0,19,1,0,31,4,0
U04092,20,iOS,30,11.9,90,20,2,10,15,0
U04093,35,Android,22,6.7,55,10,2,26,7,0
U04094,39,Android,21,9.9,63,16,3,17,6,0
U04095,64,Android,31,20.8,91,23,3,0,16,0
U04096,44,iOS,21,16.1,65,15,5,7,12,0
U04097,43,iOS,16,8.4,40,10,0,20,8,0
U04098,25,Android,13,9.9,33,5,2,32,4,0
U04099,56,iOS,14,5.0,33,4,0,27,7,0
U04100,34,Web,8,1.4,16,1,0,40,3,1
U04101,22,Android,38,18.5,145,35,8,0,15,0
U04102,65,iOS,17,10.3,46,12,1,26,13,0
U04103,27,iOS,21,9.3,49,9,2,21,7,0
U04104,18,iOS,14,9.8,43,5,1,21,8,0
U04105,21,iOS,25,11.5,88,25,4,13,8,0
U04106,39,iOS,31,12.6,68,13,1,18,10,0
U04107,22,Android,11,2.1,22,1,1,44,4,1
U04108,58,Android,7,1.7,18,3,0,41,0,0
U04109,42,Web,14,6.3,28,1,0,31,2,0
U04110,33,Android,14,3.4,32,6,1,33,6,0
U04111,18,Web,18,7.9,47,12,2,20,7,0
U04112,41,Android,13,12.6,43,11,1,21,13,0
U04113,25,iOS,26,15.0,95,30,5,0,13,0
U04114,64,iOS,26,15.7,74,19,0,11,9,0
U04115,31,Android,16,3.0,33,4,1,28,4,0
U04116,40,Web,25,16.0,78,20,1,17,7,0
U04117,18,Android,40,16.1,119,28,3,1,12,0
U04118,24,iOS,26,13.0,78,15,3,16,14,0
U04119,27,iOS,25,9.6,83,12,0,15,7,0
U04120,20,Web,10,7.5,23,5,0,30,6,0
U04121,52,iOS,13,12.7,36,8,0,32,4,0
U04122,63,Web,7,0.5,9,0,0,41,4,1
U04123,65,Web,16,3.6,40,6,0,43,4,0
U04124,30,Android,18,4.3,37,8,1,36,6,0
U04125,55,Web,5,3.9,11,0,0,43,5,1
U04126,42,Web,13,5.9,24,4,0,40,6,1
U04127,20,Android,9,7.4,13,2,0,32,8,0
U04128,22,iOS,7,0.5,13,3,0,44,1,1
U04129,44,Android,7,8.6,8,1,0,35,6,0
U04130,38,iOS,16,10.1,42,9,2,29,7,0
U04131,18,Android,13,7.4,27,2,0,27,5,1
U04132,62,iOS,28,12.9,111,28,5,10,10,0
U04133,53,Android,15,7.3,36,5,0,32,6,0
U04134,42,iOS,23,13.2,71,20,2,8,8,0
U04135,65,Android,12,4.5,22,2,0,45,4,0
U04136,64,iOS,26,13.2,92,16,1,13,11,0
U04137,64,iOS,29,11.7,103,21,2,9,5,0
U04138,30,iOS,6,3.9,12,2,0,42,2,0
U04139,60,Android,25,13.8,82,18,2,26,9,0
U04140,42,Android,12,10.2,25,4,0,24,2,0
U04141,52,Android,36,13.0,116,32,6,9,21,0
U04142,59,Web,29,9.5,74,15,1,17,5,0
U04143,25,Android,23,18.2,61,19,3,10,8,0
U04144,39,iOS,37,12.6,129,29,2,2,11,0
U04145,24,Android,18,10.0,42,9,1,24,5,0
U04146,31,iOS,20,12.2,53,14,2,28,5,0
U04147,37,Android,6,0.9,12,2,0,41,1,0
U04148,59,iOS,15,9.0,38,8,1,32,6,0
U04149,59,Android,24,17.7,89,27,5,10,11,0
U04150,36,Android,20,13.0,62,11,1,14,13,0
U04151,33,Android,21,10.1,55,16,1,20,6,0
U04152,43,Android,23,13.3,87,30,4,5,15,0
U04153,61,iOS,14,10.1,39,8,1,29,6,0
U04154,64,Web,11,8.4,19,4,1,33,2,0
U04155,28,iOS,9,3.0,17,3,0,32,4,0
U04156,26,Web,25,9.3,91,27,2,20,5,0
U04157,51,iOS,10,3.8,12,1,0,36,6,0
U04158,32,Android,29,15.6,97,29,1,5,10,0
U04159,27,Android,25,9.7,65,12,2,20,11,0
U04160,19,Android,17,6.0,36,4,0,27,4,0
U04161,37,Android,37,20.7,147,53,14,0,9,0
U04162,36,Web,19,12.2,44,7,0,21,5,0
U04163,45,iOS,18,9.7,38,7,0,32,10,0
U04164,27,iOS,11,11.8,25,4,1,31,6,0
U04165,52,iOS,25,12.3,77,18,3,11,17,0
U04166,50,Android,26,13.7,91,26,6,9,8,0
U04167,40,iOS,18,2.0,34,6,0,34,6,0
U04168,26,Android,11,5.7,26,6,1,25,12,0
U04169,42,Android,23,10.2,60,14,2,17,10,0
U04170,50,Android,12,8.5,26,1,0,43,6,0
U04171,35,Android,22,8.9,77,7,0,16,8,0
U04172,30,iOS,19,15.5,46,7,2,24,7,0
U04173,42,Android,6,5.8,11,1,0,32,5,0
U04174,35,Android,30,12.7,112,26,6,2,9,0
U04175,37,Web,28,10.7,95,28,3,12,9,0
U04176,34,Web,12,7.4,24,2,0,28,9,0
U04177,32,iOS,11,10.1,23,5,0,43,9,0
U04178,52,iOS,30,9.9,75,13,2,21,10,0
U04179,40,iOS,7,0.5,21,1,1,45,1,0
U04180,40,Android,32,19.6,104,35,8,11,13,0
U04181,49,Android,15,4.1,42,6,1,47,5,0
U04182,35,Android,15,6.3,47,10,3,29,5,0
U04183,22,Android,15,10.7,48,11,1,28,6,0
U04184,58,Web,29,18.4,109,26,5,0,15,0
U04185,20,iOS,26,14.2,61,14,2,14,15,0
U04186,45,Web,17,6.1,42,12,1,21,13,0
U04187,30,iOS,31,20.2,113,33,9,2,20,0
U04188,28,iOS,17,6.1,39,4,0,24,6,0
U04189,20,iOS,19,13.2,49,11,0,16,4,0
U04190,61,iOS,12,9.4,35,4,0,37,10,0
U04191,38,iOS,12,10.7,33,5,0,25,11,0
U04192,34,Android,21,10.0,62,14,2,17,7,0
U04193,53,iOS,17,11.0,34,3,0,27,7,0
U04194,19,Android,14,10.4,40,5,0,21,7,0
U04195,45,iOS,23,13.8,71,10,2,19,13,0
U04196,41,Android,16,7.3,33,6,1,20,12,0
U04197,44,iOS,13,11.8,43,5,2,33,4,0
U04198,23,Android,17,1.7,34,6,1,33,7,0
U04199,63,Android,17,10.5,41,3,1,28,10,0
U04200,29,iOS,9,3.1,19,3,1,45,3,1
U04201,50,Android,16,10.1,49,11,1,25,6,0
U04202,53,Web,10,5.4,23,5,0,34,4,0
U04203,34,Android,19,3.4,34,2,0,30,7,0
U04204,24,Android,18,5.0,35,4,1,30,3,0
U04205,32,Android,15,10.0,41,8,1,25,5,0
U04206,56,Web,10,10.3,25,3,0,23,8,0
U04207,61,iOS,5,9.5,10,3,1,41,3,0
U04208,62,Android,12,10.5,31,7,0,24,3,0
U04209,28,Android,22,11.9,64,15,0,21,8,0
U04210,47,iOS,25,13.1,59,8,0,27,6,0
U04211,25,Web,18,12.3,53,13,3,18,5,0
U04212,52,Android,32,13.2,103,32,7,2,13,0
U04213,37,Android,7,0.9,18,4,0,40,4,0
U04214,52,Android,27,20.7,99,21,6,7,9,0
U04215,50,Android,11,6.6,22,6,2,31,4,0
U04216,65,iOS,20,11.1,58,13,1,36,7,0
U04217,41,Web,5,1.4,11,1,0,45,1,0
U04218,34,Web,8,1.2,14,0,0,36,1,1
U04219,43,iOS,22,17.9,59,18,3,10,14,0
U04220,25,Android,31,9.8,90,19,2,12,14,0
U04221,23,Web,9,5.8,20,3,1,30,4,0
U04222,42,Android,4,4.3,13,1,0,41,4,0
U04223,57,Android,16,9.2,35,5,0,19,9,0
U04224,43,iOS,32,16.7,123,32,2,0,16,0
U04225,55,Android,15,10.2,44,8,1,24,0,0
U04226,26,Web,11,11.0,34,3,0,28,8,0
U04227,39,Web,27,12.4,96,29,8,14,9,0
U04228,47,iOS,11,6.5,24,5,1,32,5,0
U04229,34,iOS,23,14.0,69,24,3,2,16,0
U04230,18,Android,25,9.5,54,10,0,23,7,0
U04231,21,Android,7,2.4,10,1,0,45,4,1
U04232,62,iOS,14,9.4,39,6,0,20,6,0
U04233,47,iOS,28,15.3,106,33,2,20,13,0
U04234,30,Web,20,6.5,52,7,1,20,7,0
U04235,30,Android,43,19.6,138,42,11,2,10,0
U04236,19,Android,34,14.5,107,29,8,4,21,0
U04237,63,Android,31,11.4,93,23,1,11,9,0
U04238,23,iOS,25,15.9,77,14,4,14,7,0
U04239,54,iOS,14,8.7,29,8,2,32,8,0
U04240,29,Web,17,7.9,45,6,0,17,7,0
U04241,34,Android,25,15.3,77,16,1,9,9,0
U04242,31,iOS,10,8.5,19,2,0,29,4,0
U04243,57,Android,6,0.5,12,1,0,40,5,0
U04244,19,Android,22,11.8,66,19,2,28,14,0
U04245,34,Android,18,11.7,45,15,0,22,10,0
U04246,31,iOS,21,10.3,68,18,1,7,13,0
U04247,31,iOS,30,18.9,108,29,4,3,8,0
U04248,27,Android,17,6.8,39,5,0,25,4,0
U04249,61,iOS,17,6.9,35,6,1,26,6,0
U04250,36,Web,4,8.7,9,0,0,35,4,1
U04251,38,Android,21,10.3,75,18,3,16,9,0
U04252,36,Android,17,6.0,47,9,0,27,11,0
U04253,65,iOS,11,7.9,31,4,1,35,4,0
U04254,34,iOS,10,6.7,28,4,0,39,8,0
U04255,34,Web,6,2.6,7,0,0,49,2,1
U04256,33,Android,31,12.8,119,39,10,3,15,0
U04257,33,iOS,30,16.7,124,29,9,0,15,0
U04258,22,Web,12,4.3,24,6,0,39,2,1
U04259,47,Android,23,11.9,67,21,5,12,10,0
U04260,19,Android,9,1.1,16,2,1,41,4,0
U04261,28,Web,17,7.9,49,14,4,22,9,0
U04262,27,Android,21,13.2,54,6,1,17,11,0
U04263,31,iOS,33,14.2,104,34,4,7,5,0
U04264,54,Web,11,8.1,23,4,1,26,6,0
U04265,46,Android,13,4.4,33,3,0,37,4,0
U04266,65,iOS,21,12.9,61,19,4,8,7,0
U04267,34,iOS,7,4.7,13,0,0,35,5,0
U04268,62,Web,25,10.5,75,16,2,20,7,0
U04269,20,Web,37,14.4,116,33,6,0,9,0
U04270,42,Web,8,5.7,23,2,0,41,3,1
U04271,56,Android,19,11.9,54,8,2,30,11,0
U04272,43,iOS,25,8.1,81,11,0,17,13,0
U04273,62,Web,25,13.9,67,13,0,17,8,0
U04274,33,iOS,21,10.1,61,13,2,16,8,0
U04275,19,iOS,28,10.9,93,20,3,9,11,0
U04276,55,Android,18,8.0,59,12,2,23,7,0
U04277,21,Web,21,6.0,57,5,0,26,12,0
U04278,54,Android,20,9.5,57,14,1,8,12,0
U04279,53,Android,35,21.0,152,48,6,0,15,0
U04280,58,Web,13,12.9,49,8,1,23,2,0
U04281,40,Web,5,3.7,13,2,1,34,3,1
U04282,60,Web,17,9.1,47,11,0,26,5,0
U04283,26,iOS,23,9.8,69,13,3,20,12,0
U04284,38,Android,17,6.8,49,9,4,22,12,0
U04285,23,iOS,7,4.1,20,0,0,36,4,1
U04286,54,Android,16,7.4,40,6,0,30,8,0
U04287,52,Web,17,9.6,33,7,0,29,9,0
U04288,56,iOS,13,0.5,23,3,0,39,3,0
U04289,54,Android,15,6.0,28,3,1,35,7,0
U04290,32,Android,9,8.0,12,0,0,40,3,0
U04291,21,Android,15,2.7,45,7,1,27,6,0
U04292,62,Web,13,6.4,23,1,0,36,9,1
U04293,41,iOS,15,6.8,34,7,3,30,6,0
U04294,22,Android,12,8.9,30,8,1,32,7,0
U04295,62,Android,38,19.6,122,44,13,0,15,0
U04296,65,Android,14,11.8,48,10,2,31,8,0
U04297,39,Android,19,13.8,50,12,0,21,8,0
U04298,54,Web,28,8.2,84,11,3,19,11,0
U04299,19,iOS,18,11.7,47,10,1,26,7,0
U04300,22,Android,24,8.1,61,12,3,25,9,0
U04301,31,iOS,12,9.7,23,3,0,26,5,0
U04302,49,Android,9,4.7,23,0,0,32,2,0
U04303,24,Android,32,11.0,104,26,3,25,10,0
U04304,19,iOS,14,2.6,22,3,0,33,5,0
U04305,50,Android,21,11.3,50,8,2,14,5,0
U04306,54,iOS,5,1.4,7,0,0,49,2,1
U04307,53,Web,5,6.6,9,0,0,42,0,0
U04308,56,Web,16,10.8,41,7,1,26,6,0
U04309,56,Android,27,14.5,87,19,3,12,12,0
U04310,46,iOS,7,7.3,21,3,0,41,4,0
U04311,42,Android,14,10.9,41,9,0,26,4,0
U04312,59,iOS,28,15.0,101,25,4,9,13,0
U04313,34,Android,8,1.6,8,0,0,41,1,1
U04314,22,iOS,11,6.7,28,5,0,33,5,0
U04315,54,Android,16,4.6,44,6,1,31,2,0
U04316,31,Web,17,9.2,60,13,0,26,9,0
U04317,64,Web,21,8.7,50,9,0,23,5,0
U04318,37,Android,17,4.2,42,14,2,21,5,0
U04319,58,iOS,12,2.6,29,2,1,32,7,0
U04320,20,Android,8,2.2,10,0,0,57,4,1
U04321,49,iOS,31,9.6,114,30,4,0,10,0
U04322,39,Android,12,9.8,27,6,0,30,2,0
U04323,40,Android,3,3.7,13,3,0,41,2,1
U04324,30,iOS,18,7.8,50,13,0,25,7,0
U04325,64,iOS,24,15.3,76,19,2,15,9,0
U04326,36,iOS,32,17.0,109,36,7,6,11,0
U04327,58,iOS,24,16.1,90,19,2,9,17,0
U04328,38,Android,18,8.2,39,6,0,34,5,0
U04329,20,Android,30,13.0,82,25,1,20,13,0
U04330,60,iOS,10,5.0,21,2,0,38,6,0
U04331,26,iOS,9,5.2,20,2,0,36,2,1
U04332,30,Android,26,7.5,68,16,6,22,9,0
U04333,59,Android,25,4.6,72,14,1,25,8,0
U04334,60,iOS,27,10.3,92,22,3,13,10,0
U04335,62,iOS,18,7.0,28,3,0,31,1,0
U04336,38,Web,27,12.5,86,28,4,7,11,0
U04337,54,Android,29,12.5,102,28,7,15,14,0
U04338,33,iOS,22,15.0,76,21,1,6,9,0
U04339,53,iOS,9,9.0,12,4,0,42,9,0
U04340,42,Android,32,14.0,94,19,1,13,14,0
U04341,20,Android,28,15.2,103,31,4,4,8,0
U04342,38,Android,13,7.9,41,5,0,34,6,0
U04343,40,Web,26,21.1,90,28,7,3,15,0
U04344,30,Android,19,3.1,36,3,0,32,11,0
U04345,35,iOS,7,8.9,16,3,0,34,3,0
U04346,42,iOS,12,5.9,30,5,0,33,2,0
U04347,20,Android,5,3.2,14,1,0,46,1,1
U04348,25,Web,30,15.0,84,24,3,7,14,0
U04349,54,iOS,12,0.5,32,5,1,39,1,0
U04350,34,Android,9,4.2,20,4,1,33,5,1
U04351,47,iOS,8,6.4,16,4,0,34,4,0
U04352,45,iOS,29,16.0,99,32,4,6,9,0
U04353,44,Android,24,12.9,76,18,1,17,8,0
U04354,37,iOS,17,8.9,52,8,2,35,5,0
U04355,41,iOS,16,12.7,45,4,0,29,1,0
U04356,57,Android,28,12.3,100,31,6,6,7,0
U04357,64,Web,6,8.4,11,4,0,31,3,0
U04358,30,iOS,12,9.6,29,3,0,27,2,0
U04359,50,iOS,28,17.7,101,27,4,0,11,0
U04360,64,Android,5,2.9,7,1,0,42,3,0
U04361,18,Android,5,2.3,5,1,0,45,2,1
U04362,55,Android,10,4.7,22,1,0,33,3,0
U04363,41,iOS,13,9.6,30,3,1,38,5,1
U04364,64,iOS,14,12.1,23,4,0,32,4,0
U04365,45,iOS,12,4.9,27,4,0,24,11,0
U04366,58,Android,22,13.3,61,18,4,11,14,0
U04367,25,iOS,26,6.6,67,16,4,18,10,0
U04368,24,Web,6,0.5,14,0,0,48,1,0
U04369,62,iOS,13,10.7,33,10,1,30,4,0
U04370,43,iOS,11,2.6,15,3,0,35,5,0
U04371,44,Web,8,3.1,11,0,0,36,2,0
U04372,26,Android,25,12.9,93,25,4,6,14,0
U04373,28,iOS,15,12.3,38,9,2,27,14,0
U04374,57,Web,28,13.8,92,28,4,11,15,0
U04375,32,iOS,17,11.5,42,7,0,27,4,0
U04376,46,Android,4,2.9,9,0,0,52,3,1
U04377,33,Web,3,0.8,10,1,0,41,0,1
U04378,30,Android,29,11.4,95,20,2,3,8,0
U04379,25,Android,20,10.6,59,11,3,20,5,0
U04380,62,Android,23,11.3,61,8,1,19,9,0
U04381,63,iOS,28,16.7,108,32,9,13,11,0
U04382,23,Android,25,13.0,89,19,4,13,6,0
U04383,34,iOS,19,11.6,51,10,1,46,4,0
U04384,45,Web,17,8.9,38,7,2,27,1,0
U04385,36,iOS,14,6.9,24,5,0,39,4,0
U04386,52,iOS,34,14.3,121,39,5,1,9,0
U04387,30,Web,14,4.1,31,4,1,37,3,0
U04388,20,Web,5,0.5,14,0,0,43,3,1
U04389,34,Android,12,6.4,27,3,0,25,4,0
U04390,46,Android,15,13.3,45,8,0,24,9,0
U04391,26,iOS,16,10.2,55,16,1,36,11,0
U04392,57,Web,28,13.0,107,28,4,4,10,0
U04393,18,iOS,28,10.6,96,25,4,18,8,0
U04394,21,Android,36,18.7,115,25,4,6,16,0
U04395,42,iOS,34,17.1,122,30,3,0,17,0
U04396,42,iOS,21,9.3,43,7,2,27,7,0
U04397,32,iOS,39,13.2,146,31,6,5,12,0
U04398,30,Web,9,0.5,23,1,0,34,2,1
U04399,21,iOS,13,3.2,29,5,0,29,2,0
U04400,49,iOS,21,10.0,59,18,2,13,10,0
U04401,36,iOS,23,8.2,46,13,0,20,9,0
U04402,23,iOS,29,16.3,126,40,8,2,11,0
U04403,37,iOS,28,9.6,70,8,0,25,7,0
U04404,62,iOS,17,7.5,34,4,0,30,5,0
U04405,30,iOS,16,9.7,39,3,0,26,5,0
U04406,60,iOS,6,5.8,14,1,0,41,1,0
U04407,30,iOS,9,7.6,19,1,0,37,6,0
U04408,26,Android,17,7.0,39,11,1,26,7,0
U04409,30,iOS,31,18.0,125,31,4,0,19,0
U04410,33,iOS,7,6.3,19,4,1,35,4,1
U04411,23,Android,16,10.8,40,8,0,19,6,0
U04412,46,Android,40,14.6,131,32,3,2,17,0
U04413,34,Android,11,3.4,23,4,0,31,8,0
U04414,52,Web,6,4.3,15,3,0,37,3,0
U04415,41,Web,32,12.9,88,24,6,12,12,0
U04416,39,iOS,21,13.1,62,9,0,17,5,0
U04417,40,Android,9,5.0,15,2,0,33,5,0
U04418,25,iOS,26,6.6,67,11,2,19,11,0
U04419,52,iOS,21,9.4,74,22,6,15,9,0
U04420,22,Web,22,11.0,69,22,2,15,8,0
U04421,52,Android,15,8.1,34,4,0,24,9,0
U04422,65,Android,9,1.7,16,3,1,35,6,1
U04423,54,iOS,17,9.2,50,10,0,17,8,0
U04424,39,Android,34,20.0,124,31,7,11,7,0
U04425,33,iOS,32,12.9,96,18,2,15,16,0
U04426,59,iOS,28,12.2,98,22,2,12,13,0
U04427,30,Android,3,0.5,4,1,0,40,0,1
U04428,41,Android,15,6.8,37,3,0,28,4,1
U04429,55,iOS,11,2.2,25,7,0,31,8,0
U04430,62,Web,14,8.7,47,7,0,32,7,0
U04431,62,iOS,33,12.1,104,27,6,7,14,0
U04432,22,Android,27,15.3,100,17,2,17,11,0
U04433,61,iOS,36,18.4,120,32,7,15,9,0
U04434,23,iOS,28,12.7,87,24,3,28,8,0
U04435,46,iOS,35,12.6,129,35,5,10,9,0
U04436,62,iOS,5,4.6,15,2,1,34,4,0
U04437,49,Android,14,2.8,36,5,0,28,7,0
U04438,63,iOS,25,9.8,67,9,4,23,13,0
U04439,34,iOS,17,5.8,44,12,0,26,10,0
U04440,33,Android,19,13.5,55,14,2,21,13,0
U04441,33,iOS,26,5.2,69,15,1,33,13,0
U04442,35,Web,10,4.3,23,3,0,28,9,0
U04443,50,iOS,14,8.6,34,4,0,32,3,0
U04444,39,Android,10,2.3,14,2,1,44,3,1
U04445,53,iOS,12,10.6,37,8,0,36,5,0
U04446,37,Android,12,6.0,27,1,0,45,4,0
U04447,32,iOS,17,8.1,45,8,0,39,8,0
U04448,27,iOS,13,9.4,36,6,0,26,6,0
U04449,44,Android,16,9.5,40,10,2,25,4,0
U04450,61,Android,12,4.5,31,2,0,47,3,1
U04451,59,Web,20,6.1,41,7,0,28,6,0
U04452,30,Android,18,13.5,49,10,1,22,9,0
U04453,40,Web,12,4.6,25,1,0,41,4,0
U04454,51,iOS,16,10.2,52,13,2,23,9,0
U04455,47,iOS,18,12.7,55,17,1,24,12,0
U04456,21,Android,26,15.9,84,20,2,8,12,0
U04457,46,Android,19,13.6,41,9,3,18,5,0
U04458,19,Android,24,10.7,71,18,3,30,9,0
U04459,23,iOS,7,4.3,17,5,0,31,5,1
U04460,49,Web,21,9.4,58,6,1,21,13,0
U04461,22,Web,5,7.1,18,3,0,39,3,0
U04462,34,Android,25,11.8,69,17,3,21,9,0
U04463,46,Android,27,18.0,120,36,7,0,15,0
U04464,49,Android,21,12.9,73,16,5,16,11,0
U04465,39,Web,30,12.0,104,22,3,19,7,0
U04466,22,Android,31,19.9,133,44,9,0,16,0
U04467,56,Android,16,10.2,46,10,1,20,7,0
U04468,63,iOS,17,17.6,44,1,0,14,12,0
U04469,60,iOS,6,6.2,14,0,0,32,3,1
U04470,53,Android,27,13.2,72,18,3,10,9,0
U04471,37,iOS,15,7.6,47,10,2,27,2,0
U04472,60,Android,9,2.2,16,2,0,39,5,0
U04473,41,Android,25,13.5,87,28,3,9,12,0
U04474,24,Android,33,18.8,121,31,7,5,13,0
U04475,58,Android,17,7.2,42,9,4,24,3,0
U04476,33,Web,11,5.0,31,3,0,46,2,1
U04477,63,iOS,25,9.6,85,19,2,14,9,0
U04478,35,iOS,30,22.6,103,36,7,6,13,0
U04479,59,Android,14,2.1,22,4,0,41,3,0
U04480,43,iOS,18,4.0,41,9,0,26,5,0
U04481,40,Web,31,12.1,91,19,2,17,11,0
U04482,32,Android,13,6.4,21,2,0,34,4,0
U04483,58,Web,14,9.7,37,6,1,32,7,0
U04484,20,iOS,9,5.3,16,1,0,37,0,1
U04485,40,iOS,21,8.3,80,9,0,28,8,0
U04486,35,Android,13,6.5,25,6,0,29,3,0
U04487,44,iOS,20,12.7,62,12,1,23,8,0
U04488,30,iOS,18,11.0,42,10,0,23,9,0
U04489,49,Web,15,6.6,39,3,0,34,3,0
U04490,36,Web,17,15.4,54,8,0,21,15,0
U04491,27,Android,31,11.8,89,24,5,10,8,0
U04492,27,Web,10,6.1,18,2,0,40,2,1
U04493,51,Web,21,11.5,56,20,2,12,10,0
U04494,30,iOS,7,7.9,16,2,0,41,3,0
U04495,32,Android,27,11.3,81,17,0,22,14,0
U04496,48,Android,14,4.7,26,6,1,39,3,0
U04497,33,Android,10,1.4,24,1,0,36,3,1
U04498,36,Android,21,10.7,45,4,0,26,4,0
U04499,29,Web,12,10.0,23,1,0,39,4,1
U04500,34,Android,19,6.8,50,9,1,28,9,0
U04501,51,iOS,20,10.6,48,15,3,13,12,0
U04502,43,iOS,13,1.0,27,7,1,31,5,0
U04503,65,iOS,28,5.4,79,19,2,22,5,0
U04504,55,Android,15,9.6,47,11,3,20,9,0
U04505,18,iOS,15,4.1,34,7,0,37,3,0
U04506,36,iOS,22,10.1,80,17,4,11,16,0
U04507,31,iOS,19,8.4,58,16,2,14,13,0
U04508,46,Android,24,16.3,72,14,3,13,6,0
U04509,30,iOS,6,6.5,13,0,0,42,0,1
U04510,64,Android,7,3.2,12,1,1,53,1,1
U04511,32,iOS,42,17.3,158,45,7,0,18,0
U04512,43,Android,10,5.7,27,4,0,41,6,1
U04513,23,Android,20,10.4,59,11,5,30,12,0
U04514,61,Web,13,6.4,23,6,0,41,10,1
U04515,61,Android,23,10.3,70,16,6,7,18,0
U04516,56,Web,35,13.0,125,24,2,5,6,0
U04517,34,Web,12,4.3,33,5,0,25,6,0
U04518,20,Android,34,14.7,112,33,1,5,18,0
U04519,52,Android,25,15.3,83,18,4,11,14,0
U04520,38,Android,13,2.3,20,3,0,41,4,0
U04521,65,Web,18,9.6,45,13,2,21,12,0
U04522,51,iOS,17,7.6,52,8,2,26,9,0
U04523,43,Android,8,6.2,25,3,0,35,5,0
U04524,65,iOS,17,13.3,57,11,0,21,6,0
U04525,56,Android,18,7.6,58,7,0,20,9,0
U04526,40,iOS,22,9.7,75,26,5,13,10,0
U04527,18,iOS,10,0.5,19,2,0,39,3,1
U04528,22,Android,22,8.6,68,15,2,23,7,0
U04529,39,Web,23,17.1,80,23,3,7,8,0
U04530,44,Android,17,10.6,42,6,0,28,9,1
U04531,19,iOS,22,9.1,48,7,1,28,8,0
U04532,24,iOS,8,3.4,9,3,0,37,4,1
U04533,51,Web,16,5.6,46,8,0,24,11,0
U04534,54,iOS,8,0.8,17,0,0,40,3,1
U04535,19,Web,30,13.5,76,23,5,9,6,0
U04536,42,Android,18,7.7,38,7,0,25,8,0
U04537,21,Web,10,3.7,14,2,0,37,2,1
U04538,52,Android,35,18.8,109,37,6,0,14,0
U04539,58,iOS,21,14.7,77,19,5,10,10,0
U04540,59,Android,25,12.8,81,19,4,11,10,0
U04541,46,Web,22,12.1,55,12,2,21,12,0
U04542,48,Web,9,2.9,21,1,0,40,4,1
U04543,62,Android,36,13.1,136,33,8,3,10,0
U04544,47,iOS,17,3.2,35,2,0,34,4,0
U04545,39,iOS,17,10.6,44,5,1,26,13,0
U04546,54,Android,18,7.8,65,13,1,25,7,0
U04547,46,iOS,11,8.7,33,4,1,28,6,0
U04548,58,iOS,17,13.3,41,8,2,26,12,0
U04549,43,iOS,32,11.6,112,25,1,7,6,0
U04550,59,Android,15,7.4,24,3,0,31,3,0
U04551,20,Web,4,2.1,5,0,0,49,1,1
U04552,19,Android,26,15.0,85,20,2,6,11,0
U04553,22,iOS,24,13.4,50,10,3,24,9,0
U04554,44,Android,23,12.6,75,22,1,31,6,0
U04555,52,Android,37,17.8,117,32,8,0,13,0
U04556,28,Android,13,11.5,28,4,0,29,5,0
U04557,25,Android,34,6.4,89,8,0,26,13,0
U04558,59,iOS,6,2.2,17,2,0,35,5,0
U04559,54,iOS,30,16.0,86,34,6,1,12,0
U04560,49,iOS,21,13.7,60,12,0,13,7,0
U04561,41,iOS,12,6.4,23,0,0,37,5,0
U04562,38,Android,9,7.4,18,3,0,32,9,0
U04563,18,Android,26,15.9,90,20,3,16,7,0
U04564,27,iOS,21,13.0,61,12,1,17,12,0
U04565,61,iOS,12,5.4,35,7,0,34,4,0
U04566,34,iOS,31,19.6,107,31,2,1,14,0
U04567,51,Android,22,10.0,53,7,2,23,9,0
U04568,51,Web,15,6.6,43,7,0,35,8,0
U04569,32,Android,22,6.1,58,19,2,19,4,0
U04570,27,iOS,20,15.3,81,22,4,6,13,0
U04571,51,Android,24,14.7,62,12,1,20,6,0
U04572,22,iOS,22,18.4,74,21,5,14,7,0
U04573,41,Android,10,5.4,25,3,1,41,1,0
U04574,60,iOS,12,4.1,21,4,0,53,0,0
U04575,52,Android,23,14.1,75,17,3,10,9,0
U04576,54,iOS,30,18.7,109,30,7,4,22,0
U04577,21,Android,24,12.7,76,12,4,18,10,0
U04578,27,iOS,7,5.7,16,2,0,42,3,1
U04579,31,Android,5,8.2,6,1,0,38,4,1
U04580,32,Android,17,17.0,62,21,2,8,9,0
U04581,27,iOS,16,9.2,31,4,0,29,4,0
U04582,64,Android,19,10.6,63,13,4,14,12,0
U04583,25,Android,25,15.7,75,18,2,7,13,0
U04584,51,Web,3,0.7,3,1,0,53,1,1
U04585,46,Web,10,7.3,18,3,0,35,3,1
U04586,47,Web,11,6.8,25,4,0,32,5,0
U04587,28,Android,11,9.9,22,2,0,32,8,0
U04588,32,iOS,16,8.8,37,12,1,25,10,0
U04589,47,iOS,14,4.7,36,4,1,24,7,1
U04590,32,Android,31,15.1,87,25,2,6,8,0
U04591,51,iOS,31,11.3,111,37,9,4,13,0
U04592,19,Android,29,10.0,94,18,5,9,9,0
U04593,21,Web,21,12.1,58,14,1,22,9,0
U04594,52,iOS,26,12.1,88,20,4,10,7,0
U04595,47,iOS,25,14.8,92,27,8,0,21,0
U04596,20,iOS,22,14.0,66,15,5,5,13,0
U04597,61,Android,23,16.5,67,18,3,6,9,0
U04598,18,Android,31,16.3,117,32,5,11,7,0
U04599,63,iOS,27,18.3,107,38,6,10,10,0
U04600,53,iOS,22,15.5,81,21,2,19,7,0
U04601,65,iOS,18,8.5,50,6,0,29,8,0
U04602,63,Android,7,6.0,15,1,0,38,3,1
U04603,33,iOS,11,5.7,34,7,1,25,6,0
U04604,54,Android,20,13.1,67,18,5,9,6,0
U04605,28,Android,28,14.2,79,10,0,12,6,0
U04606,40,Web,11,5.4,29,5,0,30,4,0
U04607,29,iOS,17,6.9,41,7,0,42,6,0
U04608,41,iOS,12,9.4,30,7,0,29,4,0
U04609,59,Web,22,9.5,85,19,1,13,9,0
U04610,38,Android,15,1.8,42,6,0,28,7,0
U04611,22,Web,7,8.7,15,2,1,32,5,0
U04612,33,iOS,15,12.3,41,5,0,38,4,0
U04613,55,iOS,16,10.0,35,6,1,25,8,0
U04614,43,Android,14,3.5,34,6,0,30,3,1
U04615,44,Android,22,14.6,81,16,3,27,14,0
U04616,38,Android,26,11.0,92,19,2,21,8,0
U04617,32,Android,12,7.6,41,9,0,33,1,0
U04618,46,Android,25,18.6,77,22,4,11,16,0
U04619,48,iOS,3,1.3,7,1,0,54,7,0
U04620,61,iOS,40,17.7,146,52,6,6,14,0
U04621,47,Android,23,11.3,60,12,1,28,11,0
U04622,65,iOS,20,11.3,48,11,2,17,10,0
U04623,57,Web,17,8.2,48,13,1,29,9,0
U04624,21,iOS,15,3.0,24,3,0,31,2,0
U04625,36,iOS,18,13.4,51,6,1,23,10,0
U04626,36,iOS,15,11.4,46,5,0,31,4,0
U04627,18,Android,7,10.0,12,2,0,34,3,0
U04628,26,Android,9,2.3,15,4,0,43,6,0
U04629,54,Web,5,3.8,13,2,0,49,5,1
U04630,34,iOS,13,11.4,33,5,1,33,3,0
U04631,25,iOS,23,11.7,63,14,2,13,6,0
U04632,31,Web,24,6.2,41,2,1,32,3,0
U04633,31,Android,19,15.2,79,18,4,9,16,0
U04634,26,Android,25,9.2,73,15,0,12,10,0
U04635,22,iOS,31,8.4,95,20,3,10,10,0
U04636,54,Android,15,11.0,34,4,0,36,2,1
U04637,57,iOS,30,14.3,101,31,4,5,10,0
U04638,41,Web,13,12.5,43,8,0,22,9,0
U04639,47,iOS,10,4.5,26,3,1,35,5,1
U04640,62,Android,19,9.8,34,2,1,27,5,0
U04641,58,iOS,20,14.3,70,17,1,8,11,0
U04642,19,Android,6,0.5,14,2,0,39,2,1
U04643,63,Web,15,8.9,48,10,2,29,7,0
U04644,21,Android,21,11.6,48,8,1,21,8,0
U04645,19,Web,21,11.3,57,12,2,19,12,0
U04646,37,iOS,25,11.8,65,14,2,13,6,0
U04647,53,Android,8,0.5,17,2,0,37,0,0
U04648,21,iOS,36,17.2,119,42,2,0,18,0
U04649,32,Android,29,9.6,87,22,4,19,10,0
U04650,30,iOS,26,10.9,64,15,3,12,14,0
U04651,37,Web,5,0.5,8,3,1,42,0,1
U04652,65,Web,16,6.9,42,6,1,37,6,1
U04653,33,Android,7,4.6,11,0,0,38,5,1
U04654,28,iOS,30,15.1,111,35,3,1,15,0
U04655,23,Web,23,16.1,60,16,2,12,12,0
U04656,27,Web,12,5.1,20,5,0,37,2,0
U04657,24,Android,23,8.6,56,12,0,11,6,0
U04658,45,Android,9,2.5,17,2,0,41,4,1
U04659,38,Web,16,5.9,35,2,0,31,4,0
U04660,41,Android,29,15.0,105,25,5,14,18,0
U04661,57,Android,7,0.5,11,1,1,47,3,1
U04662,45,iOS,20,6.5,58,5,1,30,6,0
U04663,25,Android,16,10.6,38,9,1,31,6,0
U04664,36,Web,11,12.6,35,9,0,16,13,0
U04665,33,Android,13,6.7,30,3,0,46,3,0
U04666,57,iOS,34,16.1,129,44,9,0,17,0
U04667,32,Web,17,11.0,56,9,1,29,7,0
U04668,24,Web,10,5.0,12,1,0,57,3,1
U04669,53,Web,4,3.4,10,2,1,50,1,0
U04670,38,Web,18,10.1,43,10,2,16,9,0
U04671,22,Android,12,7.8,36,5,3,24,9,1
U04672,51,Web,6,1.6,12,1,0,51,2,1
U04673,28,Web,25,6.3,72,21,1,15,10,0
U04674,59,iOS,18,6.7,52,7,1,26,4,0
U04675,57,Android,24,14.5,66,12,0,13,7,0
U04676,35,Android,8,3.3,16,0,0,34,8,0
U04677,44,iOS,17,15.1,45,8,1,26,8,0
U04678,45,iOS,19,7.7,54,14,1,24,14,0
U04679,49,Android,9,8.1,28,8,0,32,7,0
U04680,21,Android,27,8.7,76,14,1,15,10,0
U04681,33,iOS,17,12.1,57,9,2,17,4,0
U04682,26,Android,15,9.2,38,10,1,23,9,0
U04683,51,Web,9,1.8,21,3,0,37,2,0
U04684,21,Android,6,5.5,20,1,0,45,1,1
U04685,42,Android,6,4.5,19,1,0,48,4,1
U04686,52,Android,25,12.2,86,21,4,9,15,0
U04687,63,Web,6,8.2,11,1,0,52,3,1
U04688,31,Web,7,5.5,12,1,0,38,6,1
U04689,18,Android,33,20.5,137,50,9,0,13,0
U04690,52,Android,23,9.7,48,7,1,17,11,0
U04691,18,Android,33,12.7,117,25,5,11,10,0
U04692,21,Android,17,13.9,56,15,2,27,7,0
U04693,65,iOS,5,1.3,9,1,0,43,2,0
U04694,59,Android,4,3.5,11,0,0,58,2,1
U04695,51,iOS,26,16.7,88,20,0,7,12,0
U04696,58,Android,9,1.0,16,0,0,37,6,1
U04697,21,iOS,7,7.8,8,3,0,26,10,1
U04698,22,Android,16,6.3,34,4,0,24,6,0
U04699,32,Android,16,13.9,47,13,0,31,9,0
U04700,19,Android,13,7.4,32,4,0,25,5,0
U04701,60,Android,9,3.4,19,1,0,37,2,0
U04702,20,Android,14,2.8,28,4,0,30,2,0
U04703,44,Web,3,1.6,6,1,0,44,2,1
U04704,58,Android,25,11.9,84,22,5,8,9,0
U04705,53,Android,21,13.4,60,13,2,20,6,0
U04706,29,Android,6,2.1,10,1,0,44,4,1
U04707,40,iOS,18,14.1,45,12,0,16,10,0
U04708,44,Web,14,6.1,36,5,0,39,4,0
U04709,54,iOS,37,18.2,146,45,7,0,9,0
U04710,38,iOS,23,10.2,73,13,1,11,8,0
U04711,31,Web,5,6.3,7,0,0,47,6,1
U04712,56,Android,16,8.0,48,12,2,28,5,0
U04713,60,Web,9,8.0,22,5,0,35,6,0
U04714,41,iOS,29,12.0,96,20,5,14,11,0
U04715,19,Android,30,12.6,91,21,4,25,9,0
U04716,42,iOS,18,2.7,45,8,1,34,3,0
U04717,60,Android,37,16.9,91,21,2,7,14,0
U04718,65,Android,15,3.8,28,4,2,24,7,1
U04719,37,Web,13,0.5,23,3,0,39,3,1
U04720,25,Android,20,10.9,57,14,2,22,8,0
U04721,45,iOS,5,5.5,11,3,0,40,4,1
U04722,57,Web,17,6.8,47,10,2,36,12,0
U04723,63,iOS,6,5.3,8,0,0,32,6,0
U04724,20,Android,24,8.9,54,10,2,20,10,0
U04725,31,iOS,28,6.8,71,11,0,31,3,0
U04726,40,Web,20,12.6,51,14,1,17,11,0
U04727,22,Android,11,3.9,24,5,1,38,3,0
U04728,60,Android,19,4.2,46,9,1,25,6,0
U04729,23,iOS,33,17.8,140,39,4,1,17,0
U04730,49,Web,20,7.1,51,14,4,23,7,0
U04731,62,Android,15,10.2,41,9,0,30,7,0
U04732,50,Android,17,3.8,40,3,0,38,6,0
U04733,54,Web,7,9.0,11,2,0,34,5,1
U04734,30,Android,25,13.7,81,22,2,15,13,0
U04735,57,Android,16,11.4,55,12,1,13,11,0
U04736,38,iOS,51,20.8,215,68,17,0,21,0
U04737,20,Android,10,4.1,21,5,0,36,7,0
U04738,35,Android,15,4.9,33,5,1,34,1,0
U04739,34,iOS,26,11.5,92,23,6,10,17,0
U04740,43,iOS,14,3.0,38,7,0,32,0,1
U04741,30,iOS,32,15.3,96,24,5,3,12,0
U04742,40,Android,36,13.8,128,43,7,1,17,0
U04743,38,iOS,14,6.4,36,7,0,30,5,0
U04744,33,iOS,18,8.3,47,10,0,34,5,0
U04745,51,Web,17,6.6,29,7,0,26,8,0
U04746,32,iOS,13,9.8,29,4,0,18,4,0
U04747,54,iOS,26,12.1,73,15,1,14,10,0
U04748,30,Web,9,5.5,25,2,0,36,7,1
U04749,59,Web,26,11.2,79,21,2,11,13,0
U04750,35,Android,25,11.2,72,16,1,17,8,0
U04751,19,Web,17,7.8,49,7,0,29,3,0
U04752,25,Web,16,7.3,48,6,0,24,8,0
U04753,56,Android,21,13.3,71,19,2,12,12,0
U04754,59,Android,30,18.5,106,30,7,4,10,0
U04755,28,iOS,20,11.1,42,13,2,19,6,0
U04756,46,Android,14,1.7,32,3,0,50,1,1
U04757,45,iOS,26,17.6,105,32,4,0,16,0
U04758,24,iOS,20,5.7,44,8,0,24,8,0
U04759,39,Android,12,3.6,40,6,0,34,5,0
U04760,51,Android,21,8.8,61,13,1,26,6,0
U04761,64,Web,13,5.6,40,4,3,30,7,0
U04762,58,Android,4,2.3,10,2,0,36,4,1
U04763,22,iOS,8,7.3,21,3,0,43,4,0
U04764,29,Android,25,13.5,80,19,2,12,12,0
U04765,38,iOS,24,15.1,70,17,1,14,8,0
U04766,25,iOS,6,6.5,8,1,0,37,2,1
U04767,45,Android,7,0.5,18,4,0,44,0,1
U04768,18,iOS,22,10.9,67,14,3,21,13,0
U04769,23,iOS,17,10.4,41,6,2,35,8,0
U04770,20,Android,14,8.9,29,4,0,36,1,0
U04771,32,Android,21,9.3,60,12,1,19,6,0
U04772,54,iOS,19,5.6,51,12,1,24,6,0
U04773,26,iOS,13,1.7,22,2,0,42,3,1
U04774,65,iOS,21,7.8,55,10,0,21,9,0
U04775,30,iOS,16,11.4,48,8,2,19,12,0
U04776,20,Android,15,9.7,43,9,2,29,7,0
U04777,34,Android,14,6.0,47,6,0,29,8,0
U04778,53,iOS,31,12.7,113,19,3,7,4,0
U04779,23,iOS,29,15.9,129,35,7,0,10,0
U04780,21,Web,18,6.7,45,12,1,23,9,1
U04781,58,Android,23,10.1,70,14,0,22,16,0
U04782,46,iOS,19,12.4,50,14,2,17,5,0
U04783,34,iOS,26,14.5,79,14,3,22,12,0
U04784,54,Android,26,11.5,86,21,4,18,6,0
U04785,58,iOS,8,8.5,22,1,0,35,5,0
U04786,35,iOS,23,15.6,94,20,2,15,13,0
U04787,44,Android,14,5.0,35,8,0,62,7,1
U04788,18,Android,15,8.7,25,5,0,37,5,0
U04789,32,Android,23,10.8,93,26,0,13,6,0
U04790,46,Web,33,15.6,100,23,4,7,16,0
U04791,27,Android,14,10.9,43,11,2,41,3,0
U04792,65,Android,15,9.8,28,6,0,25,7,0
U04793,64,Android,19,7.7,50,5,2,21,4,0
U04794,30,Android,14,7.5,41,9,2,34,6,0
U04795,37,Android,17,9.2,43,2,0,38,6,0
U04796,27,iOS,22,12.1,59,15,0,16,9,0
U04797,42,Android,6,2.5,15,3,0,55,3,0
U04798,23,Android,9,10.3,15,3,0,45,4,0
U04799,36,Android,12,7.8,23,3,0,34,6,0
U04800,44,Android,14,10.6,43,7,0,38,7,0
U04801,47,Android,27,11.0,85,17,3,12,10,0
U04802,46,iOS,21,10.2,54,12,2,27,11,0
U04803,28,iOS,11,7.1,26,2,0,33,6,0
U04804,56,iOS,12,1.8,33,4,0,27,5,0
U04805,51,Android,16,13.2,37,8,3,28,10,0
U04806,54,Web,3,4.9,3,0,0,44,0,1
U04807,40,iOS,21,10.4,73,21,0,12,9,0
U04808,60,Android,14,15.7,38,12,0,15,9,0
U04809,36,Android,25,12.3,92,20,1,15,8,0
U04810,56,iOS,30,14.5,101,23,7,10,16,0
U04811,27,Android,23,6.2,49,8,1,23,10,0
U04812,29,Android,6,6.8,10,0,0,39,5,0
U04813,43,iOS,22,11.9,50,14,3,16,13,0
U04814,44,Android,11,7.9,27,3,0,30,5,1
U04815,53,Web,17,3.0,39,9,0,30,7,0
U04816,32,Android,14,6.6,42,3,0,33,5,0
U04817,59,Android,14,9.7,45,6,0,32,6,0
U04818,33,Android,16,15.4,46,9,2,19,8,1
U04819,43,Android,26,13.2,90,18,3,10,8,0
U04820,62,Web,12,4.9,31,6,1,36,5,1
U04821,43,Web,6,1.4,16,0,0,41,1,1
U04822,50,Web,26,14.2,88,29,6,10,20,0
U04823,61,iOS,12,7.3,26,2,0,36,2,1
U04824,64,Android,17,13.4,48,6,0,26,5,0
U04825,41,Android,17,9.3,39,8,1,29,9,0
U04826,38,Android,6,7.9,14,0,0,36,4,1
U04827,27,Web,27,16.0,96,28,6,8,11,0
U04828,43,iOS,3,6.7,12,1,0,39,0,1
U04829,62,iOS,18,8.7,55,9,2,20,6,0
U04830,41,iOS,15,8.1,37,8,1,30,4,0
U04831,34,iOS,15,6.8,50,12,0,22,9,0
U04832,23,Android,22,15.4,55,6,0,11,8,0
U04833,36,iOS,22,18.9,67,16,2,9,9,0
U04834,29,iOS,20,9.5,50,13,1,29,11,0
U04835,64,Web,1,0.8,1,0,0,47,2,1
U04836,43,Android,22,24.4,93,27,4,11,11,0
U04837,24,Android,23,17.9,72,19,2,29,10,0
U04838,21,iOS,28,14.0,102,17,0,31,4,0
U04839,58,Web,22,9.8,69,13,1,23,5,0
U04840,62,Web,19,5.0,40,4,1,28,5,0
U04841,54,iOS,16,9.7,40,14,3,20,4,1
U04842,23,Android,18,9.4,47,8,1,25,14,0
U04843,22,Android,28,16.4,117,31,4,7,11,0
U04844,27,iOS,21,7.5,67,15,2,18,18,0
U04845,54,Android,31,11.8,102,30,3,13,13,0
U04846,54,iOS,21,10.8,74,18,2,10,9,0
U04847,58,Web,8,1.7,17,0,0,37,0,1
U04848,22,Android,4,1.5,6,0,0,42,1,1
U04849,25,Android,11,5.9,18,2,0,37,5,0
U04850,61,Android,10,4.9,19,2,0,40,3,0
U04851,62,Android,35,15.5,134,38,6,5,14,0
U04852,52,iOS,14,12.7,33,4,0,24,6,0
U04853,23,Android,17,11.4,55,8,1,15,9,0
U04854,21,Android,17,5.3,32,9,0,26,7,0
U04855,20,Android,14,7.9,31,7,0,27,6,0
U04856,51,Android,36,14.4,117,35,7,0,19,0
U04857,58,iOS,23,12.0,84,24,7,4,10,0
U04858,48,iOS,8,5.2,19,2,0,46,3,1
U04859,30,iOS,24,10.4,62,10,3,18,10,0
U04860,54,iOS,10,3.3,19,3,0,54,2,1
U04861,20,Android,15,9.5,40,5,0,23,6,0
U04862,57,iOS,24,10.8,79,16,4,18,10,0
U04863,60,Android,13,4.0,20,2,0,42,6,0
U04864,52,Web,23,5.7,56,12,0,31,10,0
U04865,60,Android,8,6.0,20,2,1,38,3,1
U04866,46,Android,11,4.3,26,6,1,38,7,0
U04867,40,Android,36,16.9,118,37,9,10,14,0
U04868,33,iOS,24,12.8,87,20,4,2,16,0
U04869,62,Android,31,15.2,125,37,9,4,19,0
U04870,51,Web,20,11.0,47,5,0,19,6,0
U04871,27,Android,24,7.6,58,7,2,22,8,0
U04872,63,Web,10,4.9,23,6,0,34,2,1
U04873,20,iOS,10,5.6,28,4,0,37,2,0
U04874,46,Android,33,14.5,122,40,11,0,10,0
U04875,27,Android,15,8.7,33,3,0,36,6,0
U04876,49,Android,17,12.0,57,14,1,16,13,0
U04877,37,Web,20,9.2,59,12,2,18,11,0
U04878,38,Web,27,13.0,78,19,2,11,8,0
U04879,50,Android,23,12.5,57,8,2,15,10,0
U04880,54,Android,13,6.2,30,7,1,34,6,0
U04881,36,Android,12,5.9,21,2,0,36,3,1
U04882,65,Android,3,2.6,7,0,0,41,4,1
U04883,41,iOS,9,1.7,17,2,1,40,5,0
U04884,25,Android,7,6.2,7,0,0,49,4,1
U04885,18,Android,7,4.5,7,0,1,32,4,1
U04886,27,Web,19,13.5,59,12,1,22,15,0
U04887,51,iOS,17,6.6,60,16,3,22,9,0
U04888,43,iOS,28,16.9,95,22,5,34,9,0
U04889,34,Android,19,7.5,46,5,1,21,10,0
U04890,41,Web,13,6.7,33,2,0,32,9,0
U04891,58,iOS,14,8.0,44,5,0,23,8,0
U04892,45,iOS,7,8.2,14,4,0,31,9,0
U04893,20,Android,30,10.5,88,26,7,12,10,0
U04894,20,Web,14,3.1,37,8,1,36,8,0
U04895,41,iOS,15,5.5,34,8,2,31,5,0
U04896,37,Web,19,9.0,47,9,2,31,7,0
U04897,58,iOS,7,5.5,16,3,0,39,4,1
U04898,45,iOS,29,16.4,102,25,5,2,4,0
U04899,54,iOS,28,11.4,81,19,4,13,14,0
U04900,46,Web,26,18.3,67,16,3,24,12,0
U04901,34,Android,25,8.8,72,12,1,16,8,0
U04902,49,Android,22,9.2,72,16,2,39,8,0
U04903,47,iOS,31,5.4,98,23,1,15,11,0
U04904,52,iOS,12,6.2,27,2,0,33,4,0
U04905,27,iOS,17,7.5,47,13,1,24,10,0
U04906,48,iOS,10,5.1,19,1,0,34,9,1
U04907,31,iOS,30,13.0,97,29,3,6,13,0
U04908,55,iOS,12,7.4,19,3,0,26,6,0
U04909,56,Android,9,6.2,20,2,1,38,4,0
U04910,47,Web,13,4.1,32,3,0,32,10,1
U04911,63,Android,7,4.4,13,2,0,40,4,0
U04912,43,iOS,9,4.0,16,4,0,44,6,0
U04913,19,Web,18,10.1,47,8,1,18,10,0
U04914,47,Android,9,9.1,21,3,0,41,6,1
U04915,55,Android,12,5.5,29,5,0,35,3,0
U04916,22,Android,32,6.2,99,20,2,13,12,0
U04917,23,iOS,29,14.5,102,22,4,10,12,0
U04918,31,Android,13,3.0,31,7,1,37,6,0
U04919,58,Android,25,18.2,84,18,1,7,12,0
U04920,43,Web,8,2.3,14,3,0,36,3,1
U04921,64,Android,14,4.5,26,2,1,35,8,0
U04922,59,iOS,21,10.8,56,8,3,15,9,0
U04923,44,iOS,32,17.4,126,51,11,7,20,0
U04924,50,Android,11,3.0,28,1,0,41,2,1
U04925,33,Android,12,8.2,27,3,0,31,9,0
U04926,22,Web,12,8.1,24,5,1,29,3,0
U04927,37,iOS,16,3.5,38,6,2,27,7,0
U04928,46,Android,30,18.7,105,23,8,0,10,0
U04929,26,iOS,23,9.3,67,10,2,15,9,0
U04930,28,iOS,10,1.5,19,1,0,45,7,1
U04931,18,Android,28,15.8,74,19,6,16,17,0
U04932,53,iOS,25,12.6,82,24,4,4,6,0
U04933,61,iOS,18,11.7,60,8,1,27,7,1
U04934,57,Android,20,11.2,58,10,2,40,11,0
U04935,36,Web,9,2.4,23,6,0,34,3,0
U04936,46,Android,22,11.8,68,13,1,12,8,0
U04937,64,Android,13,4.8,42,9,1,26,7,0
U04938,46,Android,7,7.4,18,2,0,41,2,1
U04939,32,iOS,21,13.3,68,13,2,17,7,0
U04940,34,iOS,6,6.8,11,0,0,40,0,1
U04941,52,Web,19,10.1,68,13,4,20,11,0
U04942,39,Android,20,14.0,59,14,0,29,4,0
U04943,58,iOS,19,10.3,44,5,1,23,5,0
U04944,59,iOS,20,18.7,58,18,7,19,8,0
U04945,19,Android,16,10.9,36,3,1,19,2,0
U04946,52,Android,9,4.0,13,1,0,35,8,1
U04947,35,Web,21,6.8,68,16,3,20,5,0
U04948,42,Android,13,10.7,34,7,2,27,6,0
U04949,30,iOS,11,6.7,16,6,0,28,5,0
U04950,35,iOS,12,5.5,26,2,0,34,5,0
U04951,33,Android,20,17.1,60,17,2,13,6,0
U04952,20,Web,28,17.0,97,26,5,3,16,0
U04953,55,Web,28,12.5,99,24,7,9,10,0
U04954,24,iOS,35,15.1,116,31,7,9,13,0
U04955,36,iOS,11,5.5,22,5,0,34,4,1
U04956,27,iOS,7,3.4,13,1,0,42,3,1
U04957,25,iOS,15,10.1,44,5,0,33,5,0
U04958,35,Android,21,11.3,57,12,1,29,14,0
U04959,62,Android,40,15.2,142,40,6,5,12,0
U04960,63,Android,10,8.1,26,4,1,35,4,1
U04961,36,iOS,15,7.4,38,10,1,34,6,0
U04962,42,iOS,36,13.3,101,23,1,14,9,0
U04963,65,Android,13,5.2,18,4,0,32,4,1
U04964,29,Web,8,4.3,16,4,0,38,3,1
U04965,63,Android,13,6.5,33,7,1,33,6,0
U04966,23,Android,16,9.3,36,3,0,39,9,0
U04967,28,Android,35,15.7,114,27,4,0,10,0
U04968,34,iOS,14,11.5,29,4,0,34,7,0
U04969,19,Android,25,11.6,84,17,1,14,7,0
U04970,57,iOS,23,10.3,68,13,1,20,6,0
U04971,59,iOS,13,2.5,24,4,1,31,2,1
U04972,36,Android,11,1.9,23,5,0,44,4,0
U04973,58,Web,6,1.4,11,0,1,47,0,0
U04974,55,Android,6,1.0,9,0,0,43,2,1
U04975,56,iOS,18,9.5,50,12,1,17,8,0
U04976,56,Android,18,9.6,58,7,0,24,14,0
U04977,45,iOS,20,13.9,70,20,1,4,18,0
U04978,23,Web,4,6.6,8,1,0,49,4,1
U04979,62,Android,11,7.1,30,3,0,29,7,1
U04980,47,Android,16,11.7,45,9,1,20,14,0
U04981,61,Android,17,8.1,52,8,0,27,13,0
U04982,64,Android,30,12.4,88,28,3,11,14,0
U04983,26,Web,16,11.6,43,11,1,20,8,0
U04984,37,iOS,27,14.7,82,23,4,11,8,0
U04985,27,iOS,11,8.3,24,6,0,38,7,0
U04986,20,Web,22,11.4,79,22,4,12,8,0
U04987,64,Web,26,21.2,76,22,6,12,8,0
U04988,62,Web,15,10.6,33,5,0,29,4,0
U04989,62,Android,16,9.6,47,6,2,21,4,0
U04990,60,Android,25,16.9,92,35,6,6,14,0
U04991,49,Android,21,12.0,68,19,5,14,6,0
U04992,43,Android,19,7.8,41,7,2,29,11,0
U04993,65,Android,19,5.2,59,9,0,30,5,0
U04994,44,Android,33,15.9,126,43,11,0,16,0
U04995,48,Android,23,7.7,68,15,2,15,11,0
U04996,28,Android,21,17.5,76,18,6,9,5,0
U04997,53,Android,14,5.5,35,7,1,30,7,0
U04998,57,Android,22,15.9,68,20,3,9,12,0
U04999,50,Android,31,15.3,120,31,1,4,17,0
U05000,41,iOS,31,15.6,102,34,6,0,12,0
U05001,27,iOS,33,13.1,118,28,3,8,6,0
U05002,19,iOS,26,8.5,77,16,0,19,9,0
U05003,48,Android,34,21.0,116,30,5,1,15,0
U05004,50,Android,23,11.0,70,19,4,25,11,0
U05005,55,Android,10,7.9,23,1,0,35,1,0
U05006,63,Android,29,15.9,118,43,8,3,7,0
U05007,41,Android,16,11.7,37,7,0,26,7,0
U05008,57,Web,17,8.2,34,6,0,30,4,0
U05009,52,Android,5,1.6,15,2,0,45,3,0
U05010,31,Android,21,7.2,53,10,1,20,12,0
U05011,58,iOS,15,10.5,29,8,1,31,10,0
U05012,20,iOS,20,14.0,69,11,1,22,9,0
U05013,46,Android,7,8.2,15,1,0,33,5,0
U05014,63,Android,28,10.9,81,19,2,11,8,0
U05015,49,Web,7,5.3,27,3,0,44,0,0
U05016,62,Android,25,6.7,70,16,4,18,4,0
U05017,20,iOS,21,6.6,46,4,0,26,11,0
U05018,43,iOS,21,11.2,62,14,4,12,9,0
U05019,55,Android,16,6.2,37,6,0,41,12,0
U05020,48,iOS,19,10.7,56,8,0,26,7,0
U05021,60,Android,23,12.5,71,16,3,19,8,0
U05022,40,Android,29,10.5,83,23,7,15,15,0
U05023,50,Android,25,16.0,67,14,3,13,8,0
U05024,38,Web,17,8.6,46,7,1,23,3,0
U05025,59,Android,27,18.1,94,26,7,9,12,0
U05026,23,Android,23,7.7,75,13,1,21,7,0
U05027,30,Web,17,5.1,44,6,1,39,3,0
U05028,22,Android,43,16.8,181,65,13,0,13,0
U05029,51,Web,21,12.6,51,14,1,30,12,0
U05030,29,iOS,26,12.3,70,15,0,10,7,0
U05031,33,iOS,24,7.1,60,15,3,14,9,0
U05032,58,iOS,12,9.8,32,4,1,28,7,0
U05033,35,iOS,15,4.6,30,7,0,33,1,0
U05034,24,Android,21,19.6,79,19,1,9,12,0
U05035,19,Web,29,12.1,95,28,4,2,7,0
U05036,28,Web,10,3.6,20,2,0,41,4,1
U05037,61,Web,40,9.1,123,33,5,12,18,0
U05038,44,iOS,20,13.4,57,14,3,20,14,0
U05039,65,iOS,8,6.5,18,4,0,34,1,1
U05040,28,iOS,17,12.3,50,5,0,30,7,0
U05041,34,Android,11,8.9,23,2,1,31,8,0
U05042,25,iOS,16,8.3,37,3,0,20,3,0
U05043,37,iOS,16,9.3,38,9,0,22,7,0
U05044,45,iOS,17,9.6,36,7,1,28,6,0
U05045,56,Android,13,3.7,41,8,0,27,7,0
U05046,35,iOS,27,12.8,67,11,3,12,11,0
U05047,55,iOS,13,5.9,31,8,1,28,6,0
U05048,48,Android,44,14.8,146,35,3,0,23,0
U05049,32,Web,23,9.0,63,11,2,25,8,0
U05050,61,iOS,30,11.5,116,27,4,12,21,0
U05051,38,Android,11,1.3,27,7,0,49,5,1
U05052,25,Android,14,7.4,28,6,0,38,5,1
U05053,64,iOS,19,7.7,46,10,1,23,10,0
U05054,61,Android,30,15.4,93,22,5,21,10,0
U05055,20,Web,23,9.3,54,13,2,30,7,0
U05056,61,Android,33,11.7,97,24,3,4,15,0
U05057,63,Android,4,0.9,6,0,0,49,2,0
U05058,57,Android,17,7.5,37,11,1,19,5,0
U05059,30,iOS,26,13.3,118,35,11,0,19,0
U05060,48,Web,8,3.8,15,2,1,43,4,0
U05061,43,Web,10,6.7,19,2,0,35,5,1
U05062,47,iOS,14,9.7,38,8,0,26,3,0
U05063,47,Web,14,9.3,38,7,0,46,5,0
U05064,48,Android,9,0.5,15,1,0,40,2,1
U05065,42,iOS,35,12.7,131,42,8,7,13,0
U05066,51,Web,19,4.8,41,5,1,28,4,0
U05067,43,Android,6,5.1,7,2,1,59,2,0
U05068,18,Web,5,2.5,8,2,0,42,4,1
U05069,19,Android,10,2.9,23,3,1,38,2,0
U05070,63,Android,12,8.8,29,2,0,43,4,0
U05071,61,iOS,24,10.7,66,15,0,21,7,0
U05072,46,Web,27,13.2,73,14,3,23,10,0
U05073,26,Android,29,14.5,91,27,3,6,17,0
U05074,55,Web,14,3.5,37,2,0,33,6,0
U05075,24,Android,17,11.4,60,9,3,21,7,0
U05076,36,iOS,15,13.8,42,4,0,26,8,0
U05077,33,iOS,7,9.4,19,5,0,28,5,1
U05078,18,Android,5,3.5,17,3,0,42,6,0
U05079,56,iOS,15,2.4,29,6,0,30,13,0
U05080,42,iOS,15,8.4,45,6,1,19,8,0
U05081,33,iOS,17,13.1,39,8,2,21,7,0
U05082,42,Android,29,16.4,91,29,7,10,22,0
U05083,18,Android,29,11.9,94,25,3,8,15,0
U05084,38,Web,16,11.6,57,11,1,19,5,0
U05085,42,iOS,28,9.9,92,29,6,20,13,0
U05086,34,Web,28,11.4,81,15,5,31,4,0
U05087,57,iOS,39,19.4,146,51,10,0,18,0
U05088,29,Web,28,14.8,102,20,3,12,7,0
U05089,24,Android,14,4.6,21,5,1,31,2,0
U05090,43,iOS,17,9.4,45,5,1,28,4,0
U05091,60,iOS,31,14.1,86,26,4,9,15,0
U05092,36,Android,10,5.9,15,2,0,45,5,1
U05093,20,Android,22,10.3,63,6,2,21,9,0
U05094,64,iOS,17,8.7,55,12,1,37,12,0
U05095,39,Web,32,17.3,113,33,4,3,15,0
U05096,26,iOS,36,18.8,131,50,10,0,16,0
U05097,47,Android,18,4.9,38,9,0,30,9,0
U05098,33,Web,6,3.3,14,1,1,48,1,1
U05099,63,Android,26,13.7,79,19,4,12,11,0
U05100,32,Android,6,0.5,9,0,0,46,0,1
U05101,44,Web,4,2.5,11,0,0,43,1,0
U05102,44,iOS,12,7.3,33,2,1,26,13,0
U05103,29,Web,3,3.3,3,1,0,44,1,1
U05104,41,Web,9,2.5,22,4,0,36,6,0
U05105,23,iOS,37,16.9,144,36,4,11,17,0
U05106,48,Android,15,10.0,30,3,2,30,0,0
U05107,54,Android,13,12.1,37,7,0,24,6,0
U05108,63,Web,4,9.0,10,3,0,44,2,0
U05109,33,Web,23,16.0,69,20,3,12,11,0
U05110,31,Android,30,13.7,93,18,2,12,8,0
U05111,44,Android,4,8.1,9,0,0,39,4,1
U05112,51,Android,21,7.6,43,6,0,34,3,0
U05113,65,Android,17,9.7,52,13,0,27,10,0
U05114,19,Web,9,5.3,14,0,0,46,2,0
U05115,29,Android,7,4.3,13,1,0,36,2,1
U05116,30,Android,7,7.0,17,2,0,51,1,0
U05117,30,Web,31,13.8,118,45,9,2,14,0
U05118,40,iOS,10,5.1,27,3,0,31,3,0
U05119,59,iOS,10,2.4,25,2,0,33,4,1
U05120,19,Android,7,1.5,14,2,1,37,3,1
U05121,57,Android,12,6.3,21,3,0,37,3,0
U05122,47,Android,18,3.8,46,6,0,28,2,1
U05123,47,Android,8,1.4,15,1,0,43,2,1
U05124,50,Android,33,14.9,127,31,6,0,18,0
U05125,23,Android,14,3.4,20,3,0,41,8,1
U05126,53,Android,22,8.6,54,5,1,27,6,0
U05127,29,Android,8,8.4,10,0,0,42,0,0
U05128,42,Web,8,5.5,16,2,0,38,1,1
U05129,50,Android,7,3.8,16,3,0,38,1,1
U05130,46,Android,36,18.5,155,44,11,0,11,0
U05131,33,Web,18,5.2,39,7,0,28,7,0
U05132,37,Android,10,6.9,18,2,0,38,0,0
U05133,40,iOS,28,13.4,79,13,0,15,9,0
U05134,19,Web,26,11.0,79,15,2,12,8,0
U05135,52,iOS,21,12.3,62,14,3,29,6,0
U05136,22,Android,6,6.1,13,2,0,36,1,0
U05137,40,iOS,6,3.6,13,1,0,39,2,1
U05138,49,iOS,19,13.5,62,16,1,15,11,0
U05139,21,Android,25,13.0,68,13,1,22,9,1
U05140,65,Android,3,8.3,5,0,0,42,3,1
U05141,36,Android,6,5.8,6,1,0,43,4,1
U05142,18,Web,19,6.4,50,10,1,24,9,0
U05143,49,Android,12,6.5,32,2,0,31,1,1
U05144,44,Android,9,15.1,25,6,1,23,11,1
U05145,48,iOS,18,12.0,38,7,2,16,9,0
U05146,54,Web,21,16.1,48,11,2,15,7,0
U05147,40,Android,17,14.4,40,5,2,26,6,0
U05148,57,Android,30,12.0,100,29,6,7,14,0
U05149,35,Android,28,9.2,71,12,2,21,9,0
U05150,44,iOS,22,11.0,56,15,2,19,7,0
U05151,25,iOS,10,5.3,21,3,1,31,7,1
U05152,47,Web,7,6.0,13,2,0,46,0,1
U05153,30,Android,21,10.7,57,12,0,19,4,0
U05154,51,Android,41,11.3,142,47,5,1,9,0
U05155,56,Android,13,10.2,38,8,2,28,8,0
U05156,59,Android,27,11.7,103,34,4,10,11,0
U05157,62,iOS,25,11.4,61,11,0,13,7,0
U05158,23,iOS,24,5.9,67,15,2,15,8,0
U05159,24,Android,22,15.4,86,30,6,16,12,0
U05160,62,iOS,21,9.7,49,9,1,26,7,0
U05161,36,Android,20,9.6,56,14,4,29,9,0
U05162,19,iOS,22,10.4,71,20,1,14,9,0
U05163,31,Android,14,6.6,30,6,0,38,6,0
U05164,58,iOS,30,13.8,103,21,2,16,10,0
U05165,35,Android,24,15.2,84,19,2,37,9,0
U05166,21,Web,12,6.2,23,2,0,36,7,0
U05167,52,Web,14,4.5,32,5,1,45,5,1
U05168,27,Web,16,3.8,36,5,2,33,4,0
U05169,34,Web,3,4.2,7,1,0,49,1,0
U05170,18,Android,17,14.5,44,6,0,22,7,0
U05171,46,iOS,9,5.4,17,2,0,35,2,1
U05172,39,Android,20,9.1,45,7,2,33,0,0
U05173,59,Web,6,0.5,11,0,0,44,1,1
U05174,34,Android,5,5.2,11,1,0,71,1,1
U05175,27,Android,27,10.5,84,22,5,19,9,0
U05176,25,iOS,10,3.6,16,1,0,38,2,1
U05177,27,Android,35,17.8,136,46,13,0,11,0
U05178,39,iOS,27,11.6,88,14,1,27,10,0
U05179,22,Android,24,12.0,87,25,1,10,10,0
U05180,37,iOS,21,11.2,68,17,3,45,6,0
U05181,59,Web,18,4.8,37,8,2,24,8,0
U05182,54,iOS,6,3.3,11,1,0,40,7,0
U05183,48,Android,16,10.7,49,8,0,50,8,1
U05184,60,Android,25,10.2,62,16,0,14,13,0
U05185,55,Android,31,12.6,79,12,0,19,8,0
U05186,49,Android,29,12.1,94,30,3,21,12,0
U05187,59,iOS,21,6.5,68,20,1,25,5,0
U05188,23,Android,16,11.5,48,15,5,14,10,0
U05189,57,Android,11,9.5,27,6,0,29,4,0
U05190,32,Android,23,4.8,82,14,2,26,8,0
U05191,53,Web,20,13.4,51,5,0,23,6,0
U05192,61,Android,24,16.7,74,18,6,16,7,0
U05193,41,Android,22,12.0,59,14,1,24,9,0
U05194,22,iOS,16,10.8,44,11,1,27,4,0
U05195,35,Android,26,9.3,84,18,1,24,15,0
U05196,37,Web,15,3.3,25,4,0,35,7,0
U05197,62,Android,10,3.2,20,1,0,36,4,0
U05198,63,iOS,10,4.2,24,3,0,40,5,0
U05199,45,iOS,22,7.1,68,22,2,15,10,0
U05200,63,Web,20,11.0,45,10,1,18,10,0
U05201,38,iOS,5,0.8,13,0,0,46,1,1
U05202,37,iOS,29,11.9,77,22,4,8,11,0
U05203,58,Android,19,11.2,58,10,1,11,18,0
U05204,50,iOS,22,11.7,81,17,1,19,4,0
U05205,43,iOS,24,12.9,72,21,2,20,8,0
U05206,39,iOS,32,9.9,92,25,3,10,11,0
U05207,51,iOS,8,8.3,21,3,0,39,3,0
U05208,54,Android,31,11.0,89,20,2,8,11,0
U05209,41,Android,6,2.2,14,1,0,39,3,0
U05210,19,Android,8,7.1,12,1,0,37,7,1
U05211,22,Android,11,4.1,26,4,0,32,9,0
U05212,24,Android,7,1.6,14,1,0,42,1,1
U05213,40,Android,9,2.2,15,0,0,36,2,0
U05214,47,iOS,26,9.5,74,13,2,20,6,0
U05215,56,iOS,11,3.6,18,5,1,34,4,0
U05216,29,iOS,27,9.6,80,22,6,10,13,0
U05217,55,iOS,4,4.9,10,0,0,44,3,1
U05218,49,Android,14,9.9,29,5,0,30,8,0
U05219,20,Android,19,12.2,40,11,0,19,5,0
U05220,34,iOS,25,11.2,82,23,4,16,14,0
U05221,32,Web,24,10.3,60,10,1,15,11,0
U05222,60,iOS,27,12.5,87,25,4,17,8,0
U05223,62,iOS,37,14.2,109,27,3,5,11,0
U05224,57,iOS,20,13.4,41,11,2,15,12,0
U05225,43,iOS,36,16.9,116,30,5,7,11,0
U05226,41,iOS,18,12.0,44,9,0,16,11,0
U05227,32,iOS,35,13.7,115,28,6,14,19,0
U05228,55,Android,26,9.0,57,17,2,21,7,0
U05229,22,Android,22,10.3,65,14,0,22,7,1
U05230,31,Android,11,6.0,17,1,0,27,6,1
U05231,24,iOS,4,3.8,13,4,0,42,1,0
U05232,41,iOS,16,15.9,58,14,3,15,16,0
U05233,32,Android,21,7.1,47,8,1,22,6,0
U05234,27,Android,13,10.9,33,4,1,29,10,0
U05235,36,iOS,20,17.7,56,16,5,9,15,0
U05236,59,Android,19,9.0,46,12,1,21,9,0
U05237,44,Web,5,4.1,8,1,0,38,1,0
U05238,57,Android,21,7.8,46,7,1,34,11,1
U05239,61,Android,12,0.9,28,7,1,31,2,0
U05240,61,Android,14,3.5,25,4,1,39,4,0
U05241,34,Android,29,20.4,107,32,1,8,11,0
U05242,60,Android,14,12.1,43,5,0,16,7,0
U05243,61,Android,37,12.7,130,35,9,10,17,0
U05244,64,Android,23,13.8,83,20,6,7,16,0
U05245,34,Android,23,10.1,67,15,2,17,8,0
U05246,28,iOS,10,8.5,25,6,1,27,5,0
U05247,46,Android,31,15.3,88,24,4,5,13,0
U05248,62,Android,20,12.1,67,13,1,12,7,0
U05249,61,Android,6,7.1,18,2,0,44,6,0
U05250,45,Web,7,1.2,11,1,0,41,1,1
U05251,25,iOS,17,7.1,37,1,0,32,8,0
U05252,38,Web,12,10.6,35,3,0,27,6,0
U05253,52,Web,23,14.5,71,20,5,7,11,0
U05254,44,Android,15,13.1,54,7,2,26,6,0
U05255,34,iOS,24,8.9,68,19,5,25,8,0
U05256,34,Android,11,3.1,24,2,0,39,5,0
U05257,20,Web,15,0.5,33,3,1,41,3,1
U05258,31,Android,16,8.0,46,9,0,23,9,0
U05259,50,Android,37,12.4,116,23,1,13,13,0
U05260,29,Web,35,20.1,110,32,5,7,9,0
U05261,65,Web,15,9.7,34,6,1,25,5,0
U05262,21,Web,21,8.6,62,14,4,20,7,0
U05263,46,Android,7,4.5,9,0,0,43,6,0
U05264,41,Android,13,4.3,31,4,0,38,7,0
U05265,57,Android,21,13.6,60,13,2,15,9,0
U05266,60,Android,35,18.9,119,23,7,2,11,0
U05267,44,iOS,46,19.0,196,58,14,0,15,0
U05268,48,Android,21,8.7,82,16,3,15,14,0
U05269,51,iOS,9,3.7,19,3,0,51,3,1
U05270,43,Android,13,4.1,24,3,0,37,5,1
U05271,26,iOS,15,12.1,31,5,1,28,6,0
U05272,38,Web,28,15.4,84,19,7,15,14,0
U05273,29,iOS,20,7.7,50,10,0,24,7,1
U05274,40,Android,21,14.7,65,14,2,35,7,0
U05275,47,Android,23,17.0,78,24,7,2,13,0
U05276,28,Android,36,14.7,110,32,6,6,9,0
U05277,29,iOS,18,11.2,51,7,2,15,3,0
U05278,57,iOS,25,13.5,71,11,1,20,6,0
U05279,36,Android,19,6.2,52,8,1,26,3,1
U05280,27,Web,15,11.0,34,6,1,22,5,0
U05281,52,iOS,14,8.0,34,5,0,27,9,0
U05282,52,Web,23,9.4,46,6,0,19,10,0
U05283,57,Android,29,18.2,95,31,9,2,9,0
U05284,54,Web,3,5.7,2,0,0,45,1,1
U05285,65,Android,2,0.5,6,1,0,42,1,1
U05286,45,Android,31,10.4,92,23,2,14,13,0
U05287,31,Web,5,3.4,9,1,0,38,2,0
U05288,59,Web,15,6.6,33,9,2,30,5,0
U05289,30,iOS,34,15.5,135,48,8,2,12,0
U05290,31,Android,21,5.9,40,9,0,29,8,0
U05291,57,Android,26,12.9,67,15,6,13,14,0
U05292,60,iOS,12,10.6,32,6,0,28,4,0
U05293,34,Web,21,9.4,50,7,0,28,5,0
U05294,53,Android,19,9.9,58,13,2,51,6,0
U05295,62,Android,22,17.1,61,13,1,10,10,0
U05296,56,iOS,11,5.6,29,2,1,34,3,0
U05297,18,iOS,29,15.5,94,27,3,10,13,0
U05298,49,Android,9,5.6,14,1,0,42,1,1
U05299,26,iOS,23,12.7,60,8,1,31,10,0
U05300,58,Web,10,11.1,21,0,0,34,6,0
U05301,21,Android,33,18.1,112,37,8,5,15,0
U05302,65,iOS,28,16.3,73,23,3,8,11,0
U05303,26,iOS,2,5.5,7,1,0,38,2,0
U05304,38,iOS,27,14.4,77,16,0,14,8,0
U05305,29,Web,20,12.4,59,12,1,22,9,0
U05306,57,iOS,17,11.7,44,9,1,30,7,0
U05307,36,iOS,18,12.1,67,21,3,20,12,0
U05308,53,Android,11,7.8,30,6,0,32,8,0
U05309,21,iOS,18,9.8,55,18,2,15,7,0
U05310,39,Android,20,6.9,68,17,1,28,6,0
U05311,61,Android,44,16.9,151,53,11,0,6,0
U05312,62,iOS,12,10.2,35,4,0,28,14,0
U05313,28,iOS,32,18.5,96,28,8,2,10,0
U05314,36,Web,8,7.3,17,2,0,46,4,1
U05315,37,iOS,22,11.8,60,11,0,24,6,0
U05316,45,Web,1,2.0,1,0,0,62,1,1
U05317,43,Android,25,21.0,89,26,6,8,13,0
U05318,23,iOS,36,15.5,109,27,8,2,8,0
U05319,54,Web,21,6.8,61,11,2,21,10,0
U05320,28,Android,19,4.4,45,5,1,31,1,0
U05321,33,Web,6,4.5,9,0,0,41,1,1
U05322,58,iOS,32,13.6,106,33,10,8,14,0
U05323,51,Android,10,5.2,14,2,0,37,2,1
U05324,37,iOS,17,8.3,39,7,1,25,5,0
U05325,61,Android,29,18.5,83,19,4,11,11,0
U05326,36,Android,12,4.7,31,5,0,36,4,0
U05327,45,Android,11,7.9,26,4,0,44,5,0
U05328,29,Android,23,9.1,51,12,2,25,16,0
U05329,26,Android,12,8.5,25,3,1,29,6,1
U05330,41,Web,13,8.8,33,7,0,33,6,0
U05331,45,Android,38,14.0,135,35,2,7,13,0
U05332,56,Web,7,5.9,11,4,0,35,6,0
U05333,36,iOS,31,10.2,62,14,2,20,9,0
U05334,60,Android,15,3.9,39,9,2,40,7,0
U05335,47,Android,15,5.9,37,14,3,23,11,0
U05336,21,Web,10,5.0,21,3,0,50,6,1
U05337,53,iOS,19,4.1,51,8,0,48,6,0
U05338,45,Web,21,8.7,61,11,2,18,7,0
U05339,36,Android,20,13.2,70,14,2,5,6,0
U05340,40,iOS,14,6.8,36,7,0,34,8,1
U05341,32,iOS,25,8.9,83,21,1,14,12,0
U05342,47,Web,21,12.7,58,14,3,19,8,0
U05343,45,Android,35,7.1,107,18,2,17,10,0
U05344,39,Web,10,1.6,19,4,1,37,6,1
U05345,31,Android,10,3.7,17,3,0,41,2,1
U05346,37,Web,9,5.3,27,1,0,33,4,1
U05347,41,iOS,26,13.2,82,25,4,11,15,0
U05348,40,iOS,34,12.4,112,30,6,3,9,0
U05349,32,Android,10,9.1,25,2,0,37,2,0
U05350,45,Web,26,16.0,71,16,1,12,12,0
U05351,28,Android,6,0.5,14,0,0,42,4,0
U05352,42,iOS,38,19.1,136,44,7,5,14,0
U05353,23,iOS,14,7.6,35,6,1,30,7,0
U05354,40,iOS,27,13.8,83,19,1,6,14,0
U05355,55,iOS,17,7.4,45,11,1,57,10,1
U05356,57,iOS,42,16.2,155,43,11,15,20,0
U05357,51,iOS,27,11.5,77,7,1,12,9,0
U05358,53,iOS,19,13.0,57,12,0,27,7,1
U05359,21,iOS,3,7.1,7,1,1,55,2,1
U05360,34,iOS,17,8.5,30,5,0,31,6,0
U05361,49,Web,28,9.0,80,22,3,12,13,0
U05362,56,iOS,22,6.2,48,8,2,25,10,0
U05363,45,Android,26,11.9,95,26,1,15,11,0
U05364,58,iOS,17,11.7,38,7,0,25,9,0
U05365,31,Android,12,2.9,31,3,0,33,7,0
U05366,25,Android,13,0.5,29,1,0,53,1,1
U05367,22,iOS,25,6.3,47,7,1,28,10,0
U05368,45,Android,13,9.8,30,7,0,32,4,0
U05369,49,iOS,28,13.6,104,35,3,10,15,0
U05370,31,Web,6,3.2,10,1,0,38,1,0
U05371,55,Android,34,16.3,119,31,3,13,16,0
U05372,53,Android,6,0.5,10,2,0,41,1,0
U05373,35,Android,7,3.5,12,1,0,39,2,0
U05374,29,Android,22,8.0,51,8,0,30,4,1
U05375,53,iOS,7,4.7,20,0,0,43,3,0
U05376,50,iOS,9,4.7,21,1,0,46,3,0
U05377,26,iOS,22,15.9,56,12,1,19,11,0
U05378,30,Android,15,5.0,27,4,1,30,6,0
U05379,41,iOS,15,15.4,36,9,2,12,9,0
U05380,42,Android,17,11.9,47,7,0,21,6,0
U05381,25,iOS,21,4.7,58,10,4,16,4,0
U05382,63,iOS,13,10.5,29,4,0,33,7,0
U05383,36,Android,24,8.9,80,17,2,25,8,0
U05384,36,Web,15,6.5,32,7,0,29,5,0
U05385,20,iOS,21,13.4,59,11,3,16,10,1
U05386,60,Android,14,2.7,24,1,1,41,2,1
U05387,29,iOS,25,10.8,70,15,3,22,13,0
U05388,65,iOS,9,8.0,14,2,0,33,5,1
U05389,41,Android,25,12.9,73,25,5,10,12,0
U05390,59,Android,12,7.9,33,8,1,23,8,0
U05391,26,iOS,23,14.3,72,16,3,20,9,0
U05392,25,Web,15,6.4,27,4,0,31,2,0
U05393,56,iOS,16,9.2,66,13,1,20,13,0
U05394,57,iOS,24,10.8,54,10,3,16,7,0
U05395,44,iOS,29,17.9,107,28,2,0,16,0
U05396,19,Android,31,13.6,99,36,7,8,8,0
U05397,63,Android,16,6.4,38,11,2,27,6,0
U05398,36,Android,17,6.2,47,12,0,23,3,0
U05399,62,Web,27,9.9,85,23,2,14,7,0
U05400,59,Web,9,6.6,26,1,0,40,6,0
U05401,58,Web,6,6.0,13,1,0,41,3,0
U05402,51,Android,25,12.2,77,21,3,10,11,0
U05403,50,iOS,21,9.6,65,16,2,15,15,0
U05404,43,iOS,14,1.9,25,5,0,39,6,0
U05405,19,Android,21,9.3,68,9,1,23,10,0
U05406,36,Android,24,14.0,71,15,2,20,10,0
U05407,53,iOS,30,11.7,63,14,1,18,6,0
U05408,56,iOS,25,14.1,99,31,7,5,6,0
U05409,44,iOS,20,7.2,53,6,0,23,7,0
U05410,52,Android,28,13.2,111,27,3,14,9,0
U05411,19,iOS,2,2.2,4,0,0,44,2,0
U05412,40,Android,6,4.7,22,3,0,35,3,1
U05413,42,Android,35,15.4,113,34,7,0,10,0
U05414,60,iOS,25,15.2,95,26,8,22,12,0
U05415,32,Android,14,2.6,29,1,1,31,5,0
U05416,29,Web,9,6.8,18,2,0,35,3,1
U05417,34,iOS,16,7.9,41,6,1,42,4,1
U05418,26,Android,32,17.2,100,19,4,18,10,0
U05419,44,Android,14,7.8,27,2,0,29,3,0
U05420,48,iOS,8,5.2,16,1,0,49,6,1
U05421,56,Android,20,13.2,48,13,3,26,6,0
U05422,64,Android,11,10.2,31,8,0,30,11,0
U05423,21,Android,15,5.4,29,3,0,41,5,0
U05424,29,Android,23,16.2,80,13,1,19,10,0
U05425,32,iOS,8,6.7,23,1,1,33,3,1
U05426,29,iOS,18,8.3,64,13,2,21,6,0
U05427,57,Android,37,14.0,138,34,4,2,10,0
U05428,24,iOS,18,6.6,54,10,2,28,8,0
U05429,19,Android,11,8.3,29,3,1,40,5,1
U05430,59,iOS,15,13.2,40,9,4,18,9,0
U05431,64,Android,13,9.6,36,6,0,30,6,0
U05432,28,iOS,37,13.7,124,26,3,17,10,0
U05433,33,Android,33,22.9,154,38,3,0,22,0
U05434,42,iOS,14,5.9,31,7,0,32,5,0
U05435,43,Android,33,14.4,126,35,4,12,9,0
U05436,65,Web,20,8.2,54,10,0,31,7,0
U05437,37,Android,14,9.9,24,4,0,21,6,0
U05438,18,Web,9,8.7,26,9,1,38,3,1
U05439,38,Web,16,6.6,40,7,1,43,5,1
U05440,44,Android,32,16.1,108,29,4,1,17,0
U05441,42,Android,17,16.0,55,10,1,18,11,0
U05442,42,Android,19,6.6,54,9,0,24,6,0
U05443,62,Web,8,7.5,25,2,0,35,5,0
U05444,56,iOS,21,6.8,55,8,1,21,10,0
U05445,30,iOS,7,7.0,14,0,0,42,0,1
U05446,35,Android,9,1.9,16,2,0,38,5,1
U05447,50,Web,3,4.1,8,0,0,46,3,0
U05448,37,Android,19,9.7,53,10,2,15,19,0
U05449,38,Android,34,18.4,128,30,4,24,14,0
U05450,26,Android,8,3.0,11,1,1,44,4,0
U05451,30,iOS,19,8.8,50,10,0,25,10,0
U05452,53,Web,14,5.5,31,5,1,36,4,1
U05453,58,iOS,31,14.2,99,21,4,5,14,0
U05454,55,Android,19,10.0,71,17,3,16,4,0
U05455,32,Android,8,7.3,25,5,0,29,5,0
U05456,24,iOS,28,16.3,108,37,8,13,8,0
U05457,25,iOS,31,13.7,100,22,2,0,18,0
U05458,36,Android,21,5.8,46,9,2,29,3,0
U05459,42,Android,18,7.1,59,9,1,24,6,0
U05460,60,iOS,12,6.5,23,3,1,28,2,0
U05461,61,Web,16,6.3,46,9,1,20,16,0
U05462,18,iOS,21,12.8,50,16,1,22,13,0
U05463,51,Android,8,5.1,22,6,0,38,3,1
U05464,32,iOS,22,9.0,62,12,1,25,14,0
U05465,27,Android,9,5.3,18,2,0,34,2,0
U05466,44,Web,27,17.0,78,18,4,17,16,0
U05467,19,Android,9,4.8,23,3,1,37,4,0
U05468,34,Android,26,16.4,79,25,5,8,11,0
U05469,44,iOS,34,8.0,81,14,1,18,13,0
U05470,31,Android,22,13.6,84,20,0,12,14,0
U05471,46,Android,26,8.4,73,18,2,19,10,0
U05472,40,iOS,20,13.8,46,10,0,21,10,0
U05473,56,iOS,16,11.9,45,6,1,17,9,0
U05474,26,Web,12,6.7,21,3,1,32,3,0
U05475,20,Android,13,3.6,29,2,0,36,1,0
U05476,43,Android,11,5.3,26,6,0,39,7,0
U05477,30,iOS,14,1.8,24,5,0,41,2,0
U05478,51,Android,16,5.9,42,8,1,24,12,0
U05479,22,Android,23,7.5,55,18,4,16,13,0
U05480,45,Web,26,12.3,77,18,1,9,8,0
U05481,65,Web,28,12.2,105,32,5,7,8,0
U05482,22,Android,26,18.2,75,14,2,15,5,0
U05483,32,iOS,18,5.8,44,10,1,26,7,0
U05484,58,iOS,34,13.5,121,26,3,4,8,0
U05485,43,Android,5,6.2,9,0,0,44,3,1
U05486,26,iOS,15,5.1,41,7,0,29,3,0
U05487,28,Android,8,5.2,7,0,0,36,6,1
U05488,54,Android,10,9.4,28,2,0,37,4,0
U05489,59,Web,17,12.4,40,11,0,17,8,0
U05490,35,iOS,10,5.7,21,1,0,33,7,1
U05491,40,Android,10,5.8,30,2,0,32,9,0
U05492,55,iOS,9,6.3,14,1,0,39,6,0
U05493,26,Web,11,10.5,25,4,1,28,12,0
U05494,27,Android,12,6.8,32,4,0,28,6,0
U05495,55,Web,12,11.5,33,6,0,19,7,0
U05496,26,Web,10,2.9,30,2,0,35,2,0
U05497,54,Android,30,19.0,118,31,5,0,20,0
U05498,41,iOS,26,14.0,89,29,7,12,16,0
U05499,65,iOS,30,16.5,133,38,8,3,11,0
U05500,19,iOS,32,13.8,100,34,4,25,9,0
U05501,63,Android,10,10.3,27,3,0,38,1,1
U05502,28,Android,23,11.8,76,15,2,10,11,0
U05503,19,Android,5,3.4,14,2,0,43,0,1
U05504,52,iOS,13,4.6,32,6,0,31,5,1
U05505,43,iOS,19,9.6,45,5,1,26,7,0
U05506,58,iOS,26,10.5,102,27,5,12,6,0
U05507,23,iOS,24,12.2,66,20,1,23,17,0
U05508,21,Android,15,5.1,30,2,0,33,4,0
U05509,45,Android,8,11.0,13,3,0,36,3,0
U05510,60,iOS,26,19.1,97,25,5,4,14,0
U05511,37,iOS,27,13.4,89,23,3,15,10,0
U05512,56,iOS,37,15.3,123,25,7,0,16,0
U05513,61,Android,17,7.6,33,4,0,35,7,0
U05514,59,Android,19,7.5,44,7,2,39,5,0
U05515,42,Web,9,10.0,16,4,0,34,1,0
U05516,51,Android,7,11.8,16,2,0,35,7,0
U05517,43,Android,13,9.3,32,7,0,25,3,0
U05518,50,iOS,13,9.0,32,8,2,28,6,0
U05519,45,iOS,13,11.0,29,5,2,29,6,0
U05520,43,Web,13,9.7,40,6,0,27,7,0
U05521,38,Web,6,0.5,11,1,0,52,2,1
U05522,49,iOS,14,8.9,38,8,1,25,7,1
U05523,54,Android,18,10.9,53,6,1,25,8,0
U05524,62,iOS,42,16.6,177,53,9,0,16,0
U05525,47,Web,14,5.6,30,3,0,33,5,0
U05526,22,Android,6,0.5,6,1,0,38,0,0
U05527,46,Web,18,5.9,51,13,2,27,12,0
U05528,33,iOS,12,6.8,37,8,1,29,3,0
U05529,19,Android,17,12.6,56,19,2,12,9,0
U05530,21,iOS,27,19.7,78,24,3,5,18,0
U05531,46,iOS,8,4.1,28,7,0,46,3,0
U05532,63,Android,20,8.5,49,6,2,26,8,0
U05533,42,Android,37,14.9,140,48,6,2,11,0
U05534,39,iOS,13,3.1,28,5,2,28,5,0
U05535,22,Android,23,10.8,63,24,5,19,13,0
U05536,50,Android,18,10.2,44,11,1,20,7,0
U05537,20,iOS,2,0.7,5,0,0,46,1,0
U05538,58,iOS,24,11.6,61,13,1,16,8,0
U05539,57,iOS,19,13.2,63,18,1,31,6,0
U05540,65,Web,25,10.1,87,22,3,14,10,0
U05541,31,Web,11,9.9,20,3,0,33,7,0
U05542,25,iOS,17,10.2,45,7,1,23,5,0
U05543,32,Android,32,19.1,100,23,3,1,4,0
U05544,56,iOS,7,6.9,13,0,0,44,4,1
U05545,28,Android,28,13.7,106,24,4,4,14,0
U05546,60,Web,11,7.3,15,2,0,54,2,0
U05547,25,iOS,10,10.9,26,4,1,28,4,0
U05548,20,Android,20,13.0,60,16,3,23,8,0
U05549,28,iOS,39,13.9,114,27,1,11,12,0
U05550,54,iOS,16,1.9,43,5,0,28,8,0
U05551,46,Web,3,8.0,6,1,0,44,2,1
U05552,35,Android,36,12.0,114,22,3,0,16,0
U05553,49,Web,27,15.3,83,11,1,15,6,0
U05554,49,Android,21,8.1,78,17,1,18,9,0
U05555,44,iOS,13,3.3,30,0,0,33,4,0
U05556,42,Web,2,2.4,3,0,0,46,3,0
U05557,22,Android,33,14.5,112,27,8,3,14,0
U05558,30,Android,6,10.4,16,0,0,37,4,1
U05559,43,Web,20,10.3,62,15,1,16,11,0
U05560,24,Web,14,9.9,36,6,0,26,1,0
U05561,40,Android,28,10.0,64,9,3,22,4,0
U05562,23,iOS,18,5.2,47,8,2,26,3,0
U05563,55,Web,23,10.6,60,16,1,19,5,0
U05564,22,Android,6,6.6,19,3,0,38,4,0
U05565,22,iOS,15,12.7,49,5,0,20,11,0
U05566,48,Android,16,8.9,41,6,1,38,10,0
U05567,28,Android,22,18.7,67,15,2,5,13,0
U05568,34,Web,17,11.1,59,14,0,21,12,0
U05569,33,Android,9,1.6,14,0,1,45,3,0
U05570,28,Web,39,8.8,126,28,3,5,11,0
U05571,54,iOS,27,18.1,77,19,2,10,11,0
U05572,51,iOS,31,16.4,108,33,6,0,13,0
U05573,29,Android,13,5.3,31,4,0,37,1,0
U05574,50,Android,7,4.3,14,3,0,38,3,1
U05575,52,Web,15,5.2,39,5,0,34,2,1
U05576,43,iOS,21,11.9,70,17,2,15,13,0
U05577,45,iOS,8,0.5,18,3,0,42,2,1
U05578,62,Android,12,8.6,28,5,1,31,6,1
U05579,39,Android,19,11.0,49,14,1,18,7,0
U05580,36,Android,4,3.9,3,0,0,44,2,0
U05581,43,iOS,12,7.8,24,2,1,24,8,0
U05582,58,Android,25,11.5,74,13,2,20,11,0
U05583,52,iOS,19,7.7,58,14,1,17,8,0
U05584,21,iOS,14,9.4,29,4,0,36,2,0
U05585,40,Android,23,10.8,61,13,1,20,7,0
U05586,53,iOS,2,0.5,2,0,0,44,2,1
U05587,28,iOS,34,16.3,142,53,6,0,13,0
U05588,65,Web,10,5.4,17,0,0,35,4,1
U05589,56,Android,5,7.2,6,0,0,40,4,1
U05590,58,iOS,29,7.1,69,13,0,17,8,0
U05591,21,Android,29,18.2,105,27,1,5,13,0
U05592,45,Web,21,12.9,54,11,2,19,8,0
U05593,43,iOS,17,7.4,48,8,1,26,8,0
U05594,48,Android,33,19.4,131,39,8,0,14,0
U05595,58,Web,14,7.8,20,3,0,29,7,0
U05596,34,iOS,23,16.0,95,22,2,0,13,0
U05597,43,Android,10,9.3,24,2,0,30,1,1
U05598,50,iOS,42,20.7,166,50,13,0,16,0
U05599,54,Android,18,7.3,54,13,3,19,8,0
U05600,54,Web,32,17.6,115,25,3,0,15,0
U05601,34,iOS,11,8.3,27,3,0,25,5,0
U05602,65,iOS,25,12.0,67,12,1,15,13,0
U05603,18,Web,7,4.5,9,2,0,35,5,0
U05604,41,iOS,11,13.5,38,9,3,23,6,0
U05605,47,Android,4,0.5,11,1,0,52,0,1
U05606,20,Android,10,5.1,13,0,0,35,0,1
U05607,39,Android,20,6.0,43,5,0,29,7,0
U05608,46,Web,12,5.4,21,2,0,31,5,0
U05609,47,Web,19,4.7,59,19,1,22,8,0
U05610,23,iOS,16,13.2,46,8,1,20,7,0
U05611,31,Android,6,0.5,12,1,0,41,3,1
U05612,29,Android,11,7.4,32,3,0,36,6,1
U05613,48,Web,6,1.1,12,2,0,45,1,1
U05614,33,Android,17,7.8,50,12,1,32,6,0
U05615,45,iOS,9,6.2,19,3,1,42,5,0
U05616,53,Android,7,7.0,13,3,0,38,2,0
U05617,56,Android,11,1.8,32,5,0,39,5,1
U05618,26,iOS,21,11.0,65,14,3,26,9,0
U05619,61,Web,22,12.7,66,18,2,36,10,0
U05620,25,iOS,20,9.2,61,6,0,28,9,0
U05621,19,iOS,36,18.9,135,49,7,0,13,0
U05622,20,Android,3,8.3,7,2,0,56,2,1
U05623,27,Web,21,13.0,63,14,2,8,15,0
U05624,59,iOS,19,3.7,51,8,0,42,11,0
U05625,27,iOS,6,7.4,16,3,1,45,3,0
U05626,51,iOS,12,5.9,37,11,2,35,7,0
U05627,38,Android,26,11.0,63,5,0,19,9,0
U05628,19,Android,7,3.8,11,2,0,46,3,1
U05629,39,Web,12,7.1,27,3,0,32,5,0
U05630,19,iOS,25,13.7,69,18,1,15,4,0
U05631,40,Android,31,15.4,104,26,8,3,13,0
U05632,44,Android,26,23.4,83,22,2,5,11,0
U05633,43,Web,14,5.5,23,2,0,29,7,0
U05634,31,iOS,14,8.2,44,11,2,20,6,0
U05635,54,iOS,24,20.8,83,23,1,18,10,0
U05636,46,Android,26,11.0,75,13,2,20,9,0
U05637,30,Web,6,2.7,15,0,0,35,5,1
U05638,38,Web,14,6.8,27,6,1,27,5,0
U05639,23,iOS,24,20.2,82,25,3,4,14,0
U05640,62,Android,9,7.6,18,5,0,30,3,0
U05641,54,iOS,21,12.9,47,11,2,8,11,0
U05642,31,Web,21,12.6,45,11,2,18,3,0
U05643,50,iOS,11,7.2,11,2,0,32,3,0
U05644,50,Web,18,8.6,37,6,1,26,7,0
U05645,47,iOS,19,11.5,75,20,1,4,16,0
U05646,20,Android,25,10.3,68,12,0,24,10,0
U05647,60,iOS,21,6.4,57,5,0,46,3,0
U05648,63,Web,14,5.9,28,6,1,28,6,1
U05649,64,Android,22,15.5,72,16,1,19,17,0
U05650,65,Android,11,0.5,22,1,0,42,2,0
U05651,62,iOS,25,12.3,79,24,3,19,6,0
U05652,53,Android,31,11.4,107,37,4,7,15,0
U05653,20,Web,14,9.2,32,4,0,29,4,0
U05654,40,Android,26,16.9,67,16,2,13,13,0
U05655,29,Android,17,6.2,41,4,0,30,4,0
U05656,28,Android,21,14.7,58,8,1,16,9,0
U05657,57,iOS,5,5.1,11,1,0,35,1,1
U05658,57,iOS,19,11.0,58,10,2,17,5,0
U05659,43,iOS,12,7.5,21,3,0,31,2,0
U05660,53,iOS,34,11.7,117,28,3,8,9,0
U05661,24,Android,36,16.3,125,30,7,2,11,0
U05662,28,iOS,12,6.3,22,5,0,42,6,0
U05663,59,Web,27,11.9,67,14,2,11,14,0
U05664,39,iOS,15,5.4,34,7,1,36,1,0
U05665,44,Android,9,0.5,16,3,1,41,3,0
U05666,40,iOS,16,14.5,57,16,2,16,8,0
U05667,27,Android,13,11.5,35,8,1,20,6,0
U05668,57,Android,12,7.7,33,6,0,28,4,0
U05669,54,Android,14,10.9,31,7,0,32,5,0
U05670,50,Android,15,5.7,33,3,0,51,3,1
U05671,34,Android,21,10.5,61,15,1,15,6,0
U05672,48,iOS,31,11.0,114,31,8,3,16,0
U05673,63,Android,15,9.3,33,5,1,20,7,0
U05674,49,iOS,17,8.7,35,9,0,35,8,0
U05675,41,Web,16,3.1,45,10,1,28,7,0
U05676,30,iOS,16,9.5,50,2,0,29,7,0
U05677,43,iOS,20,8.1,56,10,1,30,2,0
U05678,35,iOS,20,12.8,68,15,4,11,5,0
U05679,47,Android,14,7.7,24,3,0,30,4,0
U05680,20,Android,22,4.9,57,8,1,27,7,0
U05681,27,iOS,15,6.4,39,6,1,27,2,0
U05682,55,Web,4,2.8,4,0,0,50,0,1
U05683,36,Web,13,5.4,27,3,0,56,4,1
U05684,38,Web,35,14.3,141,36,14,1,14,0
U05685,44,iOS,11,4.9,16,2,2,36,1,0
U05686,39,iOS,13,11.6,33,6,1,20,6,0
U05687,54,Web,13,9.2,23,2,0,41,5,0
U05688,29,Web,10,7.3,22,6,0,28,8,0
U05689,54,iOS,15,2.3,26,6,1,38,6,0
U05690,28,Web,17,14.5,30,7,1,29,7,0
U05691,35,Web,22,15.3,64,16,1,21,16,0
U05692,46,iOS,8,5.9,26,5,0,43,1,0
U05693,60,Android,20,6.6,35,4,0,33,6,0
U05694,29,Android,18,13.9,51,8,0,24,13,0
U05695,46,iOS,8,3.2,20,2,0,36,3,0
U05696,21,Android,7,5.0,21,3,0,38,3,1
U05697,21,iOS,17,7.8,39,7,1,28,1,0
U05698,54,iOS,23,10.2,65,9,2,26,4,0
U05699,52,Web,7,0.5,5,1,0,44,3,1
U05700,36,Web,18,12.7,71,24,8,17,11,0
U05701,47,iOS,17,11.8,48,12,3,24,7,0
U05702,36,Android,21,10.9,63,12,2,9,12,0
U05703,31,Android,29,13.6,95,29,2,15,8,0
U05704,38,iOS,13,10.6,35,4,1,35,6,0
U05705,32,Android,23,17.1,80,24,2,13,13,0
U05706,57,iOS,18,9.4,37,6,0,19,6,0
U05707,37,Web,9,7.8,24,6,1,26,3,0
U05708,33,iOS,20,9.5,50,12,2,18,3,0
U05709,43,iOS,14,7.0,43,8,0,20,4,0
U05710,54,iOS,29,18.2,112,29,4,0,10,0
U05711,31,Web,26,14.6,90,24,3,13,11,0
U05712,63,Android,9,6.5,22,1,0,46,3,1
U05713,40,iOS,13,13.0,38,8,0,22,10,0
U05714,49,Android,30,14.8,95,26,4,9,21,0
U05715,63,iOS,22,13.0,65,11,1,20,7,0
U05716,38,Android,13,3.3,27,1,0,32,3,1
U05717,27,iOS,20,13.8,71,16,1,15,17,0
U05718,53,iOS,25,9.7,90,22,3,9,9,0
U05719,18,Android,24,13.5,82,26,0,10,10,0
U05720,39,iOS,19,13.3,58,14,1,27,11,0
U05721,65,Android,28,17.4,95,34,13,1,19,0
U05722,37,Android,18,9.2,46,13,1,26,4,0
U05723,50,Android,18,5.9,48,4,0,35,3,0
U05724,43,Android,31,17.9,123,41,9,3,21,0
U05725,28,Web,14,8.0,31,8,1,26,4,0
U05726,33,Web,2,2.0,5,1,0,46,1,1
U05727,43,iOS,14,7.9,24,0,0,34,9,0
U05728,23,iOS,14,12.8,33,7,1,26,5,0
U05729,37,iOS,24,14.2,50,9,0,22,10,0
U05730,37,Web,22,5.3,50,4,1,37,5,1
U05731,58,iOS,35,11.9,102,31,2,5,17,0
U05732,23,Android,30,13.8,91,22,6,5,9,0
U05733,58,iOS,28,15.2,92,27,7,0,16,0
U05734,37,Web,16,6.3,53,9,0,17,12,0
U05735,49,Android,11,7.8,37,7,1,31,6,1
U05736,44,iOS,21,9.7,55,19,4,41,5,0
U05737,32,Android,14,9.0,34,4,0,35,7,0
U05738,62,Android,41,15.3,146,42,9,0,17,0
U05739,28,iOS,19,10.3,59,9,1,22,9,0
U05740,19,Android,9,3.4,17,2,0,34,4,0
U05741,54,Web,10,4.8,25,3,0,31,5,0
U05742,47,iOS,15,16.3,42,4,1,21,8,0
U05743,60,Android,19,4.0,59,11,0,32,5,0
U05744,39,Web,11,13.0,15,1,0,33,2,0
U05745,18,iOS,22,3.4,48,14,0,27,5,0
U05746,18,iOS,20,6.0,45,8,1,34,5,0
U05747,38,iOS,13,5.1,26,7,0,38,8,0
U05748,29,Web,25,9.8,81,25,1,19,9,0
U05749,62,Android,7,0.5,15,3,0,41,2,1
U05750,23,Android,23,14.2,67,15,2,18,8,0
U05751,60,Android,22,7.0,54,10,1,27,14,0
U05752,28,Android,23,13.0,69,21,3,36,11,0
U05753,23,iOS,25,20.9,107,26,6,5,8,0
U05754,31,Android,24,10.9,76,20,4,23,10,0
U05755,24,iOS,10,7.7,25,6,0,43,5,0
U05756,37,iOS,22,8.7,71,18,3,22,4,0
U05757,33,Web,16,8.7,40,3,0,27,5,0
U05758,43,iOS,19,12.2,60,17,3,21,13,0
U05759,43,Web,9,0.5,23,1,0,40,2,1
U05760,18,Web,13,7.6,27,1,0,38,3,0
U05761,23,Android,29,15.1,97,20,3,5,11,0
U05762,25,iOS,12,7.9,29,5,1,30,4,0
U05763,27,Android,8,6.5,24,4,1,35,1,0
U05764,22,Web,23,15.7,68,16,0,23,9,0
U05765,33,iOS,9,6.0,24,4,1,35,6,1
U05766,44,Android,15,9.8,37,9,1,41,9,0
U05767,32,Android,14,7.2,25,2,0,30,5,1
U05768,33,Android,22,12.5,74,15,2,21,11,0
U05769,40,Web,6,3.1,13,0,0,35,4,1
U05770,44,iOS,12,7.3,28,8,1,30,8,0
U05771,33,Android,6,0.5,12,3,0,48,1,1
U05772,28,Android,16,9.7,47,7,1,16,8,0
U05773,37,Android,16,4.9,38,7,1,26,6,0
U05774,19,iOS,18,11.6,42,5,1,29,8,0
U05775,41,Android,15,8.5,47,9,0,25,3,0
U05776,63,Android,14,8.9,39,5,1,25,6,0
U05777,37,Web,11,3.7,24,2,0,43,2,1
U05778,23,iOS,20,9.7,60,16,2,21,8,0
U05779,51,iOS,13,8.8,38,7,3,29,8,0
U05780,24,iOS,12,6.2,20,2,0,33,3,0
U05781,27,iOS,42,13.2,142,44,6,0,14,0
U05782,25,iOS,25,11.8,71,15,2,13,10,0
U05783,60,Android,25,14.7,71,20,4,10,12,0
U05784,65,Android,21,12.2,81,20,1,18,10,0
U05785,45,Web,8,8.5,13,0,0,42,2,1
U05786,47,Web,8,4.9,12,1,0,40,5,1
U05787,48,iOS,15,5.2,25,2,0,37,1,0
U05788,47,Android,18,9.7,34,2,0,29,6,0
U05789,44,Android,25,10.6,86,22,4,12,9,0
U05790,65,Android,38,18.5,119,24,4,0,12,0
U05791,53,Web,5,0.5,12,1,0,42,3,1
U05792,22,Web,9,2.4,20,2,0,39,2,0
U05793,36,iOS,8,10.0,23,6,0,29,2,0
U05794,64,Web,28,10.0,78,14,0,9,7,0
U05795,37,Android,22,12.6,60,11,1,27,8,0
U05796,27,iOS,20,8.7,44,5,2,32,3,0
U05797,59,Android,9,5.5,24,2,0,42,2,0
U05798,47,Android,9,4.7,20,2,0,37,1,1
U05799,45,Web,5,2.9,15,3,0,44,3,1
U05800,38,Web,5,2.3,9,0,0,43,2,1
U05801,23,Android,17,12.1,41,6,1,21,8,0
U05802,36,Android,22,13.7,63,12,2,31,12,0
U05803,38,iOS,19,10.5,45,6,0,19,8,0
U05804,62,Android,28,11.0,107,24,6,8,12,0
U05805,32,iOS,23,12.9,67,23,3,9,14,0
U05806,25,iOS,34,17.1,106,31,5,0,22,0
U05807,38,Android,9,6.2,20,1,0,42,2,1
U05808,65,Android,6,3.0,5,0,1,49,2,0
U05809,41,Android,15,11.6,33,4,0,27,9,0
U05810,36,Web,17,4.9,44,8,0,30,7,0
U05811,50,Android,8,0.9,10,2,0,41,4,1
U05812,49,iOS,6,8.8,15,0,0,40,4,1
U05813,32,Android,38,15.1,149,44,7,1,13,0
U05814,64,iOS,36,12.5,115,35,3,4,10,0
U05815,46,Android,15,7.1,41,4,0,33,4,0
U05816,20,Android,27,17.6,94,28,6,10,13,0
U05817,37,iOS,18,9.4,48,11,2,24,3,0
U05818,62,iOS,35,6.6,111,23,3,8,14,0
U05819,36,Android,23,13.9,81,22,3,10,10,0
U05820,45,Android,7,2.0,18,0,0,45,4,1
U05821,47,Web,31,17.0,108,31,3,15,12,0
U05822,51,Android,23,4.7,51,7,0,25,3,0
U05823,59,Android,13,8.8,33,7,0,30,7,0
U05824,25,Android,33,14.1,104,28,5,4,12,0
U05825,42,Android,27,13.0,77,21,6,10,9,0
U05826,43,iOS,19,11.6,47,9,2,26,6,0
U05827,25,iOS,26,13.4,93,21,2,10,11,0
U05828,50,iOS,13,7.0,21,6,3,36,11,0
U05829,23,iOS,26,16.5,73,18,0,14,17,0
U05830,39,Android,8,7.9,20,3,0,37,4,0
U05831,33,iOS,22,13.5,74,14,3,23,9,0
U05832,25,Android,15,11.1,28,5,1,26,12,0
U05833,57,Android,28,16.9,69,10,3,16,10,0
U05834,29,iOS,15,9.5,39,9,0,45,6,0
U05835,30,Android,13,4.8,27,4,1,53,4,0
U05836,59,Android,14,10.5,36,6,2,29,4,0
U05837,60,Android,14,5.7,30,2,1,32,5,0
U05838,19,iOS,17,12.1,43,11,3,27,8,0
U05839,31,Android,5,7.6,16,3,0,38,4,0
U05840,52,iOS,24,6.5,54,10,1,24,7,0
U05841,55,iOS,26,11.8,68,17,1,12,16,0
U05842,65,iOS,27,12.2,75,13,2,13,11,0
U05843,44,Android,8,2.4,16,1,0,37,1,0
U05844,18,Web,21,5.9,56,10,1,24,9,0
U05845,59,Android,21,7.8,42,7,2,24,5,0
U05846,25,Web,4,2.1,11,2,0,46,1,1
U05847,23,iOS,20,13.5,57,11,1,14,10,0
U05848,50,Android,6,4.2,7,2,0,41,2,0
U05849,46,iOS,14,8.6,34,5,0,24,7,0
U05850,20,iOS,16,8.5,35,9,3,33,8,1
U05851,26,iOS,12,6.5,32,10,1,27,7,1
U05852,46,Android,36,14.0,148,44,9,0,12,0
U05853,30,iOS,18,7.8,45,7,0,25,11,0
U05854,50,iOS,19,10.6,56,10,0,28,7,0
U05855,37,Web,11,3.8,18,1,0,40,1,0
U05856,46,Android,33,8.0,95,25,5,13,7,0
U05857,40,iOS,26,6.3,54,12,0,25,4,0
U05858,35,iOS,30,16.1,129,36,8,0,15,0
U05859,34,iOS,13,6.1,40,6,1,24,7,0
U05860,51,iOS,23,9.1,60,14,0,25,12,0
U05861,42,Android,35,21.1,131,43,6,3,20,0
U05862,46,iOS,11,5.3,24,2,0,47,2,1
U05863,45,Android,15,12.7,49,8,1,20,9,0
U05864,27,Android,3,0.5,6,0,0,41,4,1
U05865,61,iOS,28,14.2,85,19,1,7,13,0
U05866,45,Android,10,10.4,18,3,0,30,8,0
U05867,52,Android,18,9.5,45,7,0,17,7,0
U05868,60,Android,24,7.9,66,15,3,17,7,0
U05869,62,iOS,22,11.0,61,9,3,24,16,0
U05870,50,Web,15,9.5,34,5,0,36,1,0
U05871,55,iOS,6,1.1,12,4,1,43,3,0
U05872,40,Android,8,2.4,21,4,0,39,3,1
U05873,53,Web,25,7.6,55,7,0,17,12,0
U05874,33,Android,18,8.5,35,6,0,37,10,0
U05875,52,Web,26,11.8,86,21,4,8,10,0
U05876,22,iOS,24,10.4,65,12,0,18,11,0
U05877,61,Android,19,10.0,48,10,2,26,9,0
U05878,29,iOS,24,12.4,88,27,6,18,14,0
U05879,49,Android,29,9.1,96,27,6,17,11,0
U05880,18,iOS,25,11.1,64,11,3,24,10,0
U05881,25,Android,20,11.3,60,8,1,23,4,0
U05882,65,Web,7,6.4,19,1,0,45,2,1
U05883,58,iOS,27,13.7,94,25,7,17,12,0
U05884,28,Web,15,11.6,44,8,0,25,10,0
U05885,24,Web,17,9.8,50,8,1,28,6,0
U05886,57,Android,21,13.0,64,19,2,15,11,0
U05887,65,iOS,32,14.4,113,38,7,5,11,0
U05888,26,Web,26,9.7,85,19,5,14,15,0
U05889,49,Android,15,9.8,33,7,0,22,5,0
U05890,31,Android,21,11.6,57,10,2,17,8,1
U05891,53,Android,13,8.0,33,3,0,33,5,0
U05892,38,Android,18,4.6,53,5,1,32,2,0
U05893,24,Web,27,5.2,60,9,1,23,3,1
U05894,33,iOS,28,14.7,100,21,3,1,21,0
U05895,43,iOS,21,10.5,68,14,2,20,8,0
U05896,56,Web,8,3.7,19,0,0,46,5,1
U05897,19,Android,15,4.9,37,6,1,38,7,0
U05898,63,iOS,20,13.9,40,3,2,20,13,0
U05899,49,Android,9,6.8,19,7,0,36,9,0
U05900,60,Android,30,9.9,100,25,4,13,7,0
U05901,62,Android,5,2.1,7,0,0,45,1,0
U05902,25,Android,11,4.7,27,2,0,38,3,0
U05903,22,Android,8,9.5,18,2,0,36,2,1
U05904,55,iOS,20,9.6,46,8,3,23,13,0
U05905,27,Android,37,15.0,106,23,4,18,12,0
U05906,25,Android,23,8.1,57,15,2,44,6,0
U05907,40,iOS,11,6.4,21,0,0,32,3,0
U05908,61,Android,22,12.6,62,12,2,16,12,0
U05909,56,Web,16,6.8,41,12,0,41,3,0
U05910,42,Web,17,7.0,43,6,0,32,12,0
U05911,27,iOS,13,4.9,39,5,0,35,7,1
U05912,34,iOS,16,7.1,39,8,1,28,7,0
U05913,51,iOS,48,18.5,186,54,8,0,22,0
U05914,25,iOS,23,15.0,81,21,5,17,11,0
U05915,43,Web,23,10.9,82,10,0,12,11,0
U05916,18,Web,4,7.4,4,0,0,48,1,1
U05917,33,Android,9,6.2,22,3,0,42,1,1
U05918,29,iOS,14,8.8,36,6,0,28,5,0
U05919,50,Web,19,13.4,56,12,3,26,5,0
U05920,61,Android,30,8.4,77,13,2,25,8,0
U05921,25,iOS,4,2.5,8,0,1,43,0,1
U05922,56,iOS,22,16.7,65,15,1,17,3,0
U05923,49,iOS,20,10.5,63,10,1,23,8,0
U05924,64,Android,11,11.3,38,12,2,29,5,1
U05925,61,Android,15,5.9,37,3,0,32,2,1
U05926,22,Android,45,17.9,196,53,14,0,22,0
U05927,53,iOS,37,12.1,127,34,4,4,8,0
U05928,46,Web,17,13.5,36,6,1,26,5,0
U05929,23,Web,16,8.0,40,6,1,25,8,0
U05930,30,Android,20,7.0,61,8,1,30,10,0
U05931,62,Android,9,10.1,16,2,0,38,6,1
U05932,44,iOS,22,7.0,60,14,2,30,5,0
U05933,34,iOS,24,16.0,71,23,5,7,6,0
U05934,33,iOS,22,12.8,63,8,1,22,8,0
U05935,58,Android,16,12.4,42,7,0,20,9,1
U05936,31,Android,44,14.6,166,52,8,0,17,0
U05937,25,iOS,22,11.9,53,9,0,23,5,0
U05938,45,iOS,17,5.8,40,11,0,28,4,0
U05939,65,Android,7,2.8,12,0,0,41,4,1
U05940,26,Web,12,10.1,34,6,0,36,6,0
U05941,30,iOS,17,4.7,40,9,3,22,8,0
U05942,40,Web,3,1.0,10,1,0,44,0,1
U05943,27,iOS,10,3.7,21,6,0,34,4,0
U05944,49,iOS,24,10.9,63,10,0,16,4,0
U05945,30,Web,13,4.2,31,5,1,37,5,0
U05946,24,Web,18,15.3,69,19,3,10,8,0
U05947,30,Web,5,1.2,7,1,0,44,2,1
U05948,62,Web,8,5.0,16,2,0,36,5,1
U05949,62,iOS,29,13.9,91,23,4,11,14,0
U05950,42,Android,10,0.5,27,6,0,38,3,1
U05951,37,Android,26,10.8,89,26,5,12,8,0
U05952,57,Web,16,13.6,44,12,0,21,7,0
U05953,27,Android,22,5.7,57,14,1,32,5,0
U05954,49,iOS,21,6.9,71,16,1,35,9,0
U05955,50,Web,10,5.0,19,2,0,32,6,1
U05956,52,Web,22,11.3,53,6,0,25,9,0
U05957,28,Web,28,11.5,111,38,8,5,10,0
U05958,52,iOS,26,14.6,91,28,0,6,14,0
U05959,47,iOS,12,12.7,41,14,5,35,5,0
U05960,60,Web,23,14.7,77,18,1,12,12,0
U05961,26,Android,20,10.1,63,17,3,17,11,0
U05962,47,Android,8,8.3,21,4,0,35,4,1
U05963,57,Web,21,11.8,71,16,4,12,9,0
U05964,31,iOS,27,13.9,80,19,5,13,8,0
U05965,53,iOS,19,7.5,53,9,1,28,12,0
U05966,22,Android,1,4.4,3,0,0,47,0,1
U05967,52,iOS,22,9.0,52,8,0,18,10,0
U05968,47,Web,23,11.0,80,15,1,25,5,0
U05969,27,iOS,10,1.8,23,3,0,31,3,1
U05970,21,Android,24,15.1,67,19,4,24,9,0
U05971,53,iOS,29,18.6,129,27,7,7,10,0
U05972,29,Web,14,4.8,28,2,0,28,6,0
U05973,41,Web,29,16.9,88,17,2,12,8,0
U05974,20,Android,12,3.3,25,3,0,33,2,1
U05975,64,iOS,10,3.8,31,3,0,29,10,0
U05976,44,Android,19,11.0,54,11,3,18,6,0
U05977,62,iOS,17,9.7,47,9,1,24,7,0
U05978,25,Android,18,10.9,47,6,2,24,4,0
U05979,27,iOS,4,7.7,11,1,0,38,3,0
U05980,47,iOS,21,11.4,64,18,5,9,11,0
U05981,47,Android,26,16.6,84,17,4,14,9,0
U05982,55,Android,23,8.3,72,13,1,26,9,0
U05983,62,Android,11,8.7,13,0,0,31,5,0
U05984,57,Android,14,7.4,39,3,0,34,3,1
U05985,24,iOS,29,14.5,92,27,5,1,12,0
U05986,32,Android,10,4.1,21,5,0,34,2,0
U05987,61,Android,23,17.6,69,15,1,2,16,0
U05988,44,Web,23,12.1,54,11,1,21,6,0
U05989,59,Android,6,3.1,15,4,2,43,5,0
U05990,45,Web,23,9.4,65,19,2,33,13,0
U05991,20,iOS,18,4.9,42,6,0,24,5,0
U05992,40,iOS,30,14.8,130,40,7,1,5,0
U05993,57,iOS,12,8.3,27,2,0,35,1,0
U05994,49,Android,32,10.7,95,30,5,6,14,0
U05995,24,Web,18,14.2,53,13,1,23,8,0
U05996,28,Web,7,8.4,20,4,0,39,2,1
U05997,59,Android,7,0.5,9,0,0,40,2,1
U05998,65,iOS,21,6.0,50,9,0,29,6,0
U05999,54,iOS,17,8.3,40,6,0,36,6,1
U06000,22,Web,32,11.9,97,22,3,10,9,0
U06001,47,Web,5,4.5,12,2,0,46,1,1
U06002,57,Android,3,4.2,6,1,0,47,3,0
U06003,48,Web,39,16.0,140,48,5,11,10,0
U06004,46,Web,25,6.4,69,14,2,21,9,0
U06005,40,iOS,28,15.3,114,32,7,4,9,0
U06006,29,Android,22,19.3,88,19,5,14,10,0
U06007,31,Web,8,4.4,11,1,0,37,4,1
U06008,53,iOS,20,14.0,58,9,0,21,9,0
U06009,21,Android,33,15.9,99,24,5,5,14,0
U06010,22,Web,29,17.1,116,29,7,11,9,0
U06011,37,iOS,4,4.2,13,3,0,38,2,0
U06012,55,Web,20,13.5,60,12,1,17,11,0
U06013,49,iOS,20,10.6,59,14,0,35,9,0
U06014,46,Android,3,2.5,1,0,0,51,1,1
U06015,43,Web,19,9.8,49,6,1,29,9,0
U06016,23,iOS,15,2.6,28,4,0,29,4,0
U06017,33,iOS,36,16.6,131,36,8,0,16,0
U06018,21,Android,13,14.8,30,4,1,25,7,0
U06019,54,Android,25,15.3,57,7,0,15,13,0
U06020,54,iOS,20,11.2,57,13,2,19,9,0
U06021,30,Android,7,2.3,23,1,0,38,4,0
U06022,32,Web,24,14.6,82,20,4,16,10,0
U06023,33,Web,20,13.2,50,12,3,13,15,0
U06024,60,iOS,34,14.0,115,23,2,8,12,0
U06025,41,Android,3,3.7,5,0,0,43,7,1
U06026,54,iOS,15,15.7,44,11,0,18,10,0
U06027,39,Android,23,12.4,65,17,5,14,15,0
U06028,51,Web,20,8.4,46,8,1,31,8,0
U06029,43,iOS,17,4.4,55,6,0,28,4,0
U06030,31,Web,24,12.8,86,24,5,8,12,0
U06031,60,Android,8,3.4,14,4,1,39,5,1
U06032,52,Android,17,8.4,37,5,0,26,3,0
U06033,54,Web,24,14.6,74,22,1,16,7,0
U06034,63,iOS,24,9.8,73,10,2,13,13,0
U06035,29,Web,8,3.0,16,0,1,48,5,1
U06036,22,Web,21,10.5,48,6,0,24,9,0
U06037,45,iOS,30,6.0,79,19,2,20,5,0
U06038,33,iOS,28,10.7,84,21,2,14,4,0
U06039,38,iOS,10,4.9,24,1,0,39,1,1
U06040,29,Web,10,3.4,22,3,0,34,6,0
U06041,37,Web,12,3.2,15,1,0,38,5,0
U06042,36,Android,18,6.5,39,5,0,23,6,0
U06043,34,iOS,19,5.1,53,11,1,24,6,0
U06044,53,Android,14,2.3,33,6,0,41,3,0
U06045,46,iOS,41,14.2,144,37,11,0,20,0
U06046,40,Web,9,11.1,20,3,0,32,0,0
U06047,23,Web,10,7.0,29,4,0,23,2,0
U06048,45,Android,19,12.4,48,12,4,14,15,0
U06049,26,Android,17,8.5,50,8,3,26,9,0
U06050,33,Android,21,16.9,56,12,0,14,7,0
U06051,37,Android,13,4.1,37,2,1,26,10,0
U06052,24,Android,33,13.3,104,22,6,6,25,0
U06053,36,Web,18,8.4,43,4,1,30,6,0
U06054,30,Android,12,5.4,24,1,0,32,1,1
U06055,58,Android,25,8.4,75,8,2,20,2,0
U06056,59,iOS,6,5.8,20,3,0,38,5,0
U06057,18,Android,25,10.7,87,28,4,3,10,0
U06058,46,Android,10,7.8,28,4,1,26,5,0
U06059,48,Web,10,4.5,21,3,0,35,9,0
U06060,36,Android,25,10.4,69,17,1,21,5,0
U06061,40,Android,15,2.5,42,7,0,30,5,0
U06062,55,iOS,8,3.0,18,4,0,40,3,1
U06063,36,Android,18,6.8,44,11,2,25,3,0
U06064,21,Android,4,0.9,4,0,1,52,3,1
U06065,35,Android,17,5.3,39,10,0,31,4,0
U06066,30,Android,11,6.6,24,2,0,30,5,0
U06067,36,Web,20,17.1,65,16,2,10,16,0
U06068,29,Android,31,12.5,102,26,0,26,8,0
U06069,25,Android,7,4.8,19,2,0,32,5,0
U06070,65,Android,17,8.2,53,10,1,19,3,0
U06071,24,Web,6,0.5,14,1,0,46,1,0
U06072,51,Android,21,14.3,58,14,0,14,10,0
U06073,52,Web,4,2.1,8,1,0,40,5,1
U06074,47,Android,25,11.4,80,16,4,6,11,0
U06075,61,Web,18,13.3,62,18,5,16,11,0
U06076,18,Android,6,4.8,18,2,0,38,6,0
U06077,32,Android,17,6.4,48,15,0,26,2,0
U06078,26,iOS,39,19.2,163,47,9,0,11,0
U06079,45,Android,11,6.2,27,5,0,29,4,0
U06080,48,iOS,24,15.5,86,21,8,24,10,0
U06081,61,iOS,25,12.7,88,22,5,27,13,0
U06082,36,iOS,21,11.2,61,18,5,14,10,0
U06083,29,Android,7,7.9,14,1,0,31,3,0
U06084,62,iOS,36,13.0,115,28,4,0,25,0
U06085,50,Android,25,9.9,86,20,1,20,15,0
U06086,54,Web,2,2.5,4,1,0,43,0,1
U06087,39,iOS,13,7.2,23,3,0,30,1,0
U06088,39,iOS,24,13.0,62,12,2,20,8,0
U06089,36,Web,10,9.0,19,2,0,37,2,1
U06090,53,iOS,14,4.2,32,7,1,28,15,0
U06091,28,iOS,25,13.4,64,13,3,6,11,0
U06092,64,Android,16,9.3,40,7,1,21,8,0
U06093,26,iOS,16,10.3,40,6,0,31,5,0
U06094,40,Android,20,12.7,64,22,5,15,11,0
U06095,33,Android,15,0.6,16,4,1,35,3,0
U06096,48,Web,9,3.0,16,2,1,52,3,0
U06097,50,Android,6,1.1,8,1,0,44,1,0
U06098,62,iOS,26,13.6,82,21,3,11,10,0
U06099,55,Android,22,18.1,68,9,0,11,8,0
U06100,29,Android,14,5.8,36,3,0,36,9,0
U06101,27,Web,23,15.4,66,16,4,7,17,0
U06102,60,Android,25,14.6,74,14,2,13,7,0
U06103,41,iOS,14,7.0,35,4,0,26,6,0
U06104,22,iOS,22,15.4,66,15,4,14,8,0
U06105,57,Web,13,3.8,36,8,1,31,2,0
U06106,49,Android,12,1.7,23,2,0,43,6,1
U06107,19,iOS,29,15.7,77,20,1,12,12,0
U06108,55,iOS,16,4.9,30,2,0,38,5,0
U06109,47,Android,18,7.0,46,11,0,21,6,0
U06110,47,Android,11,2.9,20,0,0,37,6,0
U06111,59,Android,11,5.3,28,6,2,36,4,0
U06112,41,iOS,50,17.0,196,52,9,0,20,0
U06113,40,Android,32,12.8,96,23,3,10,12,0
U06114,47,Android,7,4.7,12,1,0,33,5,0
U06115,27,iOS,19,13.4,39,5,0,24,7,0
U06116,25,iOS,15,6.8,35,2,0,27,8,1
U06117,58,Android,20,10.7,69,16,0,19,6,0
U06118,28,Android,16,10.9,32,3,0,27,4,0
U06119,42,Android,12,7.4,25,5,1,36,2,0
U06120,30,iOS,12,8.4,21,3,0,36,11,0
U06121,29,Web,16,9.3,41,8,2,20,9,1
U06122,46,iOS,17,13.4,42,9,1,29,9,0
U06123,56,iOS,29,14.2,86,27,3,10,6,0
U06124,39,Android,23,11.7,83,20,5,12,8,0
U06125,24,Web,18,9.6,41,9,1,18,6,0
U06126,29,Android,27,13.8,81,22,3,12,4,0
U06127,25,Android,29,13.9,104,29,2,10,8,0
U06128,60,Android,24,11.9,80,14,1,21,7,0
U06129,33,Android,8,4.3,25,2,0,31,5,0
U06130,35,iOS,37,17.0,139,33,8,4,13,0
U06131,21,Android,11,4.9,28,3,0,29,2,0
U06132,39,Android,27,12.7,108,26,6,4,7,0
U06133,61,Android,21,6.0,44,3,1,33,7,0
U06134,37,Web,27,11.2,84,22,2,13,16,0
U06135,49,iOS,18,5.9,46,9,0,22,7,0
U06136,26,Web,4,0.8,12,0,0,49,3,1
U06137,24,Web,9,5.2,19,2,0,34,4,0
U06138,53,Web,17,7.0,36,8,1,21,6,0
U06139,21,iOS,11,5.0,15,2,0,35,4,0
U06140,39,Android,11,3.6,26,1,0,36,4,1
U06141,33,Android,22,7.9,58,14,1,20,7,0
U06142,18,Android,10,7.0,22,2,0,37,2,0
U06143,43,iOS,17,5.2,46,13,1,21,3,0
U06144,64,Android,18,8.4,34,8,2,49,7,1
U06145,21,Android,36,8.6,115,27,6,23,10,0
U06146,57,iOS,13,3.8,39,6,0,34,4,1
U06147,43,Android,11,3.9,24,5,0,35,4,1
U06148,52,Android,20,9.6,55,12,1,18,12,0
U06149,22,Android,23,10.9,63,14,0,25,6,0
U06150,59,iOS,28,11.8,99,21,1,11,10,0
U06151,18,Android,12,4.9,23,5,0,35,3,0
U06152,61,Android,11,0.5,21,4,0,39,5,1
U06153,49,Android,20,10.6,70,17,3,14,7,0
U06154,34,iOS,26,17.4,92,26,4,6,13,0
U06155,18,Android,27,16.3,102,30,7,8,12,0
U06156,47,Android,9,9.7,19,4,1,28,4,1
U06157,22,Web,45,15.0,162,50,10,0,10,0
U06158,47,Web,10,7.5,19,3,0,43,2,1
U06159,55,Android,16,10.1,39,11,1,17,16,0
U06160,30,Android,12,5.9,34,4,1,31,4,0
U06161,29,Android,14,9.6,37,9,0,19,7,0
U06162,28,iOS,29,15.4,92,22,1,9,14,0
U06163,28,Android,8,0.5,18,3,0,39,4,1
U06164,23,Web,24,9.0,54,8,2,30,14,0
U06165,29,Web,22,6.9,37,8,0,26,6,0
U06166,49,iOS,12,7.3,34,2,0,28,9,0
U06167,32,Android,34,15.4,114,30,5,4,13,0
U06168,55,Web,17,10.4,35,7,2,41,7,1
U06169,57,iOS,12,7.1,30,3,1,27,4,0
U06170,54,iOS,40,15.3,134,44,3,0,21,0
U06171,43,Android,22,9.4,49,7,0,28,11,0
U06172,33,iOS,24,13.8,80,27,6,3,13,0
U06173,62,Web,10,2.5,23,3,0,39,6,1
U06174,27,Web,14,11.5,33,7,0,32,8,0
U06175,40,iOS,15,7.8,43,9,0,28,7,0
U06176,39,iOS,17,3.7,46,11,0,28,5,0
U06177,53,Android,43,22.5,152,40,4,0,11,0
U06178,44,iOS,29,13.3,97,35,7,7,17,0
U06179,56,Web,11,5.1,28,7,0,38,4,1
U06180,62,iOS,24,8.6,78,18,1,19,6,0
U06181,36,Android,34,21.9,139,40,8,0,16,0
U06182,59,Android,29,12.1,107,35,7,8,13,0
U06183,26,iOS,10,1.4,9,1,0,43,3,1
U06184,61,Web,6,3.4,12,1,0,49,4,1
U06185,26,Android,29,7.8,97,17,0,8,10,0
U06186,58,Android,22,10.8,62,17,1,20,8,0
U06187,36,Web,21,11.1,62,16,4,24,10,0
U06188,64,iOS,25,12.9,67,19,4,20,11,0
U06189,24,Android,18,6.0,40,8,1,35,8,0
U06190,40,Android,24,17.9,84,21,6,7,9,0
U06191,61,Android,19,10.1,46,12,1,19,3,0
U06192,20,Android,9,6.4,15,0,0,43,4,0
U06193,30,iOS,15,7.4,33,6,0,29,5,0
U06194,22,iOS,30,14.9,117,27,5,2,13,0
U06195,33,iOS,40,14.4,142,42,2,6,21,0
U06196,36,iOS,24,5.9,81,21,3,9,8,0
U06197,47,Android,23,8.1,58,4,0,19,9,0
U06198,30,Android,3,6.0,7,1,0,40,1,1
U06199,25,Android,10,2.2,26,0,0,34,6,0
U06200,26,Android,23,9.1,52,7,0,19,7,0
U06201,63,iOS,29,13.3,108,36,6,0,18,0
U06202,63,Android,4,0.5,6,0,0,41,6,1
U06203,28,iOS,26,13.1,99,29,5,12,5,0
U06204,27,Android,4,4.7,8,0,0,46,3,1
U06205,20,Android,32,13.2,119,38,5,8,5,0
U06206,64,Android,24,11.4,84,17,4,8,9,0
U06207,51,iOS,23,9.1,62,12,2,24,6,0
U06208,54,iOS,34,10.8,116,29,6,17,7,0
U06209,31,Web,20,7.1,47,8,1,23,8,0
U06210,48,Android,19,4.5,41,7,0,33,5,0
U06211,20,iOS,6,5.4,12,3,0,40,2,0
U06212,50,iOS,19,10.8,54,10,2,19,9,0
U06213,45,Android,18,8.0,41,7,2,22,10,0
U06214,33,Android,33,14.5,93,20,2,7,12,0
U06215,52,Android,30,10.7,94,28,6,9,8,0
U06216,49,Android,37,21.6,156,53,12,0,25,0
U06217,39,Web,6,6.3,14,3,0,50,1,1
U06218,26,Android,32,17.6,116,36,5,4,16,0
U06219,19,iOS,28,8.2,75,10,0,21,7,0
U06220,63,iOS,14,3.6,29,5,0,41,8,0
U06221,31,Android,31,11.1,96,25,8,8,9,0
U06222,32,iOS,19,6.6,42,10,2,28,10,0
U06223,50,Android,21,14.0,57,12,0,15,15,0
U06224,30,iOS,10,0.5,18,2,0,48,1,1
U06225,36,Android,30,15.6,96,23,2,12,11,0
U06226,52,Android,20,8.8,58,14,1,22,6,0
U06227,46,Android,16,10.7,35,5,0,26,5,0
U06228,49,iOS,10,9.5,18,1,1,30,5,0
U06229,18,iOS,25,11.6,59,9,1,23,5,0
U06230,39,iOS,14,9.8,29,2,0,26,7,1
U06231,40,Android,12,3.5,32,1,0,42,5,0
U06232,48,Web,3,0.5,2,0,0,49,0,1
U06233,25,Android,15,3.6,38,5,0,31,4,0
U06234,25,Web,9,7.1,29,5,0,34,5,1
U06235,54,iOS,22,12.9,52,10,4,31,12,0
U06236,50,iOS,20,9.3,61,13,1,17,5,0
U06237,56,Android,7,6.5,10,0,1,47,1,1
U06238,30,iOS,19,15.4,63,14,4,25,9,0
U06239,65,iOS,7,1.0,25,3,0,42,4,1
U06240,31,Android,12,7.5,22,3,0,33,6,0
U06241,49,iOS,30,13.2,91,27,6,9,17,0
U06242,25,Android,11,10.2,20,3,0,29,2,0
U06243,62,iOS,8,5.7,13,2,0,37,1,0
U06244,33,iOS,12,10.4,21,0,0,48,1,1
U06245,56,Web,19,9.3,62,10,4,20,9,0
U06246,33,iOS,38,17.3,154,50,12,0,14,0
U06247,55,Android,22,12.7,68,13,2,23,4,0
U06248,39,iOS,16,8.6,35,5,0,28,3,0
U06249,20,Android,11,9.9,19,4,0,30,7,0
U06250,27,iOS,32,13.7,109,28,4,4,15,0
U06251,50,iOS,12,7.1,21,2,0,43,5,1
U06252,27,iOS,14,8.3,43,9,1,17,11,0
U06253,31,Android,28,5.5,85,19,4,19,8,0
U06254,44,Android,5,5.4,13,1,0,49,4,1
U06255,30,iOS,10,9.3,23,6,0,38,4,0
U06256,24,Android,24,14.1,77,18,2,10,11,0
U06257,47,Android,17,7.8,49,12,3,23,6,0
U06258,51,Android,21,8.7,55,10,2,22,11,0
U06259,53,iOS,27,10.0,76,12,1,16,9,0
U06260,63,Android,19,7.7,43,7,1,19,7,0
U06261,23,iOS,14,5.1,45,7,0,37,3,0
U06262,38,Web,10,6.2,20,4,1,33,5,1
U06263,29,iOS,21,12.1,53,16,3,14,6,0
U06264,61,Android,29,10.0,94,21,2,15,8,0
U06265,43,Android,5,0.5,5,0,0,43,1,1
U06266,22,Android,7,3.6,22,0,0,54,3,1
U06267,51,iOS,24,11.3,81,24,5,19,17,0
U06268,20,iOS,16,10.9,51,9,2,22,6,0
U06269,31,Android,11,2.8,22,3,0,36,4,0
U06270,52,Android,33,15.8,114,28,7,5,13,0
U06271,42,Android,4,3.8,6,0,0,47,3,1
U06272,54,Android,45,19.1,160,47,11,2,13,0
U06273,45,Web,7,1.4,12,0,0,45,2,0
U06274,58,Android,13,4.6,25,3,1,32,5,0
U06275,45,Android,18,6.2,40,6,0,28,6,0
U06276,20,Android,29,12.4,86,19,3,12,11,0
U06277,21,Android,17,11.8,31,5,0,27,9,0
U06278,55,Android,4,0.9,11,2,0,47,0,1
U06279,19,Android,30,17.1,75,18,1,10,15,0
U06280,36,Android,21,10.6,53,12,1,23,12,0
U06281,18,Android,24,9.6,62,10,1,20,7,0
U06282,32,iOS,18,5.1,43,6,0,27,3,0
U06283,46,iOS,13,4.1,32,6,0,38,1,0
U06284,26,Android,22,11.4,67,16,1,18,6,0
U06285,40,Web,19,8.8,67,14,0,20,5,0
U06286,65,Android,18,11.3,56,12,3,19,8,0
U06287,21,Web,5,7.5,5,0,0,44,2,1
U06288,21,Web,13,9.8,27,4,0,34,1,0
U06289,31,Android,26,11.0,72,12,2,16,11,0
U06290,57,Android,22,9.1,73,20,3,21,5,0
U06291,37,Web,26,9.7,88,20,3,10,8,0
U06292,48,Android,4,4.6,6,1,0,43,2,1
U06293,19,Android,25,16.4,88,19,3,15,11,0
U06294,53,iOS,33,19.4,130,34,2,21,11,0
U06295,21,iOS,28,10.7,80,18,1,19,12,0
U06296,52,Web,14,4.2,26,3,0,27,4,1
U06297,25,iOS,27,11.5,75,16,2,16,7,0
U06298,59,Web,16,10.5,46,10,0,25,8,0
U06299,32,iOS,23,9.6,73,12,0,23,11,0
U06300,26,iOS,27,15.6,84,31,5,6,17,0
U06301,34,iOS,34,15.4,112,25,3,11,8,0
U06302,18,Web,23,11.2,58,5,0,25,4,0
U06303,25,Web,1,2.1,5,0,0,57,3,1
U06304,46,Web,14,5.5,22,3,1,31,3,1
U06305,32,iOS,23,5.3,53,8,2,21,7,0
U06306,34,iOS,11,8.7,35,5,0,33,4,1
U06307,56,Android,30,11.8,114,34,2,27,15,0
U06308,23,Web,20,3.7,56,8,0,25,8,0
U06309,37,Android,14,6.9,37,7,1,27,7,0
U06310,26,Android,32,16.3,126,37,6,4,15,0
U06311,41,Android,11,9.5,28,5,0,27,4,0
U06312,33,iOS,39,15.9,151,45,9,0,12,0
U06313,20,iOS,30,12.6,80,23,3,8,16,0
U06314,21,Android,15,8.0,33,4,0,28,4,0
U06315,58,Android,13,3.3,28,7,1,35,5,0
U06316,20,Android,5,1.1,10,0,0,43,2,1
U06317,55,Android,25,14.9,85,17,1,9,14,0
U06318,61,Android,21,8.5,54,12,2,30,8,0
U06319,40,iOS,9,6.0,23,2,0,42,2,1
U06320,32,Android,39,16.7,150,53,8,0,17,0
U06321,55,Android,31,12.5,106,26,5,8,10,0
U06322,65,Android,25,11.5,69,15,2,14,8,0
U06323,23,iOS,15,5.8,37,7,0,29,7,0
U06324,64,Web,6,3.4,8,0,0,38,5,1
U06325,63,Android,10,5.5,20,2,0,33,0,1
U06326,24,Android,35,11.6,125,36,6,1,12,0
U06327,20,iOS,18,6.7,54,11,1,26,3,0
U06328,52,Android,18,14.5,64,13,1,41,9,0
U06329,21,Web,2,5.0,5,1,0,44,0,0
U06330,46,Web,27,8.7,70,16,1,13,10,0
U06331,21,iOS,42,14.0,147,35,7,0,18,0
U06332,51,Web,21,10.4,70,10,1,25,8,0
U06333,29,Android,11,8.7,18,3,0,30,3,0
U06334,22,Android,31,13.0,106,35,6,17,9,0
U06335,21,Android,14,0.5,29,7,1,34,4,1
U06336,27,Android,15,6.2,30,6,0,30,6,0
U06337,43,Android,11,1.7,22,2,0,35,4,1
U06338,21,iOS,22,13.4,55,8,1,21,12,0
U06339,56,iOS,12,7.1,27,6,0,35,4,0
U06340,46,Android,10,6.6,22,6,1,30,2,0
U06341,32,iOS,26,9.2,81,25,1,23,12,0
U06342,65,Android,15,6.3,27,3,0,47,2,0
U06343,49,Android,30,13.1,99,24,7,24,14,0
U06344,50,Android,22,10.5,63,21,2,42,8,0
U06345,26,iOS,16,14.9,49,8,1,28,5,0
U06346,52,iOS,21,6.9,59,15,0,22,5,0
U06347,44,iOS,22,14.4,65,15,1,10,15,0
U06348,65,Android,16,9.8,32,7,0,28,9,0
U06349,40,Android,24,17.4,72,14,1,10,13,0
U06350,50,Web,16,7.6,41,5,1,43,9,0
U06351,34,Android,33,18.1,124,38,14,0,14,0
U06352,19,Android,30,9.8,97,24,5,8,9,0
U06353,24,Android,3,5.9,6,0,0,40,3,1
U06354,59,Android,25,9.8,75,14,3,36,8,0
U06355,53,iOS,11,5.5,34,4,0,40,2,0
U06356,35,Android,16,12.1,43,8,3,24,10,0
U06357,51,iOS,14,9.6,34,9,0,25,7,0
U06358,18,Web,11,5.5,22,2,0,33,5,1
U06359,19,Android,16,6.0,38,6,0,28,8,0
U06360,42,Android,11,10.3,29,5,0,27,6,0
U06361,47,Web,12,5.3,39,13,2,37,10,0
U06362,62,iOS,45,19.6,181,60,9,0,17,0
U06363,54,Web,12,9.1,32,8,0,28,4,0
U06364,30,Android,21,13.0,73,16,2,20,10,0
U06365,57,iOS,6,3.8,17,2,1,41,1,1
U06366,41,Web,9,0.6,11,1,0,47,2,0
U06367,57,Android,26,11.0,89,22,4,16,7,0
U06368,26,Web,17,2.6,38,8,1,32,7,0
U06369,19,iOS,23,8.2,51,7,1,21,4,0
U06370,20,Web,6,4.5,5,0,0,41,4,0
U06371,65,Android,12,7.7,31,6,1,34,1,0
U06372,21,Android,13,6.4,30,6,0,29,6,0
U06373,63,Android,26,18.7,78,19,2,10,11,0
U06374,52,Web,9,2.3,16,3,0,38,5,0
U06375,25,Android,15,8.7,31,6,3,27,9,1
U06376,59,Android,25,14.7,70,18,4,15,16,0
U06377,24,Web,9,4.9,18,4,1,37,0,1
U06378,24,Android,15,6.4,38,5,0,31,5,1
U06379,45,iOS,15,5.4,31,4,0,40,2,0
U06380,31,Android,21,14.1,53,14,2,21,4,0
U06381,31,iOS,21,11.1,68,13,2,20,5,0
U06382,27,Android,17,5.7,36,3,0,27,1,0
U06383,47,iOS,24,10.1,57,10,1,29,3,0
U06384,19,iOS,36,16.7,129,37,10,0,16,0
U06385,29,Android,12,7.4,31,8,1,26,4,0
U06386,44,Android,23,14.6,84,19,1,10,12,0
U06387,41,Android,18,8.3,38,6,0,37,7,0
U06388,51,iOS,7,8.2,10,1,0,36,1,1
U06389,28,Android,25,11.4,57,8,2,18,8,0
U06390,49,Android,19,10.0,42,7,0,29,9,0
U06391,54,Android,30,14.8,98,23,0,12,7,0
U06392,36,iOS,19,11.3,75,15,5,13,10,0
U06393,30,iOS,29,11.1,81,17,5,17,13,0
U06394,44,Android,13,6.1,34,11,3,30,4,0
U06395,45,Web,2,4.5,5,0,1,45,0,1
U06396,22,iOS,9,6.8,28,4,1,33,4,0
U06397,45,Web,5,3.8,6,0,0,38,3,1
U06398,25,iOS,15,7.6,35,7,0,34,6,0
U06399,45,Android,5,5.5,16,2,1,41,2,1
U06400,62,Web,6,2.3,13,1,0,48,6,0
U06401,43,iOS,8,7.4,19,3,0,30,2,1
U06402,54,iOS,15,10.3,36,9,2,29,3,0
U06403,32,Android,24,10.3,47,8,0,19,9,0
U06404,62,Android,21,10.6,58,13,2,14,8,0
U06405,57,iOS,16,10.6,42,5,0,39,10,0
U06406,62,Android,12,3.7,23,3,0,66,8,1
U06407,53,iOS,18,9.4,49,14,6,21,16,0
U06408,49,Android,23,9.7,68,18,2,23,8,0
U06409,43,iOS,8,1.0,13,2,0,37,3,1
U06410,62,Android,9,9.0,28,5,1,36,10,0
U06411,58,Android,7,1.8,14,5,1,35,7,1
U06412,38,Android,11,7.5,20,6,1,56,4,1
U06413,22,Web,8,5.1,17,1,0,38,2,0
U06414,18,iOS,30,13.1,87,26,2,14,7,0
U06415,29,Web,22,12.9,75,24,5,14,16,0
U06416,21,iOS,12,7.8,24,3,0,31,6,0
U06417,28,iOS,13,9.7,26,4,1,27,3,0
U06418,23,iOS,22,14.6,83,19,4,5,18,0
U06419,65,Web,24,15.2,83,22,4,10,8,0
U06420,22,Web,15,7.0,41,7,0,42,5,0
U06421,48,iOS,23,11.3,52,9,0,30,7,0
U06422,34,Android,27,16.7,90,23,8,8,4,0
U06423,26,iOS,30,15.5,104,18,3,19,13,0
U06424,51,Android,20,9.6,52,15,3,31,8,0
U06425,64,Android,14,4.6,28,2,0,35,4,0
U06426,55,iOS,28,20.3,102,27,2,7,12,0
U06427,64,Web,2,1.2,8,0,0,61,1,1
U06428,46,Android,23,8.8,88,20,3,29,13,0
U06429,50,Android,18,5.4,33,7,0,44,8,1
U06430,25,Web,8,3.0,10,0,0,50,1,1
U06431,58,Android,23,10.0,59,10,0,20,8,0
U06432,53,Android,21,13.5,62,19,3,22,13,1
U06433,30,iOS,12,6.4,25,4,0,30,6,0
U06434,35,Web,31,16.9,98,24,6,11,14,0
U06435,47,iOS,47,20.3,195,67,13,0,17,0
U06436,18,iOS,18,13.5,51,6,1,18,12,0
U06437,57,Android,7,8.1,13,3,0,34,3,0
U06438,31,Android,9,6.4,22,3,0,28,2,1
U06439,21,iOS,10,8.5,19,1,0,42,4,1
U06440,33,Web,22,14.1,68,16,6,24,9,0
U06441,58,Android,8,4.4,15,3,0,40,3,0
U06442,31,Android,6,7.0,11,0,0,41,1,1
U06443,43,Android,16,13.8,36,6,0,32,8,0
U06444,56,Android,20,8.6,44,4,0,36,5,0
U06445,19,Android,6,0.5,14,0,0,40,2,1
U06446,54,Android,26,6.5,55,12,0,22,10,0
U06447,31,iOS,21,9.6,56,12,4,21,4,0
U06448,51,Android,22,6.7,52,11,4,20,11,0
U06449,27,iOS,22,11.9,71,17,2,8,17,0
U06450,24,iOS,17,8.4,35,3,0,25,7,0
U06451,55,Web,17,6.8,36,5,0,32,3,0
U06452,56,Web,10,8.9,27,3,0,37,6,0
U06453,65,Android,12,7.6,32,5,0,35,6,0
U06454,50,Android,27,7.9,83,13,0,16,6,0
U06455,40,iOS,29,15.5,100,23,0,4,12,0
U06456,27,Android,22,9.6,69,20,1,25,15,0
U06457,32,Android,34,15.9,110,29,1,5,14,0
U06458,49,Android,5,4.6,10,0,0,41,4,0
U06459,34,Web,17,9.7,45,5,1,33,10,0
U06460,41,Android,11,7.0,18,4,1,41,8,0
U06461,26,iOS,30,21.4,136,39,5,0,12,0
U06462,39,Android,16,7.7,36,2,0,32,4,0
U06463,29,iOS,24,5.4,58,9,1,23,6,0
U06464,23,Android,23,14.0,79,17,3,17,7,0
U06465,24,Web,13,7.6,41,9,0,29,7,0
U06466,42,iOS,9,2.6,16,3,0,32,11,1
U06467,35,Android,17,7.3,42,10,0,25,4,0
U06468,22,Android,12,5.4,23,3,0,40,3,0
U06469,42,Web,5,3.8,8,1,0,44,1,1
U06470,25,iOS,13,9.2,30,4,0,35,6,0
U06471,18,Android,17,8.4,42,7,1,25,9,0
U06472,24,Android,9,4.5,19,1,0,37,4,0
U06473,39,Android,21,11.5,71,17,4,9,10,0
U06474,63,Android,15,10.8,36,5,1,24,9,0
U06475,29,Android,9,4.9,20,1,0,44,2,1
U06476,31,Android,14,5.5,34,7,1,30,8,0
U06477,29,Android,8,8.0,23,3,0,47,6,1
U06478,35,Web,14,11.5,38,10,2,27,6,1
U06479,52,iOS,18,16.9,73,17,2,17,9,0
U06480,33,Web,8,4.2,21,1,0,41,4,1
U06481,49,iOS,25,13.4,47,4,1,28,6,0
U06482,61,iOS,15,7.2,38,7,0,22,7,0
U06483,63,Android,26,7.0,70,16,3,17,8,0
U06484,45,iOS,28,13.1,73,19,3,15,10,0
U06485,52,Android,14,11.0,39,7,1,28,5,0
U06486,62,iOS,11,9.1,29,1,0,33,4,0
U06487,55,Web,6,8.5,21,3,0,36,3,0
U06488,32,Web,5,6.8,11,1,0,40,4,0
U06489,24,Android,13,7.6,24,2,0,36,4,0
U06490,23,iOS,17,9.8,48,11,2,24,6,0
U06491,60,Android,40,18.1,138,40,12,0,14,0
U06492,44,Android,38,17.9,133,40,3,0,12,0
U06493,32,Android,17,11.7,28,3,0,24,5,0
U06494,34,Android,26,10.1,91,19,3,12,12,0
U06495,31,iOS,23,9.7,71,11,2,18,11,0
U06496,56,Android,18,12.0,49,12,4,14,10,0
U06497,47,Android,18,12.0,58,8,2,19,8,0
U06498,60,Web,9,8.0,21,3,0,45,1,1
U06499,32,iOS,21,5.3,45,3,1,24,9,0
U06500,40,Android,9,1.4,20,2,0,40,5,0
U06501,23,iOS,22,7.3,46,9,1,38,6,0
U06502,64,iOS,33,15.2,95,24,2,3,10,0
U06503,42,iOS,14,7.7,30,5,0,34,4,0
U06504,44,iOS,29,13.0,99,33,10,5,10,0
U06505,37,Web,8,6.2,17,5,0,48,1,1
U06506,31,Android,9,7.6,17,2,0,34,2,0
U06507,63,iOS,19,13.9,38,7,0,33,6,0
U06508,41,Android,28,16.4,105,30,5,9,14,0
U06509,50,Web,7,1.8,8,0,0,38,0,1
U06510,19,Android,9,6.7,16,5,1,33,2,0
U06511,31,Android,30,14.4,84,16,4,10,7,0
U06512,56,Web,14,10.6,36,8,0,30,5,0
U06513,22,iOS,12,8.4,31,10,1,24,4,0
U06514,22,Android,18,6.0,34,3,0,24,10,0
U06515,56,Android,30,13.4,87,23,1,12,15,0
U06516,32,Android,18,10.9,59,9,2,22,3,0
U06517,31,Web,19,9.2,50,7,1,26,4,0
U06518,45,Android,24,14.5,80,15,3,8,13,0
U06519,27,Android,20,4.2,60,15,3,29,10,0
U06520,20,iOS,24,10.4,72,16,2,16,8,0
U06521,18,Android,16,8.2,45,8,1,27,6,0
U06522,21,Android,12,4.8,20,6,0,39,4,0
U06523,25,Web,7,9.0,12,1,0,37,3,0
U06524,51,Android,13,6.8,29,5,0,33,7,0
U06525,32,Web,18,5.8,39,11,1,22,11,0
U06526,21,iOS,13,5.5,29,4,0,35,6,0
U06527,18,Android,9,9.4,14,1,0,30,5,0
U06528,40,iOS,7,2.3,9,1,0,45,1,1
U06529,58,iOS,15,2.1,36,5,0,34,6,0
U06530,34,iOS,18,11.4,44,10,1,20,2,0
U06531,21,iOS,21,14.9,75,15,1,20,11,0
U06532,28,Android,19,9.4,54,10,3,19,6,0
U06533,41,Android,12,5.6,32,6,2,41,2,1
U06534,27,iOS,34,16.3,123,34,5,8,4,0
U06535,64,Android,40,13.1,134,40,4,0,14,0
U06536,54,Android,17,15.1,54,7,0,13,8,0
U06537,34,iOS,25,14.2,81,22,4,14,13,0
U06538,63,Android,6,5.4,10,1,0,42,1,1
U06539,33,iOS,26,10.7,88,28,6,15,7,0
U06540,24,Web,12,6.4,21,0,0,31,3,0
U06541,63,Web,18,10.9,48,7,0,23,11,0
U06542,64,Android,17,9.7,41,5,1,31,8,0
U06543,33,Android,23,6.4,74,15,3,13,10,0
U06544,46,Web,23,12.7,49,19,1,17,17,0
U06545,26,Android,24,15.8,61,14,3,9,14,0
U06546,48,iOS,8,4.7,17,2,0,43,1,0
U06547,51,iOS,22,10.1,60,13,2,18,10,0
U06548,52,Android,13,9.8,34,3,0,33,4,0
U06549,45,Android,16,10.2,46,8,1,23,9,0
U06550,51,iOS,23,7.0,65,14,1,17,18,0
U06551,44,Android,13,7.1,39,7,1,34,3,0
U06552,57,Web,5,8.2,5,0,0,58,1,1
U06553,26,iOS,14,6.1,41,3,0,40,8,0
U06554,41,Android,20,11.5,45,7,2,16,14,0
U06555,37,iOS,35,11.6,113,31,7,10,11,0
U06556,43,Android,14,14.9,47,7,1,18,9,0
U06557,24,Android,26,12.8,80,14,2,20,8,0
U06558,33,Web,26,19.0,82,17,4,13,12,0
U06559,63,iOS,11,7.9,30,6,0,31,1,1
U06560,23,iOS,5,5.1,10,2,0,42,3,1
U06561,48,Web,4,0.5,9,1,0,42,1,1
U06562,49,iOS,8,3.9,19,0,0,33,10,0
U06563,40,Android,24,19.3,82,28,5,16,15,0
U06564,19,Android,33,15.9,123,29,4,6,12,0
U06565,19,Android,26,12.2,85,16,3,16,16,0
U06566,31,Android,30,15.6,79,23,1,15,11,0
U06567,22,iOS,14,7.9,51,12,0,23,8,0
U06568,22,iOS,27,13.9,73,11,0,22,10,0
U06569,25,Android,26,15.2,85,25,3,6,10,0
U06570,27,iOS,21,10.7,62,10,1,23,10,0
U06571,58,Web,16,3.0,40,1,0,50,5,1
U06572,48,Web,13,10.5,26,4,0,33,8,0
U06573,19,Android,11,7.3,31,0,0,28,4,0
U06574,48,Web,8,7.6,21,3,0,48,3,1
U06575,24,Web,28,11.4,92,22,3,15,14,0
U06576,38,Android,28,13.3,84,31,6,9,10,0
U06577,19,Android,29,14.8,95,21,5,7,18,0
U06578,22,Android,33,11.5,81,16,1,9,14,0
U06579,24,iOS,18,10.2,44,6,0,31,2,0
U06580,38,iOS,13,7.3,32,7,0,33,10,0
U06581,40,iOS,23,6.4,53,10,1,24,10,0
U06582,34,iOS,24,6.0,70,12,0,18,6,0
U06583,47,Android,31,17.1,101,36,5,15,13,0
U06584,52,Android,21,13.0,61,10,2,25,5,0
U06585,52,Web,16,5.1,45,8,1,32,3,0
U06586,45,Web,18,11.5,51,13,3,11,11,0
U06587,44,iOS,6,6.2,11,0,0,33,7,0
U06588,41,Android,27,15.0,109,27,4,5,11,0
U06589,29,Android,23,9.2,45,8,1,28,6,0
U06590,41,Android,39,19.6,136,36,6,0,19,0
U06591,18,Android,10,8.0,13,2,0,36,5,1
U06592,64,Android,18,9.2,52,8,1,30,2,0
U06593,35,Web,14,6.8,32,6,0,22,8,1
U06594,54,iOS,32,16.0,99,33,5,6,12,0
U06595,63,Android,6,7.3,21,4,0,32,4,1
U06596,41,Android,7,0.8,12,2,0,39,5,1
U06597,59,Android,17,10.1,50,13,1,18,12,0
U06598,41,iOS,9,5.6,13,4,0,35,6,0
U06599,24,iOS,10,1.9,22,3,0,33,2,1
U06600,19,Android,28,12.8,101,21,3,7,12,0
U06601,24,Web,34,13.5,124,39,8,9,13,0
U06602,63,Android,17,4.7,43,5,1,33,5,0
U06603,40,Android,9,8.4,12,1,0,35,5,0
U06604,33,Web,9,6.8,19,3,0,34,5,0
U06605,39,Android,30,12.4,115,29,4,9,15,0
U06606,30,Android,16,9.6,50,11,1,19,8,0
U06607,59,iOS,20,11.3,39,6,0,28,7,0
U06608,65,Android,23,16.2,80,27,1,10,12,0
U06609,22,Android,30,6.6,107,26,4,18,13,0
U06610,52,Android,9,10.4,14,1,0,30,12,0
U06611,34,Android,28,18.1,117,30,7,0,6,0
U06612,20,iOS,12,6.8,26,4,0,29,7,0
U06613,62,Android,14,7.3,51,4,0,24,3,0
U06614,20,iOS,15,12.4,32,9,1,30,8,0
U06615,27,Web,11,14.1,44,14,3,25,10,0
U06616,19,Android,14,6.3,38,4,0,29,1,0
U06617,40,Android,34,8.8,107,30,4,1,12,0
U06618,46,Android,5,1.4,10,0,0,46,0,1
U06619,33,Android,25,7.9,68,13,5,18,6,0
U06620,21,Android,18,11.6,61,11,2,14,8,0
U06621,23,iOS,19,10.3,69,13,1,14,6,0
U06622,62,Android,18,9.2,49,9,1,30,7,0
U06623,56,iOS,11,10.5,15,0,0,44,3,0
U06624,62,iOS,14,8.4,48,6,1,23,11,0
U06625,43,Web,22,8.8,67,19,4,17,9,0
U06626,44,Android,27,9.6,78,24,3,15,11,0
U06627,55,Android,23,11.1,72,12,2,24,16,0
U06628,47,Web,12,10.8,27,4,0,29,8,0
U06629,38,Android,14,8.2,30,6,1,26,7,0
U06630,32,iOS,8,9.3,14,0,0,37,3,0
U06631,41,iOS,27,12.6,103,27,5,3,15,0
U06632,21,iOS,23,15.6,79,28,5,5,15,0
U06633,27,Android,38,15.0,142,43,6,0,14,0
U06634,53,Android,26,14.1,67,16,5,7,13,0
U06635,59,iOS,16,9.5,36,8,0,30,8,0
U06636,22,iOS,19,7.7,49,10,1,16,7,0
U06637,22,iOS,15,7.9,35,5,1,22,7,0
U06638,22,iOS,28,13.5,75,18,6,8,8,0
U06639,55,Web,6,4.7,10,2,1,38,4,0
U06640,32,Web,25,12.4,86,30,7,7,10,0
U06641,33,iOS,31,17.0,112,35,3,1,15,0
U06642,18,Android,18,12.2,57,17,0,18,9,0
U06643,64,Android,14,13.1,35,6,0,19,8,0
U06644,38,iOS,19,5.2,54,9,2,27,6,1
U06645,56,iOS,24,11.4,81,14,6,15,11,0
U06646,51,Android,23,12.1,71,19,4,19,13,0
U06647,24,iOS,19,8.9,46,8,2,23,10,0
U06648,56,Android,8,6.0,18,4,0,35,1,0
U06649,44,Android,29,7.7,68,14,1,27,14,0
U06650,47,Web,18,9.8,44,6,0,20,5,0
U06651,27,Android,18,16.0,49,9,1,27,6,0
U06652,58,iOS,18,11.5,59,10,1,20,9,0
U06653,62,iOS,14,4.3,41,7,0,24,7,0
U06654,37,iOS,11,8.7,16,1,0,34,3,1
U06655,22,Android,13,10.8,21,1,0,31,4,0
U06656,58,iOS,15,10.4,43,3,0,28,3,0
U06657,60,Android,21,14.3,63,21,2,19,6,0
U06658,42,iOS,16,13.9,56,10,1,27,4,0
U06659,45,Android,14,9.4,34,7,1,24,13,0
U06660,28,Web,24,15.8,80,25,3,17,11,0
U06661,21,iOS,32,19.6,124,46,12,2,12,0
U06662,63,Android,24,12.0,83,23,1,13,11,0
U06663,41,Android,19,12.3,56,12,3,26,7,0
U06664,31,Android,9,6.2,19,1,0,32,3,1
U06665,51,iOS,28,15.6,82,13,1,12,10,0
U06666,19,iOS,6,6.7,14,0,0,38,1,0
U06667,21,iOS,27,13.7,107,30,5,10,10,0
U06668,29,Web,16,12.2,48,11,2,30,7,0
U06669,39,iOS,24,14.3,97,27,2,8,11,0
U06670,35,iOS,10,6.5,18,1,0,39,3,1
U06671,26,Android,23,11.9,75,18,1,26,10,0
U06672,34,iOS,24,15.1,71,21,3,11,13,0
U06673,34,iOS,14,4.6,37,5,1,33,4,0
U06674,43,iOS,26,10.1,81,31,3,8,7,0
U06675,45,Android,10,3.1,27,1,0,39,5,1
U06676,60,Android,21,13.0,55,12,2,14,15,0
U06677,56,Android,7,4.9,13,0,0,45,2,1
U06678,32,Web,22,10.7,55,10,1,22,9,0
U06679,61,iOS,19,12.4,65,14,1,18,9,0
U06680,42,Android,9,5.7,25,4,0,33,8,1
U06681,27,Android,24,5.9,45,13,1,25,12,0
U06682,34,iOS,14,10.0,41,8,1,27,6,0
U06683,53,Web,21,6.4,48,8,1,25,7,0
U06684,57,Web,11,4.9,19,2,0,37,3,0
U06685,35,Web,14,14.8,46,14,5,19,8,0
U06686,25,Web,21,9.4,56,10,0,20,4,0
U06687,27,Android,29,18.2,79,20,5,23,9,0
U06688,22,Android,11,3.3,19,3,0,31,3,1
U06689,51,iOS,23,10.5,88,19,3,14,10,0
U06690,42,iOS,22,4.1,57,16,2,18,10,0
U06691,39,Android,25,14.3,82,23,4,12,9,0
U06692,50,iOS,24,13.1,89,23,3,8,13,0
U06693,57,Android,39,17.1,117,20,5,25,13,0
U06694,56,Android,8,8.0,14,2,0,50,4,1
U06695,24,Android,0,3.3,0,0,0,44,2,1
U06696,46,Web,18,7.6,57,15,2,26,5,0
U06697,60,iOS,22,3.3,36,8,0,25,7,0
U06698,55,iOS,8,6.1,17,1,0,37,2,1
U06699,33,Web,26,13.6,90,19,7,17,10,0
U06700,36,Web,12,9.5,35,6,0,23,6,0
U06701,60,Android,14,9.8,41,9,1,29,7,0
U06702,19,iOS,7,5.3,19,2,1,31,8,0
U06703,43,Android,10,4.4,20,3,1,39,2,0
U06704,23,iOS,19,10.3,47,8,2,30,6,0
U06705,60,Android,15,14.8,45,6,0,24,9,0
U06706,19,Android,28,16.2,80,27,5,6,9,0
U06707,19,iOS,35,12.7,90,12,2,18,6,0
U06708,33,Android,26,11.4,90,26,5,24,11,0
U06709,27,iOS,21,12.7,52,12,2,32,4,0
U06710,41,iOS,22,14.5,81,16,3,21,12,0
U06711,32,iOS,12,4.3,27,3,1,28,9,0
U06712,35,Android,12,1.2,26,6,1,32,7,0
U06713,45,Android,10,4.8,19,2,0,37,3,1
U06714,44,Android,31,12.0,94,28,2,12,9,0
U06715,62,Web,28,14.3,74,11,0,15,13,0
U06716,41,Web,19,9.2,65,14,0,25,9,0
U06717,45,Android,10,6.2,21,4,0,27,4,0
U06718,50,iOS,22,8.7,72,13,1,16,8,0
U06719,26,iOS,26,12.0,99,23,6,19,16,0
U06720,50,Web,12,5.3,30,3,0,44,4,0
U06721,59,Android,29,9.5,92,24,2,9,11,0
U06722,33,iOS,18,14.6,45,5,1,28,10,0
U06723,26,iOS,15,0.9,33,6,1,27,11,0
U06724,34,Android,25,12.3,80,13,3,7,10,0
U06725,31,Android,20,12.5,78,10,1,17,10,0
U06726,46,Android,9,10.8,23,6,1,30,7,0
U06727,59,iOS,12,2.4,27,2,0,34,2,0
U06728,46,iOS,12,0.5,22,3,0,54,4,0
U06729,24,iOS,25,8.8,86,17,2,14,9,0
U06730,33,Android,10,10.7,17,2,0,33,4,0
U06731,51,Web,16,1.6,39,11,2,30,8,0
U06732,33,Android,39,21.0,136,40,8,0,16,0
U06733,46,Web,5,3.3,7,2,1,42,3,1
U06734,51,Android,16,7.7,46,6,1,29,6,0
U06735,33,Web,20,13.1,60,20,3,18,7,0
U06736,49,Web,23,8.2,64,14,1,21,8,0
U06737,37,Web,14,9.0,39,5,0,32,15,0
U06738,24,Web,0,2.4,0,0,0,47,1,1
U06739,35,Android,18,5.5,44,7,0,24,9,1
U06740,39,iOS,35,14.6,119,31,4,4,19,0
U06741,18,iOS,21,9.6,57,9,2,21,8,0
U06742,60,Android,13,0.5,31,3,0,40,4,0
U06743,43,Web,6,2.7,11,1,0,35,4,1
U06744,19,Android,30,15.2,100,18,4,5,15,0
U06745,59,Android,26,16.6,87,27,5,9,9,0
U06746,59,Web,18,12.4,53,10,0,20,9,0
U06747,18,Android,21,12.1,51,13,4,20,5,0
U06748,25,Android,29,10.6,86,19,3,8,10,0
U06749,35,Android,11,5.0,30,2,0,30,9,0
U06750,42,iOS,24,9.0,72,23,2,11,13,0
U06751,52,Web,17,6.2,30,3,0,36,5,0
U06752,38,Android,8,4.8,17,2,0,34,2,0
U06753,47,iOS,12,6.9,20,5,0,36,3,0
U06754,18,iOS,23,15.5,79,19,2,12,17,0
U06755,49,iOS,17,10.8,53,5,0,30,16,0
U06756,61,iOS,33,9.4,90,25,4,15,8,0
U06757,43,Web,22,15.0,59,13,2,13,9,0
U06758,39,Android,13,5.6,28,5,0,38,2,1
U06759,32,Android,8,5.1,18,2,0,37,1,1
U06760,63,iOS,39,12.2,164,46,8,0,12,0
U06761,19,Android,19,9.4,46,6,0,41,8,0
U06762,31,iOS,16,10.4,44,9,0,19,4,0
U06763,24,Android,20,10.4,53,11,4,17,11,0
U06764,59,Android,9,1.8,13,1,0,39,3,1
U06765,41,Web,24,7.3,81,15,2,14,8,0
U06766,62,Android,21,13.4,71,17,1,13,7,0
U06767,49,iOS,15,1.7,42,7,0,38,7,0
U06768,44,iOS,20,8.5,47,14,3,22,8,0
U06769,42,Android,22,9.6,61,13,0,16,14,0
U06770,27,Android,19,13.2,49,4,1,21,8,1
U06771,44,Android,21,16.8,66,10,1,16,11,0
U06772,50,iOS,17,6.0,42,10,1,32,4,0
U06773,64,Android,14,9.3,32,3,0,34,7,0
U06774,44,iOS,24,7.3,61,8,0,29,6,0
U06775,63,Android,21,8.9,57,11,5,21,8,0
U06776,63,Android,21,8.0,53,13,4,28,6,0
U06777,43,Android,17,11.6,42,8,1,25,5,0
U06778,39,Android,31,13.4,91,21,3,8,12,0
U06779,24,Android,10,4.4,15,2,0,39,1,1
U06780,30,Web,6,2.7,19,5,2,36,4,1
U06781,60,Android,13,4.8,37,9,2,30,9,0
U06782,24,iOS,19,9.6,43,12,0,16,9,0
U06783,37,iOS,19,7.6,41,10,1,33,7,1
U06784,51,iOS,12,8.8,30,6,1,29,7,1
U06785,29,iOS,19,6.8,52,9,1,27,8,0
U06786,64,Android,16,11.3,37,10,1,26,4,0
U06787,49,iOS,11,9.9,32,6,1,29,9,0
U06788,19,Android,20,6.0,39,7,2,34,7,0
U06789,29,iOS,24,11.7,80,13,4,19,9,0
U06790,53,Android,17,10.8,48,13,3,25,4,0
U06791,59,iOS,35,12.6,112,32,5,0,16,0
U06792,62,iOS,24,11.9,61,10,1,25,5,0
U06793,58,iOS,24,7.9,55,7,2,26,12,0
U06794,21,Android,13,5.9,26,5,1,29,4,0
U06795,53,iOS,6,1.5,6,1,0,44,1,0
U06796,23,iOS,5,2.5,7,2,0,45,4,0
U06797,21,iOS,20,5.6,45,5,1,24,11,0
U06798,51,Android,17,9.2,42,4,0,34,6,1
U06799,40,Android,35,13.6,107,32,5,4,15,0
U06800,49,Android,11,4.7,29,5,0,41,5,1
U06801,58,iOS,20,13.8,58,14,1,17,7,0
U06802,21,Android,18,9.0,37,8,1,30,5,0
U06803,43,iOS,13,6.4,34,4,0,31,2,0
U06804,58,iOS,14,12.1,32,7,0,35,4,0
U06805,39,iOS,35,11.7,108,32,7,2,19,0
U06806,43,iOS,12,7.5,30,5,0,27,13,0
U06807,41,iOS,30,20.7,109,33,4,4,11,0
U06808,61,iOS,27,17.0,87,22,3,11,15,0
U06809,20,Android,18,6.8,48,8,0,18,9,1
U06810,60,Web,31,12.8,99,28,4,4,10,0
U06811,57,Web,28,16.9,99,21,5,9,12,0
U06812,57,iOS,9,4.8,21,2,0,39,2,0
U06813,37,Web,19,9.8,57,10,0,47,6,1
U06814,42,Web,2,1.9,3,0,0,56,4,1
U06815,35,iOS,10,5.4,30,6,0,34,9,0
U06816,30,iOS,15,0.5,49,4,0,33,6,0
U06817,60,iOS,13,4.2,35,4,1,39,5,0
U06818,42,Android,5,3.7,17,1,0,39,5,1
U06819,52,Android,15,5.4,36,6,0,30,4,0
U06820,22,iOS,27,10.7,66,12,1,33,6,0
U06821,55,iOS,32,9.4,105,26,3,19,9,0
U06822,49,Android,14,6.2,26,3,0,38,4,1
U06823,65,iOS,8,11.4,21,1,0,31,8,0
U06824,24,iOS,26,16.3,77,21,2,12,16,0
U06825,43,iOS,16,12.3,38,6,0,22,6,0
U06826,42,Android,14,8.3,35,7,2,35,8,0
U06827,43,iOS,7,2.7,9,1,0,37,4,0
U06828,20,Android,12,4.3,30,4,0,37,4,0
U06829,40,Android,15,9.4,30,8,2,30,1,0
U06830,32,Android,5,3.7,9,0,0,40,1,0
U06831,47,Android,12,15.6,34,7,1,23,5,0
U06832,29,Android,4,0.5,7,2,0,45,2,0
U06833,38,iOS,4,2.7,10,2,0,45,2,1
U06834,47,Android,30,15.7,118,43,11,0,16,0
U06835,21,Android,23,11.5,66,14,5,23,14,0
U06836,55,Web,15,9.4,36,4,0,28,5,0
U06837,52,iOS,27,13.4,104,29,5,3,9,0
U06838,20,Web,21,5.5,70,14,3,21,10,0
U06839,21,iOS,20,5.8,45,5,0,39,6,0
U06840,58,Android,39,18.0,144,39,8,0,12,0
U06841,31,Web,16,16.0,61,10,0,14,17,0
U06842,59,Web,23,6.6,58,5,0,25,11,0
U06843,41,iOS,24,14.4,75,23,3,12,19,0
U06844,34,iOS,20,11.5,64,11,0,18,16,0
U06845,31,iOS,14,9.3,42,8,2,29,8,0
U06846,49,iOS,29,12.5,96,16,2,13,12,0
U06847,23,iOS,25,13.2,70,17,3,16,17,0
U06848,37,iOS,30,10.8,87,18,2,18,12,0
U06849,34,Android,24,14.2,84,15,3,19,10,0
U06850,25,Android,4,5.8,6,0,0,43,0,1
U06851,34,Android,15,6.4,43,5,1,29,9,1
U06852,43,Android,25,13.7,94,18,6,13,12,0
U06853,50,Android,7,5.1,19,3,0,58,0,0
U06854,22,Web,15,8.6,36,6,1,24,5,0
U06855,59,Android,8,7.4,14,3,0,36,1,1
U06856,60,Android,12,8.2,23,3,0,27,3,0
U06857,51,Android,14,10.7,48,5,1,25,9,0
U06858,62,iOS,23,11.3,61,11,0,24,5,0
U06859,38,iOS,33,9.8,95,14,2,16,12,0
U06860,57,iOS,12,9.5,35,10,0,38,5,0
U06861,52,Web,16,9.6,30,6,1,25,8,0
U06862,45,Web,23,16.7,54,12,3,20,3,0
U06863,26,Web,4,0.5,9,0,0,64,0,1
U06864,44,Web,20,14.5,47,11,0,13,12,0
U06865,61,Android,22,11.6,61,8,1,24,6,0
U06866,65,iOS,27,20.6,94,27,4,5,14,0
U06867,39,Android,29,10.6,80,16,2,23,9,0
U06868,29,iOS,20,12.5,69,13,1,15,9,0
U06869,53,Android,5,1.9,15,2,1,41,3,1
U06870,21,Android,34,16.7,100,18,2,9,13,0
U06871,25,Android,10,4.8,26,7,0,40,6,0
U06872,44,iOS,26,10.1,97,14,3,16,12,0
U06873,65,iOS,10,1.5,20,2,0,35,4,1
U06874,33,Android,10,0.5,30,5,0,31,3,0
U06875,39,iOS,25,13.2,84,22,0,10,9,0
U06876,33,Android,14,6.5,25,3,0,28,6,0
U06877,39,iOS,39,13.3,128,24,3,7,11,0
U06878,18,Android,27,13.1,72,10,3,27,9,0
U06879,46,Android,7,6.9,18,1,0,48,6,1
U06880,46,iOS,17,7.1,51,8,1,33,10,0
U06881,33,iOS,24,15.3,87,18,2,10,9,0
U06882,30,Web,2,1.8,1,0,0,43,1,1
U06883,54,iOS,19,13.4,73,13,3,10,10,0
U06884,27,Web,10,14.6,28,7,1,22,4,0
U06885,20,Android,31,18.4,100,35,6,0,17,0
U06886,19,Android,16,11.0,39,11,2,34,4,0
U06887,60,Web,16,4.5,37,4,0,55,5,0
U06888,35,Android,29,12.2,101,20,3,4,19,0
U06889,22,iOS,15,11.8,38,8,0,22,6,1
U06890,60,Android,20,13.6,65,13,2,46,7,0
U06891,25,iOS,10,4.3,21,2,0,32,5,0
U06892,34,Android,34,17.2,121,28,2,3,13,0
U06893,18,iOS,11,8.2,36,6,0,31,4,0
U06894,50,iOS,22,14.2,71,19,1,15,11,0
U06895,51,Android,21,8.5,57,9,0,25,9,0
U06896,54,Android,13,5.5,29,9,1,25,6,1
U06897,30,Android,28,17.7,87,26,3,14,16,0
U06898,33,Android,6,3.4,8,0,0,53,3,0
U06899,63,Android,30,18.5,119,36,3,4,10,0
U06900,57,Web,8,0.5,14,0,0,43,5,1
U06901,19,Android,32,12.5,99,19,2,6,19,0
U06902,51,Android,10,7.6,22,2,0,47,4,0
U06903,57,iOS,15,11.6,39,9,2,23,8,0
U06904,44,Android,31,16.8,98,24,5,4,13,0
U06905,48,Android,19,8.8,43,5,1,19,8,0
U06906,18,iOS,25,12.9,91,20,1,8,6,0
U06907,19,iOS,13,6.4,32,5,1,27,8,0
U06908,19,Web,10,10.1,22,9,1,27,7,0
U06909,25,Android,18,8.7,50,11,2,21,10,0
U06910,65,iOS,26,14.2,63,15,2,13,14,0
U06911,48,Web,20,14.7,47,10,2,19,14,0
U06912,55,Web,27,12.3,88,18,3,15,12,0
U06913,32,Web,25,15.4,95,23,6,17,13,0
U06914,63,Android,22,12.4,74,18,2,8,13,0
U06915,27,Web,22,11.4,58,7,1,30,9,0
U06916,61,Web,28,10.8,82,16,2,15,10,0
U06917,19,iOS,14,6.0,38,8,1,30,7,0
U06918,18,iOS,39,12.1,146,31,4,1,14,0
U06919,21,Web,4,1.6,11,0,0,45,3,1
U06920,56,Android,14,3.5,32,4,0,39,5,1
U06921,30,iOS,24,13.0,76,9,2,25,8,0
U06922,39,iOS,24,13.6,69,20,3,10,11,0
U06923,40,iOS,7,1.4,12,1,1,48,5,1
U06924,55,iOS,21,13.0,64,18,5,26,11,0
U06925,34,Android,22,13.8,64,13,2,12,10,0
U06926,18,Android,9,3.7,16,3,1,33,4,0
U06927,36,Android,27,13.9,74,11,0,21,8,0
U06928,31,iOS,13,4.2,31,3,0,36,8,0
U06929,53,iOS,19,7.1,33,5,0,30,6,0
U06930,54,Web,28,14.4,96,23,3,12,15,0
U06931,22,iOS,23,7.4,70,22,3,28,7,0
U06932,56,iOS,11,9.0,28,8,2,26,5,0
U06933,21,Android,17,3.4,36,6,0,33,7,0
U06934,47,iOS,20,6.0,68,19,4,29,7,0
U06935,36,Web,9,8.0,28,1,1,27,5,0
U06936,32,iOS,14,7.5,32,6,0,41,3,0
U06937,41,Web,17,9.4,41,8,0,32,3,0
U06938,32,Web,3,2.1,9,1,0,46,1,1
U06939,56,Android,14,8.1,38,5,0,25,7,0
U06940,64,iOS,15,13.3,42,7,1,23,4,0
U06941,57,iOS,30,13.2,91,21,3,7,13,0
U06942,39,iOS,6,2.9,19,6,0,31,4,0
U06943,42,Android,15,9.9,37,14,5,27,12,0
U06944,39,Android,23,15.2,65,10,1,24,9,0
U06945,56,Android,16,10.9,54,11,2,17,9,0
U06946,44,iOS,24,9.5,69,12,1,12,8,0
U06947,40,Android,13,11.1,36,5,0,25,9,1
U06948,37,Android,26,15.4,78,15,2,17,13,0
U06949,36,iOS,18,8.1,50,9,2,32,9,0
U06950,44,Android,26,11.8,68,11,1,17,10,0
U06951,51,Web,13,10.5,32,3,0,34,6,1
U06952,38,Android,23,19.3,71,20,5,7,20,0
U06953,56,Android,17,15.3,64,17,5,19,14,0
U06954,57,Web,5,4.4,7,1,0,37,3,0
U06955,38,Web,13,7.9,30,4,1,26,9,1
U06956,61,iOS,24,7.1,72,14,1,12,14,0
U06957,26,iOS,26,11.5,100,22,5,13,23,0
U06958,62,Android,22,13.9,67,23,2,13,14,0
U06959,32,iOS,13,16.8,38,9,1,29,11,0
U06960,45,Android,11,4.1,30,5,1,39,4,1
U06961,31,iOS,15,10.5,42,12,1,17,9,0
U06962,39,Android,22,10.3,48,7,0,21,11,0
U06963,34,iOS,22,14.0,59,14,2,24,2,0
U06964,51,Android,29,11.7,93,27,1,7,13,0
U06965,21,Android,27,10.9,79,23,1,13,15,0
U06966,58,Android,26,13.3,83,17,2,8,6,0
U06967,61,iOS,28,15.8,105,26,6,11,15,0
U06968,45,Android,17,10.5,53,9,0,21,9,0
U06969,44,iOS,24,11.2,58,13,0,17,9,0
U06970,51,Android,16,12.5,51,9,2,19,12,0
U06971,27,iOS,9,4.7,12,0,0,41,3,1
U06972,53,Android,20,11.0,62,10,3,17,8,0
U06973,28,Web,14,2.8,31,5,0,40,7,1
U06974,50,Android,30,8.9,84,20,4,16,13,0
U06975,32,Android,30,12.4,101,25,4,5,11,0
U06976,53,Android,21,13.6,61,14,4,18,9,0
U06977,55,Android,11,6.6,13,0,0,54,7,1
U06978,28,iOS,39,15.1,161,46,4,0,16,0
U06979,47,Android,17,11.5,44,7,1,25,10,0
U06980,41,Web,28,8.5,82,25,4,18,8,0
U06981,32,iOS,25,15.7,76,19,6,12,10,0
U06982,46,Android,41,16.5,145,48,10,0,28,0
U06983,65,iOS,23,7.1,66,18,2,12,9,0
U06984,18,Android,32,14.5,110,34,5,11,14,0
U06985,63,Android,25,8.3,59,9,1,17,8,0
U06986,59,Android,2,4.1,1,1,0,41,1,1
U06987,43,Android,31,12.7,101,21,1,12,6,0
U06988,47,Android,37,17.5,118,27,2,0,11,0
U06989,35,Web,6,1.3,9,0,0,42,1,1
U06990,24,iOS,7,9.4,13,4,0,30,5,0
U06991,45,Web,30,12.7,92,23,3,5,14,0
U06992,57,Android,35,17.6,117,33,5,0,13,0
U06993,29,Web,8,9.8,15,3,0,44,5,1
U06994,52,Android,38,15.6,128,33,8,3,15,0
U06995,53,Android,25,13.4,81,13,1,11,11,0
U06996,54,Web,16,5.7,42,6,0,34,2,0
U06997,34,Android,19,15.9,66,14,2,20,9,0
U06998,36,Android,16,7.3,45,8,2,21,3,0
U06999,37,Web,18,8.4,34,4,1,27,4,0
U07000,59,iOS,18,2.0,47,6,1,36,5,0
U07001,61,iOS,25,8.9,75,12,2,19,7,0
U07002,37,Android,29,16.0,89,29,6,5,18,0
U07003,64,Android,8,4.1,10,3,0,35,5,1
U07004,45,Web,11,8.4,33,7,0,34,3,1
U07005,36,Android,8,5.6,15,1,0,37,3,0
U07006,18,Android,15,10.6,35,8,0,21,1,0
U07007,47,Android,5,7.6,11,2,0,37,7,1
U07008,48,Web,7,0.5,16,0,0,45,2,1
U07009,64,iOS,15,7.7,32,5,0,31,4,0
U07010,52,iOS,30,13.1,85,22,3,9,16,0
U07011,19,Web,21,12.3,62,9,1,18,9,0
U07012,45,Android,16,5.5,35,5,0,25,9,0
U07013,53,Web,20,13.0,66,18,1,14,9,0
U07014,41,Android,5,3.6,9,2,0,44,2,0
U07015,38,Android,11,8.0,28,3,1,38,2,0
U07016,56,Android,25,9.2,74,23,1,14,8,0
U07017,47,Web,8,7.0,18,4,0,37,1,1
U07018,50,Web,8,8.8,20,3,0,38,4,1
U07019,40,iOS,13,6.4,33,3,1,26,11,0
U07020,31,Android,6,12.5,18,4,0,23,10,0
U07021,42,Android,16,6.8,39,5,0,39,6,1
U07022,64,Android,8,2.1,19,3,0,33,3,1
U07023,46,Android,24,10.9,63,8,0,17,6,0
U07024,51,Android,23,5.3,72,14,0,22,10,0
U07025,23,iOS,31,17.1,131,37,11,2,10,0
U07026,65,iOS,17,5.5,34,4,0,35,8,0
U07027,29,Web,14,2.4,39,6,0,31,3,1
U07028,64,iOS,31,5.8,80,22,2,11,10,0
U07029,39,Android,33,16.6,110,28,3,11,11,0
U07030,62,iOS,20,9.4,51,14,2,21,7,0
U07031,60,Android,21,10.0,63,20,4,30,5,0
U07032,54,iOS,21,10.6,42,7,2,23,8,0
U07033,61,iOS,16,5.6,44,7,0,36,4,0
U07034,47,Android,17,9.3,34,1,0,27,3,0
U07035,58,Android,20,13.2,62,18,2,15,12,0
U07036,26,Web,22,9.3,59,18,4,17,8,0
U07037,21,iOS,26,12.8,65,16,3,18,8,0
U07038,44,iOS,33,16.0,109,25,3,6,11,0
U07039,56,iOS,20,11.5,58,10,0,19,9,0
U07040,54,iOS,8,7.2,25,2,2,42,3,0
U07041,43,Android,9,5.9,26,1,0,29,8,0
U07042,43,Web,28,14.4,111,27,5,7,13,0
U07043,47,Web,7,6.1,9,1,0,39,1,1
U07044,59,Android,12,5.3,35,4,0,28,4,0
U07045,58,Android,28,11.2,97,28,1,10,12,0
U07046,23,iOS,19,11.2,47,10,1,23,10,0
U07047,46,iOS,33,14.9,118,26,7,6,9,0
U07048,36,Android,24,11.6,66,12,3,18,10,0
U07049,56,iOS,9,1.2,15,0,0,35,4,0
U07050,42,iOS,16,9.9,31,9,2,26,6,1
U07051,65,iOS,4,8.1,9,1,0,33,3,0
U07052,38,Android,15,5.7,22,4,0,27,3,0
U07053,50,Android,13,4.9,32,6,0,29,6,1
U07054,23,Android,10,8.0,19,1,0,36,4,1
U07055,62,Web,23,17.3,78,21,5,14,7,0
U07056,25,iOS,14,7.2,27,4,1,26,7,0
U07057,36,Android,37,16.4,136,43,8,0,11,0
U07058,58,Web,16,4.1,29,4,1,32,4,1
U07059,64,Android,30,15.0,101,25,3,12,9,0
U07060,41,iOS,11,2.4,23,1,0,42,0,0
U07061,41,Android,9,1.1,10,0,0,46,2,0
U07062,20,iOS,14,5.5,39,7,0,24,5,0
U07063,64,iOS,26,14.4,67,13,1,13,9,0
U07064,18,iOS,34,13.5,113,31,3,3,12,0
U07065,19,Android,22,18.0,64,16,2,17,6,0
U07066,40,Android,27,12.1,63,9,1,23,9,0
U07067,18,Android,16,12.0,34,5,1,23,9,0
U07068,25,Web,20,3.0,44,0,0,25,10,1
U07069,48,Android,3,3.4,4,1,0,50,6,0
U07070,51,iOS,26,7.9,86,24,4,16,10,0
U07071,32,iOS,40,17.3,136,34,7,0,9,0
U07072,56,Android,15,6.1,33,6,1,38,8,0
U07073,47,Android,19,14.3,50,10,1,30,11,0
U07074,28,Android,10,4.0,15,3,0,31,4,0
U07075,52,iOS,21,11.9,56,14,4,17,5,0
U07076,46,Web,18,10.4,44,9,0,19,10,0
U07077,56,Android,24,12.2,66,23,4,14,11,0
U07078,25,Web,25,16.1,80,18,3,9,13,0
U07079,29,Android,15,10.4,31,5,0,27,3,0
U07080,32,Android,15,9.9,41,1,0,35,9,0
U07081,34,Web,19,9.8,46,6,1,32,9,0
U07082,60,Web,19,8.7,44,11,0,25,8,0
U07083,53,Android,22,7.2,57,14,2,23,7,0
U07084,44,iOS,23,9.1,53,10,1,20,9,0
U07085,43,Web,6,0.5,10,0,0,47,0,1
U07086,60,iOS,10,5.2,10,1,0,35,1,0
U07087,39,iOS,18,9.8,47,10,2,26,4,0
U07088,28,Android,16,3.2,35,5,0,29,5,0
U07089,24,Android,31,19.0,99,28,7,0,12,0
U07090,33,iOS,21,11.2,64,9,3,16,13,0
U07091,49,iOS,24,13.3,94,22,4,7,15,0
U07092,40,Android,11,8.1,36,3,0,35,5,0
U07093,38,Android,16,10.7,47,6,0,23,5,0
U07094,41,Android,27,6.0,69,17,3,26,10,0
U07095,64,iOS,24,11.8,67,18,1,17,8,0
U07096,65,Android,5,0.5,9,0,0,43,1,0
U07097,25,Android,14,4.5,29,7,0,33,3,0
U07098,23,Android,22,14.7,69,15,1,12,7,0
U07099,29,Web,36,12.1,128,26,3,8,17,0
U07100,58,iOS,12,5.2,28,7,0,35,8,0
U07101,40,Android,35,14.7,115,31,6,7,13,0
U07102,59,Android,10,3.5,28,5,0,35,6,0
U07103,49,Android,14,10.4,30,5,2,42,6,0
U07104,44,iOS,11,8.0,17,2,0,42,5,1
U07105,31,iOS,32,13.9,129,35,5,0,15,0
U07106,34,iOS,17,8.2,29,6,1,42,5,1
U07107,25,iOS,11,9.2,30,2,1,41,6,0
U07108,42,Android,5,4.3,14,0,0,36,2,1
U07109,31,Android,23,6.0,53,7,1,27,6,1
U07110,32,Android,17,5.3,35,7,0,29,8,0
U07111,19,iOS,23,18.7,89,31,7,20,10,0
U07112,56,Android,5,12.2,10,1,0,25,8,0
U07113,63,iOS,21,6.6,41,4,0,25,2,0
U07114,41,Android,21,16.2,63,20,1,16,12,0
U07115,43,iOS,19,6.8,47,13,1,24,3,0
U07116,62,Android,28,14.5,86,21,6,13,14,0
U07117,42,Android,25,13.9,101,30,5,3,8,0
U07118,47,iOS,13,5.7,24,3,0,42,3,0
U07119,38,Android,6,3.0,11,0,0,37,3,0
U07120,42,Android,22,4.3,48,9,1,27,10,0
U07121,43,Android,8,7.2,15,3,0,32,11,0
U07122,52,iOS,35,10.1,106,31,2,14,6,0
U07123,47,Android,20,12.1,54,11,0,19,9,0
U07124,42,Web,18,10.3,43,10,1,22,5,0
U07125,21,Web,9,2.8,10,2,0,62,3,1
U07126,61,Web,4,1.8,5,0,0,41,1,1
U07127,60,Android,19,12.9,56,9,2,17,3,0
U07128,26,iOS,16,12.3,39,7,0,26,8,0
U07129,32,Android,14,4.0,31,4,1,32,2,0
U07130,64,Web,15,8.2,43,7,0,32,6,0
U07131,33,iOS,10,5.1,27,5,1,37,4,1
U07132,56,Android,8,4.0,7,0,0,41,3,0
U07133,55,Android,8,4.7,22,4,1,35,5,1
U07134,59,Web,14,7.0,29,7,1,32,8,0
U07135,18,Web,13,8.1,21,6,2,29,5,1
U07136,41,iOS,27,14.6,95,19,5,13,17,0
U07137,45,iOS,12,4.5,28,5,1,32,5,0
U07138,58,iOS,18,15.2,63,18,5,25,9,0
U07139,28,Web,19,8.7,56,16,1,25,5,0
U07140,32,iOS,36,9.5,123,29,4,16,13,0
U07141,26,Android,23,12.7,77,21,2,15,10,0
U07142,54,iOS,2,5.6,8,2,0,45,0,1
U07143,65,Web,22,14.4,74,14,3,15,7,0
U07144,24,Android,23,11.1,77,17,2,12,8,0
U07145,29,Android,18,10.9,45,10,3,27,4,0
U07146,32,Android,24,15.3,75,16,2,21,9,0
U07147,60,Android,27,12.7,83,21,4,14,14,0
U07148,39,iOS,19,9.8,55,10,2,19,4,0
U07149,31,Android,18,10.0,45,9,0,32,5,0
U07150,33,iOS,22,12.8,54,10,1,44,8,0
U07151,46,Android,32,11.7,110,18,3,11,5,0
U07152,36,Web,12,10.0,21,3,0,29,6,1
U07153,24,Web,4,10.4,13,2,1,35,3,1
U07154,57,iOS,11,8.2,35,5,0,30,3,1
U07155,38,iOS,13,8.2,40,9,2,26,6,0
U07156,30,Android,10,4.9,13,0,0,36,2,0
U07157,52,Web,9,5.0,21,3,0,35,6,0
U07158,53,iOS,19,8.3,66,13,1,35,10,0
U07159,25,Android,27,8.0,78,20,3,14,9,0
U07160,21,Web,23,12.0,57,10,0,23,20,0
U07161,20,Android,12,12.0,25,9,1,29,5,0
U07162,54,iOS,7,0.5,13,2,0,46,1,0
U07163,48,Android,15,5.9,29,4,1,27,4,0
U07164,56,iOS,24,12.7,65,16,4,13,10,0
U07165,48,Android,14,5.9,18,2,0,34,6,0
U07166,37,Android,28,11.9,84,22,3,46,14,0
U07167,46,iOS,31,11.6,99,28,3,18,8,0
U07168,52,Web,2,1.9,5,0,0,46,2,0
U07169,37,Android,9,3.5,14,1,0,47,2,0
U07170,61,iOS,25,14.3,78,21,2,6,12,0
U07171,61,iOS,14,9.1,30,4,1,30,5,0
U07172,56,Web,9,2.2,18,1,0,37,4,0
U07173,65,Android,17,5.3,40,5,0,36,6,1
U07174,36,iOS,20,6.8,56,10,0,21,11,0
U07175,23,Web,12,7.8,27,6,2,31,5,0
U07176,41,Android,22,6.7,72,18,3,28,13,0
U07177,53,Android,12,4.7,36,6,1,23,8,0
U07178,55,Web,36,15.7,127,36,6,23,9,0
U07179,36,Android,14,3.7,34,6,1,51,7,0
U07180,32,Android,32,7.6,74,12,2,17,9,0
U07181,39,Android,30,11.8,72,16,3,7,15,0
U07182,56,Web,20,9.0,43,6,1,34,4,0
U07183,20,Web,7,14.0,18,3,1,32,9,1
U07184,33,iOS,11,6.9,27,5,1,27,4,0
U07185,29,iOS,19,12.0,44,12,2,16,4,0
U07186,56,Android,34,10.6,106,20,2,7,13,0
U07187,40,Android,23,15.8,86,17,2,3,8,0
U07188,22,Android,7,6.4,20,3,0,42,2,1
U07189,30,Android,7,4.2,18,3,0,41,4,1
U07190,20,Android,22,16.5,60,13,1,14,12,0
U07191,40,iOS,26,11.2,70,16,4,10,16,0
U07192,65,Android,31,12.2,127,39,8,0,14,0
U07193,45,Android,32,15.2,101,29,5,4,12,0
U07194,59,Android,12,10.2,51,8,0,23,9,0
U07195,53,Android,16,8.8,37,8,0,27,12,0
U07196,60,Android,7,2.8,18,2,1,31,4,0
U07197,32,Android,36,13.5,125,43,7,9,10,0
U07198,63,Android,23,9.7,71,11,2,21,7,0
U07199,29,iOS,19,9.0,48,5,1,23,3,0
U07200,39,iOS,22,11.8,53,12,1,22,12,0
U07201,50,Web,6,3.0,10,1,0,35,5,0
U07202,31,iOS,14,1.4,24,4,0,32,3,0
U07203,30,iOS,19,12.2,67,16,2,17,11,0
U07204,24,Web,13,10.4,35,6,0,38,7,0
U07205,18,iOS,20,5.3,44,7,1,22,6,0
U07206,42,iOS,24,15.4,63,9,4,20,11,0
U07207,65,Android,9,5.2,16,0,0,59,4,1
U07208,28,Android,14,11.5,34,5,0,26,9,0
U07209,39,Android,15,12.4,43,13,3,30,4,0
U07210,62,Android,5,2.3,17,3,0,35,5,1
U07211,55,iOS,9,7.3,17,4,1,32,6,0
U07212,18,Android,21,14.1,57,11,1,21,6,0
U07213,42,iOS,21,9.4,64,11,1,18,13,0
U07214,24,Web,21,14.8,70,14,0,19,8,0
U07215,29,iOS,28,15.8,89,15,1,11,9,0
U07216,29,Android,9,4.0,15,0,0,35,5,1
U07217,47,Android,26,13.0,78,20,5,9,9,0
U07218,27,Android,18,8.2,53,10,1,18,11,0
U07219,30,Web,12,2.6,21,5,1,35,3,1
U07220,28,iOS,32,15.5,99,20,3,6,7,0
U07221,35,iOS,26,14.7,87,23,3,11,14,0
U07222,49,iOS,14,8.3,23,6,1,26,7,0
U07223,37,iOS,29,14.4,86,17,5,16,9,0
U07224,33,iOS,28,15.8,86,17,3,9,7,0
U07225,42,Android,22,13.8,66,19,4,13,7,0
U07226,47,Android,37,13.8,104,20,3,1,12,0
U07227,18,Android,34,15.0,118,29,4,9,14,0
U07228,60,iOS,20,11.5,57,10,2,17,4,0
U07229,61,Web,31,13.4,106,24,3,2,14,0
U07230,46,iOS,27,16.7,94,22,6,7,18,0
U07231,45,iOS,22,13.6,102,29,7,3,16,0
U07232,51,Web,17,9.6,43,9,1,32,10,0
U07233,39,Android,31,15.4,120,41,7,11,17,0
U07234,35,Android,5,2.8,11,0,0,37,3,1
U07235,34,Web,8,7.0,11,1,0,38,6,1
U07236,25,Web,14,8.5,29,4,0,31,4,0
U07237,58,iOS,10,4.4,27,5,1,47,3,0
U07238,33,Android,13,10.1,26,5,0,29,7,0
U07239,31,Web,18,11.4,40,9,0,27,5,0
U07240,64,iOS,6,4.1,6,0,1,41,3,1
U07241,42,iOS,18,8.1,56,7,1,25,5,0
U07242,47,Android,31,20.2,111,33,3,0,12,0
U07243,29,iOS,18,7.3,42,9,1,32,5,0
U07244,31,Web,23,10.0,77,22,4,19,9,0
U07245,52,Web,32,19.0,126,36,4,7,9,0
U07246,39,iOS,16,13.5,54,16,3,20,11,0
U07247,25,iOS,12,4.4,21,5,0,36,4,0
U07248,58,iOS,25,19.1,91,21,5,9,13,0
U07249,37,iOS,15,7.5,40,5,1,26,8,0
U07250,50,Android,12,4.5,32,2,0,35,2,1
U07251,34,Android,16,13.1,41,6,0,30,11,0
U07252,44,Android,3,1.5,3,0,0,57,4,1
U07253,55,iOS,6,4.2,15,3,0,46,8,1
U07254,60,Android,20,12.9,61,12,3,14,11,0
U07255,27,Android,13,8.6,22,2,1,36,6,0
U07256,50,Web,32,13.0,104,24,7,8,13,0
U07257,61,iOS,23,12.3,60,14,1,22,10,0
U07258,48,Android,11,5.5,30,5,1,32,4,0
U07259,24,Android,25,13.8,88,26,4,7,10,0
U07260,27,iOS,18,6.8,35,5,0,31,7,0
U07261,27,Android,13,8.3,41,5,1,25,6,0
U07262,23,iOS,25,15.2,72,18,4,9,8,0
U07263,54,iOS,30,20.7,89,25,6,5,9,0
U07264,64,Android,23,15.5,82,28,8,16,22,0
U07265,42,iOS,38,15.1,119,32,6,3,19,0
U07266,46,Android,7,9.8,11,1,0,39,4,0
U07267,55,iOS,12,13.8,28,6,0,26,4,1
U07268,37,Android,15,7.0,32,6,0,26,4,0
U07269,40,Android,21,16.6,62,18,7,11,18,0
U07270,46,Android,31,10.8,89,23,7,5,10,0
U07271,32,Web,20,7.3,44,9,1,22,7,0
U07272,20,Android,4,0.5,3,0,0,41,3,0
U07273,45,Android,14,6.4,23,2,0,40,10,0
U07274,57,Android,29,21.6,111,31,4,0,13,0
U07275,21,iOS,29,12.9,82,17,1,22,11,0
U07276,28,Android,15,5.4,37,4,0,28,3,0
U07277,30,Web,2,3.1,4,3,0,47,0,1
U07278,56,iOS,20,3.4,43,6,0,25,5,0
U07279,42,iOS,9,5.9,19,4,0,55,5,1
U07280,43,iOS,18,3.3,53,13,2,23,8,0
U07281,48,Android,19,8.6,51,11,1,31,5,0
U07282,31,Web,13,2.9,37,5,0,31,4,1
U07283,52,Web,13,7.9,36,9,3,53,8,1
U07284,19,Android,16,5.5,29,6,0,31,6,1
U07285,23,iOS,29,12.3,86,17,1,11,10,0
U07286,57,Android,25,10.2,59,10,0,16,11,0
U07287,49,iOS,14,14.6,44,8,1,24,9,0
U07288,26,iOS,27,20.1,98,42,5,0,14,0
U07289,39,Web,4,0.5,6,0,0,43,0,1
U07290,20,Android,27,10.7,102,24,3,7,9,0
U07291,50,iOS,9,10.1,17,3,0,31,3,1
U07292,54,iOS,14,7.4,29,5,0,33,5,0
U07293,31,Android,13,9.8,28,5,0,37,10,0
U07294,34,iOS,20,13.7,62,11,2,26,9,0
U07295,29,iOS,29,10.5,76,17,2,12,10,0
U07296,36,iOS,32,14.0,81,17,2,7,10,0
U07297,31,Web,10,2.1,17,2,1,39,6,0
U07298,29,Android,16,13.0,44,13,2,22,12,0
U07299,38,Android,8,6.0,17,2,0,42,5,1
U07300,59,Android,3,5.0,2,0,0,43,2,1
U07301,54,Android,19,7.8,51,11,2,30,6,0
U07302,32,iOS,25,12.6,61,15,1,9,12,0
U07303,63,Web,24,8.4,60,14,3,18,8,0
U07304,28,Android,36,21.6,140,37,7,0,16,0
U07305,61,iOS,21,12.3,77,20,2,16,12,0
U07306,32,Android,6,5.4,11,0,0,35,3,0
U07307,43,Android,16,7.1,45,10,2,28,6,0
U07308,27,Web,13,6.9,15,3,0,44,6,1
U07309,54,iOS,18,14.8,50,7,0,28,3,0
U07310,33,Android,13,11.8,23,2,0,37,1,0
U07311,59,Web,8,6.4,13,0,0,36,7,0
U07312,21,iOS,28,10.2,92,26,4,10,16,0
U07313,42,Android,8,5.3,17,0,0,30,5,0
U07314,25,iOS,5,6.0,12,1,0,34,6,0
U07315,60,iOS,22,8.8,72,19,8,8,7,0
U07316,38,Android,11,3.7,29,3,0,37,2,0
U07317,50,Web,27,17.7,116,32,6,8,10,0
U07318,60,iOS,33,10.1,126,34,3,4,9,0
U07319,43,iOS,11,8.6,37,8,1,28,1,0
U07320,20,Web,29,9.9,68,12,2,21,14,0
U07321,28,iOS,12,6.0,34,1,0,28,3,0
U07322,28,Android,10,8.2,24,2,0,33,6,0
U07323,61,Android,12,11.5,31,5,0,28,8,1
U07324,61,Android,16,9.4,43,5,2,24,12,0
U07325,40,Android,21,13.4,63,16,3,21,7,0
U07326,60,Android,19,7.5,53,7,1,26,5,0
U07327,29,iOS,32,8.6,90,20,3,26,14,0
U07328,50,Android,5,5.7,8,1,1,45,4,0
U07329,36,Android,19,11.6,49,9,3,26,7,0
U07330,29,iOS,25,12.5,82,23,4,16,10,0
U07331,30,Android,10,4.3,28,7,0,30,6,1
U07332,38,iOS,27,9.7,65,17,1,10,14,0
U07333,34,iOS,27,17.4,99,22,7,3,8,0
U07334,28,Android,25,17.6,94,21,5,2,10,0
U07335,34,Android,22,10.1,68,14,0,23,8,0
U07336,24,iOS,27,9.4,80,22,3,10,7,0
U07337,64,Android,19,8.7,52,15,1,27,11,0
U07338,36,iOS,13,7.1,21,1,0,33,1,0
U07339,23,iOS,7,7.9,14,2,0,38,3,0
U07340,45,iOS,15,7.3,28,4,0,36,4,1
U07341,60,Android,25,16.8,72,15,1,13,12,0
U07342,35,Web,17,5.4,38,6,0,34,6,0
U07343,58,Android,10,1.5,26,1,1,36,3,1
U07344,47,Web,9,8.5,20,1,0,33,2,0
U07345,53,Web,10,8.6,22,5,1,25,4,0
U07346,32,Android,22,10.9,64,13,0,27,12,0
U07347,19,Android,12,4.8,32,6,1,28,7,0
U07348,34,Android,34,16.2,116,30,7,4,14,0
U07349,62,Web,11,7.4,21,4,0,31,7,1
U07350,55,Android,16,8.9,41,9,1,23,10,0
U07351,55,Web,24,14.7,78,13,3,16,13,0
U07352,60,iOS,6,5.6,9,0,0,39,1,1
U07353,35,iOS,13,9.5,26,4,0,30,5,0
U07354,33,iOS,21,12.3,54,12,2,24,15,0
U07355,62,Android,27,15.9,81,23,1,38,14,0
U07356,45,Android,6,1.5,10,4,0,40,4,1
U07357,32,Web,14,8.8,35,5,1,30,6,1
U07358,31,Android,11,5.3,24,2,0,39,3,1
U07359,60,Web,37,15.1,150,36,6,8,9,0
U07360,20,Web,7,1.5,12,0,0,44,2,0
U07361,20,Android,17,11.9,51,7,2,21,9,0
U07362,53,iOS,22,19.1,70,18,2,7,7,0
U07363,18,Android,15,14.4,42,10,2,33,13,0
U07364,26,iOS,30,18.9,99,16,2,0,11,0
U07365,65,Web,17,8.8,35,3,1,30,18,0
U07366,38,Web,20,17.9,77,18,1,21,16,0
U07367,52,Web,25,11.1,75,13,3,16,12,0
U07368,41,Android,27,10.7,80,30,2,13,6,0
U07369,22,iOS,21,8.6,62,12,3,17,10,0
U07370,26,Android,13,15.6,30,7,0,16,5,0
U07371,54,Web,16,9.7,43,10,0,29,2,0
U07372,22,Android,39,17.9,122,26,4,4,13,0
U07373,46,Android,16,7.7,30,7,0,27,6,0
U07374,34,Android,7,2.1,15,1,0,37,5,1
U07375,35,Android,32,11.0,119,33,6,5,10,0
U07376,63,Android,14,8.8,29,12,4,22,13,0
U07377,47,Android,12,4.4,33,7,0,25,1,0
U07378,47,Web,6,10.6,13,2,1,39,3,0
U07379,34,iOS,22,7.3,56,11,0,23,12,0
U07380,36,Android,24,10.3,72,13,2,18,7,0
U07381,50,iOS,26,12.2,89,24,4,10,14,0
U07382,19,Android,27,10.5,86,27,0,6,17,0
U07383,29,iOS,11,1.9,38,1,0,33,6,0
U07384,46,Android,21,15.0,70,11,0,16,9,0
U07385,47,iOS,7,8.7,18,5,0,42,3,0
U07386,22,Android,16,11.2,40,11,1,28,9,0
U07387,55,Android,29,12.2,84,20,2,16,7,0
U07388,44,iOS,13,4.5,33,2,0,29,11,0
U07389,29,iOS,35,22.4,138,51,11,0,17,0
U07390,54,iOS,11,4.1,22,3,0,40,6,1
U07391,65,Android,14,8.0,31,2,0,29,7,0
U07392,38,iOS,20,12.6,59,10,2,23,6,0
U07393,31,iOS,27,14.5,91,25,4,13,11,0
U07394,32,Android,6,5.8,11,1,0,43,3,1
U07395,46,Android,23,9.1,47,7,1,27,6,0
U07396,20,Android,32,15.0,92,20,2,23,16,0
U07397,41,Android,20,11.2,59,14,4,14,13,0
U07398,19,Android,7,9.9,22,2,0,45,4,1
U07399,19,Android,23,15.9,82,17,4,23,13,0
U07400,38,iOS,35,14.0,129,40,6,2,15,0
U07401,53,iOS,28,14.0,100,23,5,21,6,0
U07402,60,iOS,13,3.0,37,9,0,29,3,0
U07403,22,iOS,34,15.3,122,43,9,0,20,0
U07404,29,Android,10,4.9,22,1,0,37,2,0
U07405,38,Web,16,11.9,54,12,4,33,9,1
U07406,45,iOS,7,4.4,16,5,0,40,6,1
U07407,65,iOS,19,6.8,33,3,0,31,5,0
U07408,50,Android,21,8.3,45,10,0,23,9,0
U07409,43,iOS,16,5.7,49,13,2,25,7,0
U07410,20,iOS,13,3.5,42,8,1,28,5,0
U07411,21,iOS,20,9.4,64,16,5,18,6,0
U07412,25,iOS,16,6.0,32,10,0,24,6,0
U07413,49,Web,19,11.0,57,11,2,15,12,0
U07414,33,Web,19,14.4,56,6,0,17,7,0
U07415,29,iOS,7,4.2,8,1,0,39,1,0
U07416,50,Web,8,1.8,25,2,0,36,3,1
U07417,57,Web,21,11.0,82,16,1,23,7,0
U07418,39,Android,36,16.2,117,29,8,10,15,0
U07419,60,iOS,25,11.6,88,23,1,20,9,0
U07420,53,Android,6,10.0,14,4,2,37,5,0
U07421,52,Android,12,11.0,30,4,1,24,5,0
U07422,59,Android,10,5.9,21,2,0,39,3,0
U07423,26,iOS,33,16.7,125,34,3,4,21,0
U07424,54,Android,11,5.3,26,5,0,33,5,0
U07425,63,Android,18,10.1,47,5,1,26,4,0
U07426,65,Android,13,1.7,34,4,0,31,3,0
U07427,45,iOS,12,9.6,25,4,0,31,7,1
U07428,54,Web,14,4.0,41,4,0,27,4,0
U07429,60,Web,11,5.1,23,2,0,30,7,1
U07430,58,Android,12,12.1,29,5,1,37,7,0
U07431,61,Android,8,4.0,19,2,0,42,5,1
U07432,57,Web,7,5.2,16,1,0,36,0,0
U07433,36,Android,27,13.1,77,12,2,13,10,0
U07434,53,Web,6,9.8,11,3,0,25,1,1
U07435,37,iOS,9,4.6,22,4,0,33,2,0
U07436,56,iOS,16,11.9,44,6,1,29,6,0
U07437,56,Android,17,10.2,70,10,0,23,12,0
U07438,62,Android,14,2.4,32,4,0,29,3,0
U07439,46,iOS,19,5.2,55,8,0,45,6,0
U07440,40,Android,7,5.4,16,4,0,37,7,1
U07441,25,Web,14,10.6,35,9,0,29,9,0
U07442,48,iOS,8,6.4,11,1,0,34,2,0
U07443,45,Android,26,14.9,93,27,3,5,12,0
U07444,42,Android,12,5.2,33,3,0,41,3,0
U07445,50,iOS,15,7.0,37,9,0,29,6,0
U07446,58,Android,17,9.9,53,8,1,38,9,0
U07447,25,iOS,14,5.5,31,7,0,25,8,0
U07448,38,iOS,16,6.6,32,4,0,28,3,0
U07449,52,Web,19,13.6,51,10,2,17,6,0
U07450,57,Android,10,4.2,26,4,0,38,2,0
U07451,55,Android,22,6.7,52,5,1,20,11,0
U07452,56,Web,16,4.6,38,9,0,34,3,0
U07453,59,iOS,16,13.1,45,9,1,22,8,0
U07454,64,iOS,16,10.2,45,10,0,20,7,0
U07455,47,iOS,5,1.1,13,1,0,43,3,1
U07456,29,Web,8,2.4,9,2,0,40,2,1
U07457,45,Android,23,4.1,57,8,0,25,6,0
U07458,52,Android,12,4.5,39,5,1,35,5,1
U07459,22,iOS,29,16.0,98,31,1,2,12,0
U07460,54,Android,32,9.7,94,26,2,15,10,0
U07461,44,Web,15,4.3,39,8,0,26,5,0
U07462,62,Android,20,14.4,61,10,2,17,10,0
U07463,28,Android,33,16.2,123,31,7,6,6,0
U07464,61,Android,12,9.3,44,7,2,24,8,0
U07465,39,Web,10,5.8,16,3,0,38,2,0
U07466,45,iOS,41,13.4,151,40,10,0,24,0
U07467,49,Android,9,3.3,26,4,1,34,3,0
U07468,45,Android,1,2.4,3,0,0,47,2,1
U07469,61,Android,23,5.3,73,22,3,8,10,0
U07470,26,Android,42,24.2,166,59,11,0,23,0
U07471,53,iOS,20,9.7,44,2,0,24,7,0
U07472,64,Android,21,8.8,50,12,1,25,3,0
U07473,28,Android,21,11.7,52,12,3,23,9,0
U07474,30,Android,24,13.9,78,11,3,14,6,0
U07475,40,iOS,21,13.1,61,17,0,17,9,0
U07476,52,iOS,11,8.9,27,6,1,30,4,0
U07477,64,iOS,31,19.2,112,26,5,7,15,0
U07478,56,iOS,22,12.6,47,3,1,42,4,0
U07479,56,Web,7,0.5,10,2,0,42,2,1
U07480,39,iOS,24,13.8,86,24,3,1,13,0
U07481,48,Web,9,2.0,19,5,0,41,2,1
U07482,28,iOS,26,11.4,73,18,3,16,12,0
U07483,40,Android,35,12.3,126,40,6,3,17,0
U07484,27,Web,12,1.8,32,5,0,45,2,1
U07485,19,iOS,27,16.1,94,21,4,14,9,0
U07486,59,iOS,38,12.4,124,29,5,4,11,0
U07487,56,Android,21,11.9,59,8,2,12,9,0
U07488,42,Android,16,10.0,39,5,0,32,9,0
U07489,18,Web,11,9.9,28,3,1,38,6,0
U07490,22,Android,27,10.5,84,14,1,17,11,0
U07491,23,Android,15,5.5,30,4,0,27,5,0
U07492,52,Android,16,7.7,30,5,0,27,4,0
U07493,27,iOS,22,8.9,58,11,0,15,12,0
U07494,30,Web,8,4.2,20,1,0,53,2,1
U07495,59,iOS,13,5.2,33,5,0,32,7,0
U07496,60,Web,18,10.5,46,10,0,19,10,0
U07497,54,iOS,37,10.7,107,25,2,11,7,0
U07498,32,Android,26,12.4,89,19,3,17,14,0
U07499,45,Android,5,0.5,13,0,0,49,2,1
U07500,27,Android,19,14.8,57,16,0,42,14,0
U07501,59,iOS,24,7.9,70,12,1,19,10,0
U07502,22,Android,25,14.5,77,16,1,18,10,0
U07503,53,Android,11,3.8,26,5,0,37,5,0
U07504,42,Web,36,14.9,119,37,3,9,15,0
U07505,54,iOS,9,9.2,21,3,0,23,7,0
U07506,39,Android,22,9.6,54,11,3,17,8,0
U07507,25,iOS,9,4.4,11,0,0,39,7,1
U07508,54,iOS,16,9.0,46,8,2,25,6,0
U07509,48,Web,5,1.5,10,3,0,37,4,0
U07510,40,iOS,35,14.0,130,33,7,6,15,0
U07511,35,Android,29,14.3,110,30,7,4,19,0
U07512,34,Android,7,8.4,10,2,0,33,6,0
U07513,41,Android,17,7.7,47,6,0,27,4,0
U07514,30,iOS,12,9.1,22,2,1,26,6,0
U07515,31,iOS,15,11.0,47,9,0,22,10,0
U07516,31,iOS,13,2.7,32,3,0,28,5,0
U07517,18,iOS,6,7.8,9,0,0,42,5,0
U07518,62,Android,17,11.4,41,8,1,20,10,0
U07519,29,Android,15,9.0,35,5,0,36,4,0
U07520,25,Android,30,16.9,84,21,7,24,9,0
U07521,25,Android,14,4.8,28,3,1,32,3,0
U07522,65,iOS,9,9.5,28,3,0,42,6,1
U07523,40,Web,15,9.5,40,9,1,25,4,0
U07524,33,Android,18,7.1,43,7,0,22,5,0
U07525,37,iOS,20,9.1,47,8,0,27,10,0
U07526,22,Android,40,17.4,132,26,7,1,9,0
U07527,33,iOS,12,2.3,33,2,0,40,6,0
U07528,29,Android,20,3.8,48,12,0,24,10,0
U07529,56,iOS,20,10.2,55,12,2,20,7,0
U07530,20,Android,17,17.0,53,6,0,15,16,0
U07531,38,Android,24,12.8,75,21,5,21,9,0
U07532,55,iOS,20,11.1,59,7,2,25,1,0
U07533,58,Android,19,11.3,48,11,2,29,7,0
U07534,42,iOS,16,10.4,38,12,0,31,7,0
U07535,28,Android,15,13.6,48,16,3,9,15,0
U07536,34,Web,12,4.1,28,9,0,33,3,0
U07537,28,Android,32,14.0,90,25,2,22,8,0
U07538,49,iOS,12,2.9,30,3,1,36,3,0
U07539,32,Web,7,5.2,16,1,1,42,2,0
U07540,48,iOS,18,5.5,42,8,0,30,4,0
U07541,49,Android,31,12.4,84,16,1,11,11,0
U07542,63,iOS,16,7.7,27,4,0,32,8,0
U07543,35,Android,10,2.9,16,2,0,35,4,0
U07544,64,iOS,15,6.5,33,6,0,26,5,0
U07545,37,Android,10,7.3,28,4,0,32,3,0
U07546,50,iOS,16,7.7,49,8,2,36,13,0
U07547,49,Web,16,4.7,39,8,2,26,7,0
U07548,57,Android,27,9.5,95,29,4,15,7,0
U07549,40,Android,24,12.8,80,25,3,21,8,0
U07550,56,Android,13,2.4,29,2,0,29,3,0
U07551,35,iOS,4,0.8,11,2,0,43,1,1
U07552,41,Android,16,1.6,32,3,0,27,5,0
U07553,41,iOS,20,7.5,83,15,1,15,11,0
U07554,51,iOS,16,7.6,37,4,0,24,2,0
U07555,47,Web,10,5.8,13,0,0,39,5,0
U07556,21,Android,21,9.1,61,12,1,31,12,0
U07557,56,Android,19,12.1,48,9,0,15,7,0
U07558,54,Android,29,11.9,94,21,5,8,14,0
U07559,23,iOS,29,15.4,90,20,3,11,10,0
U07560,64,Android,24,8.2,85,17,1,22,10,0
U07561,49,Android,20,3.2,35,4,0,26,12,0
U07562,22,Android,19,16.0,63,10,0,18,5,0
U07563,41,iOS,28,9.6,73,13,1,16,9,0
U07564,58,Web,30,11.5,77,19,2,11,11,0
U07565,31,Android,35,15.6,114,21,5,10,12,0
U07566,62,Android,18,7.0,53,13,3,22,6,0
U07567,38,Android,17,15.5,44,16,1,18,7,0
U07568,28,Android,10,4.2,11,1,0,41,3,1
U07569,35,Web,10,4.7,16,1,0,56,1,1
U07570,43,iOS,24,13.5,77,14,1,11,10,0
U07571,51,iOS,26,12.0,92,22,2,25,14,0
U07572,62,Web,9,8.7,19,5,1,34,1,0
U07573,27,iOS,11,7.3,27,2,0,39,5,1
U07574,64,Android,9,0.5,12,0,0,49,4,0
U07575,43,iOS,40,14.8,158,43,8,6,10,0
U07576,24,Android,19,13.4,56,11,1,15,4,0
U07577,62,Android,9,0.5,20,1,0,36,4,1
U07578,34,Web,17,6.9,52,13,2,24,8,0
U07579,47,Android,18,9.1,31,6,0,28,2,0
U07580,51,iOS,4,5.0,10,1,0,52,2,1
U07581,18,Android,20,7.8,66,21,1,33,12,0
U07582,28,Android,38,20.4,165,55,6,0,16,0
U07583,50,iOS,31,19.3,89,23,3,7,12,0
U07584,33,iOS,25,10.3,77,28,4,23,14,0
U07585,18,iOS,11,3.2,32,4,0,33,5,0
U07586,19,Android,17,13.0,45,13,0,45,8,0
U07587,57,Android,51,18.3,169,37,6,0,12,0
U07588,25,iOS,28,10.4,99,17,1,14,8,0
U07589,22,iOS,9,6.2,20,3,1,36,6,0
U07590,44,iOS,38,16.7,122,35,6,2,9,0
U07591,23,iOS,23,15.8,77,15,2,10,16,0
U07592,49,Web,5,5.6,8,2,0,39,3,1
U07593,44,iOS,15,7.3,51,12,1,30,18,0
U07594,49,Android,21,14.5,70,20,0,10,14,0
U07595,41,iOS,14,13.1,36,5,1,29,6,1
U07596,55,iOS,37,17.6,122,33,9,1,10,0
U07597,48,Web,26,17.3,70,13,5,11,16,0
U07598,37,Android,20,10.3,52,11,1,22,7,0
U07599,18,iOS,21,9.5,65,6,1,16,8,0
U07600,31,Android,7,1.4,18,2,0,40,2,0
U07601,24,iOS,20,6.8,45,6,0,24,5,0
U07602,18,Web,10,7.1,27,4,0,38,4,0
U07603,31,Web,19,7.3,46,7,1,36,6,0
U07604,27,Android,28,7.6,87,16,3,26,5,0
U07605,21,Android,13,3.4,27,3,0,33,3,0
U07606,32,iOS,4,11.0,12,4,0,40,5,1
U07607,42,iOS,14,7.9,36,8,0,38,9,0
U07608,26,Web,17,8.0,39,9,1,29,3,0
U07609,31,Android,15,10.5,40,6,2,24,8,0
U07610,18,Web,22,12.0,53,15,4,13,6,0
U07611,20,iOS,18,1.2,54,10,1,35,4,0
U07612,25,Android,25,8.3,68,10,0,19,18,0
U07613,39,Android,21,7.1,45,8,0,24,8,0
U07614,49,iOS,21,6.1,45,9,0,24,8,0
U07615,55,Android,32,18.4,95,22,3,7,16,0
U07616,48,iOS,33,13.6,99,23,2,11,10,0
U07617,47,iOS,18,11.4,47,7,0,26,5,0
U07618,62,iOS,9,7.0,31,8,1,27,8,0
U07619,30,Android,13,8.7,33,8,1,26,5,0
U07620,56,Web,6,6.6,10,0,0,39,0,1
U07621,62,iOS,35,8.9,111,30,3,7,14,0
U07622,45,iOS,27,17.6,75,17,3,11,5,0
U07623,58,iOS,9,10.8,17,2,0,29,6,0
U07624,24,iOS,13,8.0,36,4,1,30,7,0
U07625,60,Web,16,7.1,48,6,1,28,5,0
U07626,45,iOS,16,4.6,47,12,2,25,5,0
U07627,28,iOS,18,13.1,42,12,1,16,10,0
U07628,20,Android,11,9.1,22,0,0,35,5,0
U07629,52,Android,26,14.1,79,12,4,17,8,0
U07630,38,iOS,18,10.9,51,6,1,23,8,0
U07631,32,Android,36,16.6,114,26,3,2,7,0
U07632,36,iOS,12,8.4,35,2,0,33,8,0
U07633,65,Web,13,9.3,33,7,0,25,7,0
U07634,38,Android,14,8.6,26,2,0,33,4,0
U07635,21,Android,25,9.6,59,6,2,30,6,0
U07636,31,iOS,25,10.7,73,15,1,16,11,0
U07637,24,Android,21,8.0,54,16,3,18,8,0
U07638,50,iOS,27,15.6,96,19,1,11,9,0
U07639,56,iOS,3,5.0,8,1,0,37,1,0
U07640,58,iOS,32,14.4,103,25,3,8,15,0
U07641,48,iOS,25,13.8,67,15,2,11,13,0
U07642,54,iOS,9,4.6,21,0,0,45,3,1
U07643,38,Android,29,17.6,111,36,7,5,16,0
U07644,48,Android,24,9.8,69,14,2,31,7,0
U07645,23,Android,13,7.7,32,6,1,37,2,0
U07646,43,Web,16,15.0,35,11,3,13,5,0
U07647,44,Android,4,0.5,8,0,0,61,1,1
U07648,19,Android,28,13.9,80,22,2,10,8,0
U07649,44,Android,2,1.3,6,1,0,39,0,1
U07650,52,Android,18,13.4,50,6,0,18,10,0
U07651,35,Android,23,5.9,53,9,1,18,9,0
U07652,44,iOS,21,5.5,54,8,1,36,5,0
U07653,31,Android,12,5.7,32,8,2,47,3,1
U07654,30,iOS,9,6.9,25,4,1,43,5,1
U07655,24,Android,24,9.6,83,28,2,18,11,0
U07656,33,iOS,27,16.3,92,28,5,9,6,0
U07657,56,Android,11,1.7,21,2,0,34,1,0
U07658,62,iOS,5,5.8,12,0,0,34,7,0
U07659,48,Web,11,6.2,18,4,0,28,4,0
U07660,47,Android,12,7.7,26,3,1,34,7,0
U07661,47,Web,9,1.9,8,0,0,38,2,1
U07662,40,Android,9,3.6,17,2,0,44,3,1
U07663,38,iOS,28,11.4,86,23,3,18,13,0
U07664,47,iOS,14,14.4,34,10,2,11,8,0
U07665,55,Android,18,7.9,50,9,0,32,5,0
U07666,37,Android,30,15.7,101,33,5,15,12,0
U07667,45,Android,12,8.2,22,2,0,32,9,0
U07668,40,iOS,23,10.6,61,15,3,16,14,0
U07669,31,Android,12,9.8,23,2,0,24,7,0
U07670,31,Web,7,3.4,18,2,2,40,5,0
U07671,21,Android,13,7.4,30,4,0,45,3,1
U07672,39,Web,15,6.9,33,5,0,30,5,0
U07673,52,Android,11,0.5,22,2,0,35,3,1
U07674,50,iOS,6,4.5,11,2,0,37,5,1
U07675,65,Android,16,12.0,42,8,0,48,7,0
U07676,19,Android,20,10.9,63,17,2,18,9,0
U07677,54,Android,10,10.2,35,9,1,25,3,0
U07678,56,iOS,9,5.8,15,3,0,29,2,1
U07679,38,Android,28,18.2,88,14,3,15,7,0
U07680,31,iOS,29,21.0,89,24,5,4,10,0
U07681,35,Web,14,13.3,38,10,3,37,10,0
U07682,50,Android,12,12.6,29,6,0,29,12,0
U07683,59,Android,22,9.1,88,17,3,28,11,0
U07684,48,Android,10,2.2,15,0,0,35,2,1
U07685,42,Android,28,22.6,100,27,4,33,8,0
U07686,49,iOS,11,6.0,23,4,0,37,3,0
U07687,21,iOS,11,4.5,30,2,0,37,5,0
U07688,47,Android,18,10.0,44,7,0,26,6,0
U07689,20,Android,19,6.5,61,11,1,25,10,0
U07690,64,iOS,16,11.1,49,11,3,22,6,0
U07691,60,Android,20,7.3,38,9,0,19,9,0
U07692,42,iOS,25,15.5,74,26,4,10,6,0
U07693,35,Web,13,3.6,24,3,0,34,6,1
U07694,53,Android,14,4.3,35,4,2,27,8,0
U07695,48,iOS,10,4.0,22,3,1,43,7,0
U07696,51,Web,10,4.4,19,2,1,44,4,1
U07697,42,iOS,22,10.0,45,9,2,16,13,0
U07698,29,iOS,28,16.3,83,17,1,8,14,0
U07699,21,iOS,32,16.3,122,33,5,3,8,0
U07700,31,iOS,34,16.4,127,43,10,12,8,0
U07701,43,iOS,11,2.5,22,2,0,39,6,0
U07702,38,iOS,24,9.6,77,18,3,18,8,0
U07703,42,iOS,10,6.8,27,6,0,29,8,0
U07704,31,iOS,10,3.8,22,1,0,36,1,0
U07705,63,Android,16,7.2,43,8,0,50,3,0
U07706,35,Web,10,5.6,17,7,0,35,3,0
U07707,58,Android,28,7.7,81,17,1,19,9,0
U07708,36,Android,14,7.7,36,3,0,23,4,1
U07709,39,Android,16,7.9,39,9,1,27,9,0
U07710,46,Android,27,15.5,104,31,5,6,22,0
U07711,30,iOS,32,8.3,111,22,2,7,12,0
U07712,28,Android,30,13.9,85,23,3,7,14,0
U07713,36,iOS,16,8.2,51,9,2,20,13,0
U07714,56,iOS,14,6.1,31,12,0,19,6,0
U07715,24,Android,27,8.3,81,15,2,18,7,0
U07716,39,Android,9,6.1,18,4,0,37,5,1
U07717,50,iOS,16,8.3,39,8,2,29,7,0
U07718,51,iOS,24,12.9,83,16,2,19,12,0
U07719,38,Android,29,19.0,81,27,8,3,10,0
U07720,21,Android,6,4.6,8,2,0,44,6,1
U07721,18,Android,25,8.0,79,12,3,26,7,0
U07722,40,Android,12,6.5,24,4,0,30,10,0
U07723,56,Android,8,0.5,19,3,0,44,2,1
U07724,19,Web,10,9.1,36,4,0,34,1,0
U07725,60,Android,8,1.5,11,0,1,46,4,1
U07726,50,Android,35,18.2,116,24,5,9,14,0
U07727,18,Web,5,3.9,7,1,0,46,7,0
U07728,34,iOS,16,5.0,30,2,0,32,5,0
U07729,28,Android,24,11.1,66,11,2,19,12,0
U07730,63,iOS,14,11.2,40,6,0,39,3,0
U07731,44,Web,17,11.2,31,4,0,34,7,0
U07732,33,Android,27,10.2,67,17,2,17,11,0
U07733,31,Android,5,3.6,18,3,1,47,1,0
U07734,45,Web,16,7.1,43,8,0,24,12,0
U07735,18,iOS,11,11.0,26,3,0,31,6,0
U07736,30,Web,20,10.8,54,8,0,20,15,0
U07737,25,Android,11,5.5,25,3,0,34,3,0
U07738,47,Web,4,4.7,4,0,0,50,2,1
U07739,50,Android,6,5.0,14,2,1,41,1,0
U07740,40,iOS,23,8.7,73,15,1,25,9,0
U07741,24,Web,33,12.9,105,29,2,11,18,0
U07742,35,Android,13,2.9,22,4,0,30,5,0
U07743,58,Android,11,7.9,32,1,0,34,4,0
U07744,27,iOS,29,10.5,88,12,1,17,6,0
U07745,25,Web,28,9.5,105,26,1,9,6,0
U07746,23,Android,18,13.1,36,7,1,23,9,0
U07747,57,Web,6,5.0,16,4,1,38,3,0
U07748,23,Android,9,0.5,27,2,0,37,2,0
U07749,45,Android,31,17.5,99,36,6,7,8,0
U07750,65,Android,24,10.1,89,24,3,11,7,0
U07751,48,Web,25,8.6,62,13,1,18,6,0
U07752,37,Android,7,3.3,10,1,0,49,5,1
U07753,27,iOS,29,14.6,85,25,4,15,5,0
U07754,18,Android,20,10.6,63,10,1,13,6,0
U07755,25,Web,4,0.5,8,1,0,46,3,1
U07756,63,iOS,16,12.2,31,7,2,26,6,0
U07757,24,Android,18,14.7,43,9,1,18,10,0
U07758,18,Android,22,10.0,54,13,1,16,8,0
U07759,57,Android,19,8.8,54,7,1,26,6,0
U07760,38,Android,28,10.6,59,7,2,21,12,0
U07761,35,Web,4,1.1,11,2,0,50,1,1
U07762,52,iOS,7,4.5,20,6,0,39,1,0
U07763,43,Android,30,17.7,100,36,4,4,14,0
U07764,61,iOS,23,4.8,60,10,1,20,11,0
U07765,40,iOS,15,7.0,28,5,0,31,5,1
U07766,52,Android,11,8.4,30,2,0,45,7,0
U07767,60,Android,28,9.2,85,13,2,23,8,0
U07768,40,Android,27,10.6,103,27,3,17,11,0
U07769,31,iOS,16,13.7,38,6,2,19,9,0
U07770,64,Android,11,3.5,17,1,0,39,1,0
U07771,28,iOS,15,3.0,45,10,1,30,1,0
U07772,19,Android,7,0.5,16,3,0,50,4,1
U07773,45,iOS,28,12.3,80,18,1,17,13,0
U07774,65,Android,7,1.8,14,3,0,39,4,1
U07775,22,iOS,38,8.0,110,18,2,8,15,0
U07776,58,Android,33,17.5,121,40,10,0,13,0
U07777,57,Android,14,7.5,31,5,0,32,9,0
U07778,62,Android,20,10.9,58,18,4,28,9,0
U07779,38,iOS,30,16.8,85,28,3,5,20,0
U07780,30,iOS,27,14.9,81,15,2,5,16,0
U07781,42,Android,8,1.9,16,0,0,39,2,1
U07782,24,iOS,22,15.1,70,18,2,11,13,0
U07783,58,iOS,16,4.8,34,6,0,38,11,0
U07784,49,iOS,32,14.9,92,23,2,11,9,0
U07785,41,iOS,25,11.9,67,13,3,10,13,0
U07786,42,Android,7,4.6,12,3,0,35,2,0
U07787,52,iOS,27,17.4,110,28,2,5,10,0
U07788,43,iOS,23,15.0,58,15,2,15,17,0
U07789,58,iOS,23,11.6,67,18,3,21,9,0
U07790,62,Android,12,4.8,28,3,0,31,3,1
U07791,63,iOS,21,10.6,48,7,0,28,5,0
U07792,47,Android,33,17.4,126,31,7,20,11,0
U07793,53,iOS,30,12.5,73,19,2,23,9,0
U07794,32,Android,34,16.4,109,21,4,2,8,0
U07795,19,Android,18,9.5,45,8,2,23,9,0
U07796,37,iOS,13,5.8,34,4,0,33,3,0
U07797,59,Web,18,12.2,50,9,2,19,13,0
U07798,24,Android,31,9.5,87,20,1,18,13,0
U07799,44,iOS,10,5.9,21,2,0,44,1,0
U07800,27,iOS,10,4.5,26,4,0,36,4,1
U07801,38,Web,3,0.5,5,0,0,43,1,0
U07802,24,iOS,15,7.6,43,2,0,24,7,1
U07803,53,Android,24,12.3,58,8,1,23,11,0
U07804,56,Android,15,15.8,38,7,0,19,14,1
U07805,54,iOS,7,5.2,13,1,0,36,5,1
U07806,51,Android,11,10.2,40,9,3,27,8,0
U07807,29,Web,9,0.6,28,1,0,52,3,0
U07808,43,Web,18,0.5,43,4,1,32,10,0
U07809,23,Web,14,13.0,33,6,0,38,9,1
U07810,35,Android,21,10.1,50,14,0,21,13,0
U07811,42,iOS,4,0.5,11,2,0,38,3,1
U07812,50,iOS,25,11.2,76,18,2,15,7,0
U07813,22,Android,12,7.4,24,4,0,31,6,1
U07814,57,Android,10,11.5,27,3,0,34,6,1
U07815,40,Android,11,6.9,23,3,0,34,3,0
U07816,60,Android,18,14.7,38,6,0,26,7,0
U07817,43,Web,8,8.4,18,6,3,41,7,0
U07818,44,Web,19,8.9,63,11,2,27,14,0
U07819,51,Android,23,17.0,53,12,2,35,8,0
U07820,57,iOS,25,15.9,77,16,1,13,9,0
U07821,25,Android,17,10.2,46,9,1,27,11,0
U07822,42,Android,20,13.0,58,7,1,21,11,0
U07823,19,Android,22,12.3,79,13,3,16,6,0
U07824,40,iOS,19,11.6,57,10,2,18,10,0
U07825,57,iOS,24,14.3,76,13,4,10,9,0
U07826,59,Web,16,12.0,38,6,1,35,6,0
U07827,31,Web,14,11.6,37,7,1,25,4,0
U07828,36,Android,3,2.0,5,0,0,43,0,1
U07829,44,iOS,16,6.9,34,4,0,33,5,0
U07830,37,Android,10,1.6,21,2,1,36,2,1
U07831,26,Android,22,11.7,65,19,4,16,11,0
U07832,32,iOS,9,12.9,19,6,0,22,13,0
U07833,37,Android,37,14.2,109,15,0,6,9,0
U07834,42,Android,18,11.9,59,13,4,21,9,0
U07835,62,Android,20,7.9,62,11,0,19,8,0
U07836,44,Android,22,13.1,49,11,1,16,8,0
U07837,36,Web,12,10.3,39,7,1,39,4,0
U07838,49,Android,23,6.8,56,6,0,34,6,0
U07839,55,iOS,12,4.6,24,0,0,43,2,1
U07840,38,Web,12,7.6,35,6,1,28,16,1
U07841,41,iOS,28,16.0,90,23,3,13,15,0
U07842,28,Android,22,13.2,67,12,5,15,9,0
U07843,59,Web,16,4.5,38,6,0,22,8,0
U07844,59,Android,20,14.5,76,19,6,5,18,0
U07845,26,Android,26,7.5,73,12,0,15,11,0
U07846,34,iOS,16,7.8,46,15,1,22,9,0
U07847,31,Android,26,16.3,91,18,0,9,6,0
U07848,62,iOS,18,6.4,39,7,2,30,8,0
U07849,21,Android,14,2.3,27,6,0,34,6,0
U07850,27,iOS,15,4.9,35,6,0,35,3,0
U07851,33,iOS,17,6.8,37,10,2,39,5,0
U07852,44,Web,17,11.6,48,5,1,21,8,0
U07853,29,Android,9,4.4,9,1,0,41,2,1
U07854,43,Android,17,6.1,34,4,0,18,6,0
U07855,53,Web,20,8.8,52,9,1,17,12,0
U07856,57,iOS,20,15.8,54,16,4,21,12,0
U07857,22,Android,20,13.6,69,18,4,12,11,0
U07858,24,Android,23,6.3,76,16,0,14,12,0
U07859,22,iOS,7,2.9,9,1,0,35,8,0
U07860,61,iOS,35,9.7,114,36,8,15,14,0
U07861,49,iOS,14,7.0,33,4,0,25,8,0
U07862,43,Web,23,12.7,67,23,4,11,11,0
U07863,55,Android,18,9.3,43,8,2,20,8,0
U07864,46,Android,33,15.4,123,36,6,3,10,0
U07865,29,iOS,25,16.8,73,21,4,13,15,0
U07866,42,Web,11,8.4,23,4,0,28,7,0
U07867,51,Android,10,4.0,20,3,0,46,2,0
U07868,19,iOS,8,6.9,18,1,0,40,2,1
U07869,47,Android,27,17.0,85,19,4,6,13,0
U07870,41,Android,11,11.6,44,7,0,23,3,0
U07871,21,Web,16,13.2,40,3,0,29,6,0
U07872,30,Android,14,5.1,27,5,1,30,6,0
U07873,39,Android,27,18.7,103,33,8,3,9,0
U07874,34,iOS,36,16.6,98,28,7,7,9,0
U07875,31,Android,17,9.7,66,16,1,18,7,0
U07876,49,Android,8,6.0,15,5,0,35,3,0
U07877,37,iOS,12,3.1,21,4,0,33,5,1
U07878,41,Android,5,3.5,10,0,0,42,0,0
U07879,56,iOS,28,16.4,77,19,2,8,12,0
U07880,22,Android,28,14.4,101,29,4,7,11,0
U07881,35,Android,18,5.5,48,8,2,21,5,0
U07882,21,iOS,12,9.3,32,3,1,29,4,0
U07883,62,Android,29,10.0,102,25,4,7,8,0
U07884,26,Web,7,2.4,19,3,0,38,3,1
U07885,57,Web,13,10.5,33,4,0,31,6,0
U07886,27,Web,21,8.6,42,13,1,18,9,0
U07887,33,Android,25,13.6,73,21,0,17,13,0
U07888,47,Android,12,5.4,32,2,1,29,6,0
U07889,57,Web,2,0.5,7,2,0,45,2,1
U07890,26,iOS,21,9.4,72,21,3,15,6,0
U07891,28,iOS,25,9.2,61,15,5,29,5,0
U07892,60,Web,12,3.8,28,4,0,30,7,0
U07893,33,Android,11,5.4,20,2,0,35,8,1
U07894,28,Android,16,7.8,27,6,2,25,6,0
U07895,53,iOS,17,8.7,44,8,1,25,10,0
U07896,22,iOS,12,9.3,39,11,1,26,1,0
U07897,59,Android,33,17.4,111,25,5,12,16,0
U07898,60,iOS,21,8.0,63,17,0,24,6,0
U07899,59,iOS,6,6.9,13,3,0,38,3,0
U07900,32,Android,18,9.9,56,13,2,17,5,0
U07901,23,Android,16,10.0,48,12,0,24,13,0
U07902,38,iOS,16,2.2,26,7,0,34,3,0
U07903,34,iOS,26,6.1,68,14,4,23,8,0
U07904,64,Web,6,6.9,13,1,0,41,3,1
U07905,48,Android,20,9.1,52,14,2,22,7,0
U07906,63,Web,29,11.7,76,21,0,18,10,0
U07907,54,iOS,14,7.0,35,4,0,30,1,1
U07908,52,iOS,23,15.2,85,26,5,13,22,0
U07909,23,Android,20,11.9,47,8,1,21,5,0
U07910,21,Android,12,8.4,25,3,0,40,6,0
U07911,20,iOS,6,0.5,11,1,0,49,6,1
U07912,46,Android,7,4.1,13,1,0,33,1,1
U07913,27,Android,13,13.6,28,6,1,31,5,0
U07914,65,Web,2,2.0,3,1,0,50,0,1
U07915,24,Android,36,11.6,111,25,4,9,15,0
U07916,63,Web,8,5.1,13,0,0,40,1,1
U07917,50,iOS,15,9.6,28,4,1,36,4,0
U07918,23,Web,18,9.5,66,13,3,17,8,0
U07919,20,Android,22,12.7,87,17,4,12,11,0
U07920,37,iOS,6,3.0,14,0,0,40,4,1
U07921,34,iOS,27,9.2,66,15,2,16,8,0
U07922,33,Web,7,3.3,12,1,0,38,2,1
U07923,43,Android,22,12.1,57,12,1,15,6,0
U07924,24,Android,10,5.0,12,3,0,36,3,1
U07925,24,Web,10,9.6,16,2,0,36,5,1
U07926,51,Android,16,11.4,36,7,1,24,4,0
U07927,65,iOS,19,9.8,44,10,3,32,12,0
U07928,31,Android,10,6.1,25,5,0,32,7,0
U07929,62,Android,16,12.5,44,5,0,20,5,0
U07930,34,iOS,15,9.3,26,7,0,29,13,0
U07931,34,iOS,32,10.1,102,28,6,15,15,0
U07932,22,iOS,27,10.1,80,21,5,20,6,0
U07933,38,iOS,10,3.8,20,1,0,44,1,1
U07934,41,iOS,25,16.8,92,25,4,11,13,0
U07935,49,Web,3,0.8,6,0,0,44,0,1
U07936,25,Android,25,12.4,61,18,2,45,9,0
U07937,27,Android,32,16.8,105,24,2,5,18,0
U07938,38,Android,47,22.1,181,48,9,0,16,0
U07939,21,iOS,21,6.1,52,6,0,31,4,0
U07940,24,Android,13,4.4,34,3,1,29,2,0
U07941,48,iOS,34,20.4,110,35,7,0,11,0
U07942,63,Android,11,0.5,17,1,0,51,0,0
U07943,45,iOS,17,11.8,44,11,4,18,4,0
U07944,24,Web,22,14.2,57,14,2,18,7,0
U07945,65,iOS,39,16.8,117,27,6,0,15,0
U07946,43,iOS,25,16.5,74,24,1,37,9,0
U07947,52,Android,26,12.8,77,12,0,19,11,0
U07948,27,iOS,18,13.3,60,14,1,30,8,0
U07949,45,Android,18,10.8,66,9,1,19,8,0
U07950,21,Web,27,6.7,77,15,1,24,1,0
U07951,48,Android,34,7.9,81,18,4,19,12,0
U07952,27,Android,12,5.8,27,2,0,30,5,0
U07953,61,Android,6,0.5,14,3,0,47,4,0
U07954,20,iOS,21,14.8,81,18,2,21,7,0
U07955,49,Web,25,14.2,55,6,0,28,5,0
U07956,24,Android,20,12.1,57,13,2,14,11,0
U07957,50,Android,28,10.6,86,13,1,18,5,0
U07958,41,Android,21,7.2,44,10,0,18,6,0
U07959,64,Web,7,4.6,14,1,0,41,2,1
U07960,49,Web,10,5.2,12,2,0,41,3,1
U07961,35,Android,40,15.4,145,42,6,0,13,0
U07962,22,iOS,26,13.8,66,17,5,14,8,0
U07963,46,iOS,23,13.8,72,17,2,9,15,0
U07964,39,iOS,6,7.1,9,1,0,30,6,0
U07965,20,iOS,13,7.5,28,5,0,30,6,0
U07966,45,iOS,20,12.8,48,13,1,25,12,0
U07967,28,iOS,9,7.9,20,4,0,41,4,1
U07968,29,Android,20,7.7,55,8,1,21,9,0
U07969,18,Android,27,14.7,114,35,3,15,11,0
U07970,35,Android,16,8.1,42,6,1,39,7,0
U07971,28,Android,19,6.4,41,10,1,22,7,0
U07972,21,Android,27,10.8,81,18,2,18,9,0
U07973,38,Web,19,11.2,52,13,2,23,9,0
U07974,28,Web,20,8.8,71,17,4,14,17,0
U07975,24,Android,24,11.2,55,6,1,14,9,0
U07976,40,Android,17,6.1,50,6,2,30,6,0
U07977,21,iOS,21,11.5,52,11,2,21,7,0
U07978,65,iOS,11,5.0,33,5,0,29,12,0
U07979,40,Android,14,8.5,33,6,0,36,5,0
U07980,65,Web,18,7.7,43,5,1,30,4,0
U07981,60,Android,9,4.3,12,2,0,57,5,1
U07982,65,Android,15,5.5,29,4,0,27,6,0
U07983,44,iOS,16,4.4,42,9,0,33,3,1
U07984,38,iOS,22,4.4,51,11,2,24,7,0
U07985,52,Android,29,12.4,89,21,2,10,17,0
U07986,21,iOS,24,12.0,79,19,1,18,8,0
U07987,58,Web,26,8.3,69,17,1,10,16,0
U07988,33,Android,18,11.3,49,15,3,13,15,0
U07989,18,iOS,16,8.5,34,6,0,25,7,0
U07990,29,Android,10,10.3,31,6,0,28,3,0
U07991,29,iOS,25,5.8,77,21,2,23,5,0
U07992,18,Android,8,2.2,16,3,1,43,3,1
U07993,50,Android,14,9.2,28,5,0,33,3,0
U07994,22,Android,20,12.1,61,11,2,14,14,0
U07995,58,Web,7,6.0,15,1,0,44,2,1
U07996,39,Android,12,6.1,34,7,1,24,3,0
U07997,52,Web,21,8.1,48,14,2,29,10,0
U07998,34,Android,24,14.3,73,20,5,22,7,0
U07999,24,Web,25,12.0,58,12,1,23,11,0
U08000,26,iOS,15,11.2,33,5,2,24,2,0
U08001,49,Android,21,14.1,59,11,1,33,9,0
U08002,52,iOS,13,7.8,28,6,2,38,6,1
U08003,30,iOS,12,4.3,18,3,0,32,6,0
U08004,35,iOS,16,4.8,32,6,0,28,6,0
U08005,63,Android,16,10.0,50,7,1,31,13,0
U08006,58,iOS,34,11.4,114,37,8,10,8,0
U08007,37,iOS,9,2.4,25,3,1,27,6,0
U08008,29,Android,19,12.1,59,17,4,20,9,0
U08009,32,iOS,23,14.0,59,16,1,19,13,0
U08010,43,Android,37,13.0,110,31,7,8,14,0
U08011,45,iOS,10,4.0,19,2,1,37,1,1
U08012,26,iOS,11,5.6,26,3,0,37,4,0
U08013,21,Web,11,0.5,23,2,0,37,2,1
U08014,41,Android,14,0.5,33,6,0,43,7,0
U08015,56,Android,14,11.6,42,8,2,35,9,0
U08016,25,Android,13,0.5,18,0,0,38,4,0
U08017,37,iOS,35,16.2,121,38,2,20,10,0
U08018,25,Android,15,12.3,35,4,0,23,5,1
U08019,29,Android,27,14.1,111,34,4,28,9,0
U08020,47,Android,16,7.1,46,3,0,28,6,0
U08021,31,Web,23,13.7,77,21,5,18,11,0
U08022,30,Android,29,8.4,104,17,2,18,10,0
U08023,65,iOS,10,3.2,14,0,0,35,1,1
U08024,26,Android,16,16.1,39,6,0,14,3,0
U08025,27,Android,29,14.8,92,32,4,8,13,0
U08026,62,Android,39,16.9,173,54,11,0,18,0
U08027,44,Android,13,5.3,27,2,0,39,5,0
U08028,20,iOS,16,3.8,35,4,0,44,4,1
U08029,38,Android,19,6.7,63,12,1,27,6,0
U08030,45,Android,24,14.7,79,13,2,12,8,0
U08031,30,Android,23,10.2,66,19,2,15,10,0
U08032,44,Android,5,9.6,15,3,0,63,2,1
U08033,49,Android,14,3.4,26,5,0,35,0,1
U08034,30,Android,10,6.1,25,4,1,35,1,0
U08035,56,Android,8,7.2,17,1,0,44,2,1
U08036,39,iOS,12,4.7,27,3,0,36,2,1
U08037,64,Web,14,1.8,25,6,0,32,8,0
U08038,22,iOS,19,9.6,51,12,1,21,6,0
U08039,33,Android,13,5.3,44,8,1,26,7,0
U08040,52,Web,8,5.0,20,1,0,37,3,1
U08041,60,Web,4,0.5,11,1,0,48,1,1
U08042,28,iOS,28,13.5,99,28,3,8,9,0
U08043,65,Android,26,17.2,74,14,3,11,8,0
U08044,27,iOS,13,10.7,35,10,2,31,4,0
U08045,37,Web,38,7.8,119,32,2,11,19,0
U08046,33,iOS,29,11.2,114,43,4,2,9,0
U08047,38,iOS,24,13.1,77,13,1,11,13,0
U08048,61,iOS,19,10.4,53,8,1,17,10,0
U08049,53,Web,19,6.3,50,14,2,25,3,0
U08050,56,Android,8,4.3,18,2,1,36,6,0
U08051,30,Android,8,6.2,18,6,1,31,7,1
U08052,63,Web,5,3.4,5,0,0,51,4,0
U08053,38,Android,41,19.1,126,39,4,0,14,0
U08054,49,Android,10,8.4,20,2,0,41,5,0
U08055,51,Android,43,17.0,156,57,11,0,11,0
U08056,49,Android,25,18.2,74,23,7,7,5,0
U08057,46,Android,34,15.8,117,35,8,15,16,0
U08058,41,iOS,29,15.6,115,35,10,5,14,0
U08059,49,Android,20,4.8,60,15,1,19,7,0
U08060,61,iOS,17,3.1,36,3,1,31,7,0
U08061,36,Android,7,2.5,10,1,0,38,1,1
U08062,42,Web,10,6.3,21,2,0,46,1,0
U08063,26,iOS,8,1.4,19,3,0,35,4,1
U08064,35,Web,28,16.2,99,28,5,17,8,0
U08065,55,Android,19,11.3,52,12,3,24,11,0
U08066,48,Android,12,7.9,22,0,0,30,4,0
U08067,28,iOS,23,8.9,52,13,2,22,8,0
U08068,44,Web,20,14.9,65,17,5,19,11,0
U08069,56,Android,6,3.3,12,0,0,46,2,1
U08070,23,iOS,19,11.3,43,7,1,15,5,0
U08071,20,iOS,17,11.4,67,16,2,18,13,0
U08072,36,Android,12,6.3,25,1,0,36,1,0
U08073,49,iOS,16,10.9,47,10,1,22,11,0
U08074,33,Android,11,1.8,23,1,1,34,3,0
U08075,57,Android,11,8.6,36,6,0,27,4,0
U08076,58,Web,21,13.6,57,13,0,15,10,0
U08077,43,iOS,12,4.4,42,7,1,26,7,0
U08078,36,iOS,22,11.7,64,11,2,17,8,0
U08079,20,iOS,5,2.5,6,0,0,40,2,1
U08080,57,Web,7,7.4,16,2,1,41,1,1
U08081,60,Android,10,8.9,29,3,1,28,9,0
U08082,39,Android,11,3.6,25,5,0,37,4,0
U08083,42,Android,20,9.6,53,10,0,28,6,0
U08084,54,iOS,18,8.7,39,12,2,22,10,0
U08085,51,iOS,25,13.7,87,22,1,2,15,0
U08086,24,iOS,18,4.9,32,3,0,34,4,0
U08087,50,Android,11,4.3,28,8,1,25,6,0
U08088,62,Android,4,0.9,5,1,0,54,0,1
U08089,54,Web,9,5.3,18,3,0,34,6,0
U08090,41,Web,18,9.3,56,9,2,14,9,0
U08091,43,Android,15,6.9,34,5,0,28,7,0
U08092,30,iOS,20,14.9,59,15,1,26,6,0
U08093,49,iOS,18,8.3,45,3,0,21,7,0
U08094,29,iOS,11,3.4,22,2,0,33,2,0
U08095,34,Android,9,9.8,18,1,0,30,2,1
U08096,30,iOS,24,6.7,52,5,0,32,5,0
U08097,34,Android,10,5.2,26,3,0,37,6,1
U08098,35,Android,3,5.3,6,0,0,51,1,1
U08099,21,iOS,21,12.6,61,7,2,22,10,0
U08100,52,Android,20,13.3,70,18,3,8,10,0
U08101,39,Android,28,11.8,89,19,2,4,12,0
U08102,63,Android,9,9.0,24,3,1,37,6,0
U08103,26,Android,18,12.8,62,16,3,16,5,0
U08104,50,iOS,30,15.7,96,23,2,10,16,0
U08105,26,Android,19,11.2,48,12,1,22,10,0
U08106,44,iOS,21,14.8,65,21,8,17,11,0
U08107,41,Web,14,5.8,38,4,0,27,5,0
U08108,39,Android,19,5.9,58,10,2,33,7,0
U08109,49,Web,18,9.3,50,8,0,23,5,0
U08110,57,Android,13,8.4,38,6,1,32,6,0
U08111,33,Android,7,8.1,17,4,0,39,4,1
U08112,58,Android,25,16.5,79,24,3,5,10,0
U08113,26,Android,22,6.9,51,10,0,25,10,0
U08114,32,Android,25,14.8,91,29,3,17,8,0
U08115,32,Android,8,6.8,10,2,0,33,1,1
U08116,63,Web,4,2.8,6,1,0,40,2,1
U08117,23,iOS,10,4.7,33,3,0,42,2,1
U08118,36,Web,18,6.7,52,14,3,23,7,0
U08119,38,iOS,39,18.5,158,54,6,2,12,0
U08120,56,iOS,36,16.8,115,36,4,3,17,0
U08121,41,Android,23,8.6,69,12,1,18,6,0
U08122,64,iOS,11,9.4,21,1,0,36,7,0
U08123,53,Android,21,4.2,65,8,0,28,10,0
U08124,51,Web,6,3.7,13,3,0,35,4,1
U08125,54,Web,10,7.2,12,4,2,51,6,1
U08126,25,Android,13,8.2,41,6,0,27,7,0
U08127,39,iOS,16,5.6,38,4,0,25,8,0
U08128,46,iOS,14,6.1,36,11,0,29,7,0
U08129,28,iOS,9,5.5,14,3,0,35,7,1
U08130,23,Android,16,9.0,47,11,1,22,10,0
U08131,24,iOS,14,11.5,33,5,0,25,5,0
U08132,55,iOS,36,12.7,128,33,5,7,15,0
U08133,49,Android,26,11.8,78,16,4,12,6,0
U08134,31,iOS,20,11.1,63,14,1,18,7,0
U08135,53,Android,38,16.3,156,45,8,4,16,0
U08136,51,Web,21,5.2,41,10,1,37,6,0
U08137,57,Android,23,15.4,70,18,2,15,9,0
U08138,61,Android,6,7.6,7,0,0,41,4,1
U08139,60,Android,8,6.5,14,0,0,47,4,1
U08140,26,Web,15,6.1,21,4,0,35,3,0
U08141,54,iOS,22,10.8,63,17,4,21,5,0
U08142,36,Android,8,4.4,24,6,1,33,1,0
U08143,37,Android,13,1.7,32,3,0,32,6,1
U08144,49,iOS,25,16.1,74,23,1,4,12,0
U08145,46,Android,13,5.4,27,1,0,38,2,1
U08146,38,Android,15,10.1,39,5,0,30,4,0
U08147,65,Web,27,12.9,89,15,1,6,11,0
U08148,26,Android,19,5.8,40,7,2,24,10,0
U08149,22,iOS,19,8.6,55,8,0,21,8,0
U08150,19,Android,19,11.6,53,11,1,15,10,0
U08151,57,iOS,11,7.7,14,0,0,37,1,0
U08152,37,iOS,7,1.3,11,0,0,42,6,1
U08153,38,Android,13,8.7,21,0,0,35,4,0
U08154,49,iOS,25,6.1,57,8,2,18,11,0
U08155,38,Web,14,10.5,34,7,0,35,6,0
U08156,45,Web,16,4.4,49,9,0,31,6,0
U08157,20,Android,24,17.3,75,15,2,9,8,0
U08158,25,Android,35,14.1,112,31,6,5,17,0
U08159,62,Web,10,11.7,27,5,1,35,7,0
U08160,39,Android,15,2.6,46,9,0,30,10,0
U08161,26,Android,18,11.4,58,12,3,19,8,0
U08162,35,Android,24,14.0,70,21,1,16,8,0
U08163,34,Web,16,7.5,36,8,1,30,5,0
U08164,31,Android,25,15.4,92,29,2,16,11,0
U08165,32,Android,13,7.0,22,3,0,37,2,1
U08166,53,iOS,10,5.4,19,3,2,36,4,1
U08167,23,Android,17,4.0,39,4,0,32,6,0
U08168,32,Android,7,2.7,15,4,0,34,1,1
U08169,40,iOS,20,14.1,61,13,2,19,13,0
U08170,43,Android,27,16.3,91,20,0,13,18,0
U08171,60,Web,26,11.7,66,13,4,20,11,0
U08172,62,Android,4,7.3,10,1,0,37,11,0
U08173,32,Web,28,13.9,90,21,4,19,9,0
U08174,43,iOS,21,8.3,61,9,1,34,5,0
U08175,19,Android,24,17.2,67,13,1,9,10,0
U08176,47,Android,15,5.7,37,12,4,29,7,0
U08177,25,iOS,7,7.7,16,1,0,35,6,0
U08178,21,Android,24,13.2,85,19,3,12,6,0
U08179,50,Android,7,7.9,10,0,0,42,2,0
U08180,26,Web,26,1.7,58,9,1,20,8,0
U08181,40,iOS,19,14.8,67,10,2,14,13,0
U08182,22,Web,19,7.3,46,8,2,45,4,1
U08183,53,Android,19,10.4,47,10,2,23,8,0
U08184,54,Android,12,1.5,27,2,0,35,6,1
U08185,45,iOS,10,5.3,24,4,0,33,8,1
U08186,58,Android,26,15.2,79,19,0,12,10,0
U08187,38,Android,13,9.0,36,5,0,30,6,0
U08188,26,Android,18,12.7,63,19,2,13,14,0
U08189,25,Android,25,15.5,78,19,1,14,9,0
U08190,28,iOS,17,6.8,36,10,0,33,6,0
U08191,27,Android,10,7.5,14,1,0,29,5,0
U08192,33,Web,12,4.2,28,4,0,30,4,0
U08193,28,Android,4,3.6,11,0,0,47,2,1
U08194,46,Android,18,9.8,55,12,0,21,10,0
U08195,25,Android,31,9.0,101,25,1,9,13,0
U08196,47,iOS,29,15.1,100,29,8,6,15,0
U08197,34,Web,3,2.9,2,0,0,43,2,1
U08198,50,Web,4,2.4,8,0,0,47,5,1
U08199,42,Android,17,14.8,49,8,1,28,7,0
U08200,61,Android,33,12.0,112,30,10,10,15,0
U08201,39,Web,22,6.5,48,5,1,33,8,0
U08202,32,Android,11,7.8,29,8,1,31,6,0
U08203,46,iOS,7,3.5,21,3,0,36,5,0
U08204,49,Android,26,14.2,101,21,4,23,14,0
U08205,39,Android,21,10.8,72,20,4,13,10,0
U08206,44,Android,36,20.8,130,34,4,0,15,0
U08207,40,Android,16,13.6,55,12,0,27,4,0
U08208,32,Web,13,8.6,22,0,0,34,6,0
U08209,33,iOS,9,8.9,20,4,0,29,3,0
U08210,61,Web,9,1.6,16,4,0,38,7,0
U08211,50,iOS,32,15.4,105,31,9,3,13,0
U08212,22,Android,20,13.9,52,9,3,24,10,0
U08213,64,iOS,18,5.8,50,3,0,29,6,0
U08214,52,Android,30,12.7,83,18,0,13,14,0
U08215,20,Web,14,3.5,29,4,0,27,4,0
U08216,52,Android,19,10.8,55,11,2,20,6,0
U08217,46,Web,11,5.5,32,6,0,28,7,0
U08218,61,iOS,8,4.9,22,2,0,39,4,1
U08219,41,iOS,11,0.5,17,3,0,35,5,1
U08220,42,iOS,7,5.0,17,1,0,37,13,0
U08221,33,iOS,8,7.3,13,3,0,37,8,1
U08222,33,iOS,20,8.9,45,8,1,28,7,0
U08223,47,iOS,34,15.6,116,44,7,2,15,0
U08224,57,Android,30,13.3,73,17,1,25,9,0
U08225,60,iOS,18,12.5,44,12,1,22,5,0
U08226,54,Android,36,10.9,107,21,2,10,12,0
U08227,47,iOS,15,8.8,30,6,0,29,8,0
U08228,42,iOS,19,5.7,50,10,0,33,9,1
U08229,34,Android,13,3.7,39,9,0,30,6,0
U08230,54,iOS,19,5.0,40,5,1,35,10,0
U08231,33,iOS,7,7.0,16,0,0,34,1,0
U08232,30,iOS,25,11.4,77,18,3,4,11,0
U08233,59,iOS,20,5.9,67,16,3,20,11,0
U08234,46,iOS,15,10.8,44,6,0,27,7,0
U08235,35,iOS,24,11.9,76,16,1,21,10,0
U08236,59,Android,17,6.1,32,4,1,29,5,0
U08237,64,Android,18,9.0,55,10,1,23,7,0
U08238,33,iOS,10,6.2,17,0,0,37,4,0
U08239,43,Android,11,4.1,27,6,0,26,5,0
U08240,41,Android,26,4.9,73,18,2,24,9,0
U08241,51,Android,21,15.3,73,8,1,19,7,0
U08242,63,Android,14,10.4,32,9,1,30,2,0
U08243,44,Web,13,9.2,32,5,0,26,9,0
U08244,56,Android,28,9.9,82,22,1,11,6,0
U08245,46,Android,20,11.7,68,16,0,18,9,0
U08246,60,Web,8,7.4,18,3,0,42,1,1
U08247,37,Web,7,3.5,7,1,0,44,2,1
U08248,36,Android,9,6.3,22,5,1,30,6,0
U08249,38,Web,15,7.7,39,4,0,27,4,0
U08250,65,Android,26,11.0,60,6,1,29,5,0
U08251,47,iOS,29,14.6,99,30,4,7,15,0
U08252,25,Android,15,4.1,43,8,1,31,6,0
U08253,19,Android,21,11.4,56,5,0,25,4,1
U08254,42,Android,26,13.3,77,19,3,12,8,0
U08255,56,iOS,23,9.2,54,9,2,15,15,0
U08256,41,Android,2,2.7,5,0,0,39,3,1
U08257,44,iOS,8,6.8,26,2,1,36,5,0
U08258,56,iOS,20,12.9,74,22,1,7,12,0
U08259,42,Android,12,1.4,21,5,0,33,4,0
U08260,61,Web,19,10.7,61,14,1,24,11,0
U08261,48,Android,19,13.0,65,11,1,15,13,0
U08262,53,Android,24,17.0,72,21,5,3,8,0
U08263,55,Android,10,4.7,25,5,0,33,3,0
U08264,48,Android,27,17.3,114,38,7,7,12,0
U08265,20,Android,21,14.3,70,12,1,13,10,0
U08266,38,iOS,11,7.7,46,7,1,29,1,0
U08267,24,iOS,8,6.2,26,5,0,40,3,0
U08268,42,Android,13,12.4,38,5,0,31,7,0
U08269,24,Android,31,14.3,96,24,2,13,7,0
U08270,42,iOS,18,11.7,39,7,1,18,12,0
U08271,34,Android,27,13.1,103,28,6,5,11,0
U08272,18,iOS,11,1.2,14,2,0,47,4,1
U08273,23,Web,10,5.8,18,0,0,36,4,0
U08274,42,Android,22,9.9,45,10,1,24,11,0
U08275,21,iOS,17,3.5,39,8,1,28,6,0
U08276,59,Web,12,8.5,32,4,0,33,4,1
U08277,54,iOS,25,14.3,62,11,1,15,7,0
U08278,52,Web,15,2.3,36,12,0,41,5,1
U08279,26,Android,20,11.3,77,21,3,11,10,0
U08280,56,iOS,12,7.1,17,2,0,60,1,1
U08281,48,Android,26,14.9,63,11,2,16,12,0
U08282,36,Android,15,11.5,40,9,0,24,5,0
U08283,18,Web,38,13.9,141,46,6,0,5,0
U08284,43,Android,6,5.2,13,2,0,36,4,1
U08285,56,Web,5,6.3,12,2,0,36,4,1
U08286,19,iOS,6,6.5,8,0,0,41,2,1
U08287,20,Web,8,5.5,19,1,0,43,2,1
U08288,36,Web,15,13.9,38,7,0,32,5,0
U08289,42,iOS,26,13.7,69,18,6,11,7,0
U08290,40,Web,26,11.0,78,15,1,20,7,0
U08291,38,iOS,15,8.0,40,8,3,26,12,0
U08292,30,iOS,31,12.9,97,24,5,23,9,0
U08293,20,iOS,25,13.2,87,17,1,11,8,0
U08294,19,Android,25,7.7,58,16,2,24,8,0
U08295,22,Android,2,0.5,7,1,1,49,1,1
U08296,51,Android,24,10.3,87,26,2,15,11,0
U08297,55,Android,15,7.8,39,8,0,23,5,0
U08298,38,Android,16,7.0,37,8,0,33,5,0
U08299,21,iOS,32,9.4,82,18,1,27,12,0
U08300,37,iOS,33,12.7,92,29,6,8,13,0
U08301,65,iOS,11,3.8,31,4,1,27,4,0
U08302,29,Web,5,8.0,15,3,0,36,4,0
U08303,41,Web,23,8.3,65,20,3,16,10,0
U08304,43,Web,29,12.1,90,18,3,13,9,0
U08305,33,iOS,28,10.6,88,25,2,14,9,0
U08306,39,Android,25,13.4,84,18,3,15,15,0
U08307,40,Web,22,17.4,74,24,5,12,18,0
U08308,40,Android,15,8.9,29,8,3,28,8,0
U08309,52,Android,21,11.6,64,17,5,9,7,0
U08310,45,Android,29,12.9,96,27,4,13,8,0
U08311,20,iOS,21,10.3,72,15,0,16,14,0
U08312,18,iOS,30,8.5,86,28,6,16,14,0
U08313,37,Android,17,11.4,48,10,3,25,5,0
U08314,61,iOS,6,10.7,11,1,0,43,5,0
U08315,19,Android,5,6.3,10,0,0,43,4,0
U08316,21,Android,8,0.5,13,1,0,40,2,0
U08317,50,Android,29,18.2,72,14,3,9,15,0
U08318,39,Android,17,5.3,35,2,0,27,7,0
U08319,29,iOS,24,10.2,63,14,2,21,14,1
U08320,27,Android,18,8.7,56,9,1,18,9,0
U08321,49,Android,20,9.1,55,6,3,21,10,0
U08322,43,Android,20,0.8,41,8,2,30,4,0
U08323,48,iOS,16,5.6,37,4,0,51,7,1
U08324,31,Web,29,16.5,94,20,3,8,20,0
U08325,43,iOS,4,10.1,8,0,0,47,1,1
U08326,59,iOS,12,0.5,16,3,0,33,5,0
U08327,33,Web,11,8.3,18,0,0,32,8,1
U08328,37,Android,17,7.2,45,13,2,20,9,0
U08329,25,Android,10,4.1,23,6,1,33,1,0
U08330,48,iOS,19,8.1,53,11,2,16,7,0
U08331,19,Android,12,8.8,24,3,0,34,6,1
U08332,29,iOS,21,14.1,73,19,2,13,7,0
U08333,52,iOS,23,12.3,62,18,6,19,11,0
U08334,18,Android,3,4.5,2,0,0,46,1,1
U08335,65,iOS,11,8.0,21,2,0,36,9,1
U08336,37,Android,36,14.3,121,38,6,1,14,0
U08337,37,Android,20,12.3,69,14,0,17,8,0
U08338,43,Web,9,2.6,13,0,0,40,1,1
U08339,48,iOS,21,14.2,73,25,4,12,10,0
U08340,40,Android,12,5.9,24,6,0,48,3,1
U08341,60,Android,15,12.0,49,8,0,23,4,0
U08342,64,Android,28,10.0,91,19,0,25,8,0
U08343,27,Android,12,13.1,25,6,0,28,6,0
U08344,51,Android,29,15.2,118,36,5,2,13,0
U08345,32,Android,12,1.6,26,1,0,36,2,0
U08346,65,Web,22,6.7,48,9,0,23,8,0
U08347,30,Web,11,2.6,20,2,0,33,4,0
U08348,32,iOS,11,9.3,33,6,0,26,6,0
U08349,52,iOS,26,16.3,66,18,4,22,12,0
U08350,55,iOS,27,18.6,91,23,2,4,15,0
U08351,24,iOS,20,13.5,52,12,1,15,9,0
U08352,44,Web,13,14.3,32,11,2,21,11,0
U08353,34,iOS,35,18.6,106,27,6,0,11,0
U08354,47,iOS,17,19.0,61,18,3,6,20,0
U08355,44,Web,29,13.4,83,25,1,22,8,0
U08356,65,iOS,24,10.0,63,9,1,14,5,0
U08357,62,Android,34,13.9,107,44,11,9,12,0
U08358,49,Android,6,4.6,7,1,0,34,2,0
U08359,50,Android,22,6.9,53,9,3,28,13,0
U08360,61,Android,17,5.5,28,3,0,33,4,0
U08361,26,Android,18,11.2,64,20,3,17,10,0
U08362,52,Android,30,15.1,94,17,0,8,12,0
U08363,55,Android,16,5.6,36,5,1,29,2,0
U08364,24,Web,24,15.9,65,7,2,17,7,0
U08365,60,Android,18,9.0,35,7,0,32,11,0
U08366,51,Android,5,1.4,12,0,0,40,1,0
U08367,34,Android,26,18.3,95,29,4,8,11,0
U08368,41,Android,27,17.7,82,18,6,6,8,0
U08369,41,iOS,17,3.9,29,3,1,35,4,1
U08370,62,iOS,14,6.7,37,9,0,26,7,0
U08371,64,Android,7,8.2,15,1,0,44,3,1
U08372,56,iOS,46,18.9,180,62,8,0,23,0
U08373,49,Android,17,14.1,62,16,1,37,10,0
U08374,22,iOS,31,17.1,98,25,3,19,10,0
U08375,61,Web,17,10.9,47,9,2,23,5,0
U08376,24,Web,24,5.9,62,11,0,21,4,0
U08377,26,Android,16,8.3,42,9,0,32,8,0
U08378,21,iOS,17,7.7,45,5,1,22,2,0
U08379,63,iOS,19,7.5,47,6,0,30,10,0
U08380,41,Web,27,16.1,92,22,5,14,13,0
U08381,29,Android,9,5.7,23,3,0,33,2,1
U08382,21,iOS,15,7.9,31,8,1,23,6,0
U08383,37,Android,30,14.2,98,26,4,11,11,0
U08384,52,Android,16,7.8,51,17,2,22,10,0
U08385,65,iOS,12,7.6,32,4,1,29,3,0
U08386,44,Android,17,6.1,33,8,0,32,5,0
U08387,47,Android,9,5.6,18,2,0,36,1,1
U08388,58,Web,15,5.8,45,6,0,34,3,0
U08389,61,iOS,14,4.9,35,5,1,35,4,1
U08390,31,Web,1,0.5,1,0,0,45,0,1
U08391,65,iOS,30,11.8,100,27,7,9,18,0
U08392,42,Web,4,0.5,6,0,1,52,4,1
U08393,62,iOS,14,7.2,22,5,0,26,6,1
U08394,23,Android,14,8.4,50,7,1,33,5,0
U08395,22,Android,26,9.9,71,19,3,12,11,0
U08396,60,Web,15,0.5,33,5,0,30,8,0
U08397,50,Android,21,15.5,65,11,1,13,8,0
U08398,26,Android,9,9.8,30,2,0,26,10,0
U08399,60,iOS,24,7.8,71,13,1,20,12,0
U08400,22,Android,23,12.2,65,13,2,15,12,0
U08401,50,Android,18,14.6,64,18,3,25,11,0
U08402,27,iOS,26,13.6,71,18,1,22,9,0
U08403,21,Android,19,11.5,66,11,3,22,9,0
U08404,56,iOS,31,14.6,105,34,5,7,14,0
U08405,58,Android,13,8.0,31,3,0,34,6,0
U08406,23,iOS,41,15.6,180,48,7,0,16,0
U08407,22,Android,6,0.5,10,2,1,39,4,1
U08408,47,iOS,7,6.2,15,4,0,33,4,1
U08409,19,Android,12,8.3,24,4,0,28,5,0
U08410,53,Android,15,7.1,32,3,0,28,3,0
U08411,61,Web,28,12.2,93,15,0,35,12,0
U08412,54,Android,28,14.1,103,31,4,0,13,0
U08413,29,iOS,30,11.7,109,28,4,0,16,0
U08414,27,Android,23,15.7,80,20,5,12,11,0
U08415,50,Android,27,12.8,89,27,3,11,12,0
U08416,20,Android,21,7.8,45,6,0,35,9,0
U08417,43,Web,19,9.7,64,14,4,16,14,0
U08418,39,Android,8,5.3,14,0,0,38,4,1
U08419,53,Android,24,13.0,72,22,4,10,12,0
U08420,27,iOS,12,9.0,26,2,0,38,4,0
U08421,54,Android,13,8.0,21,5,0,32,7,1
U08422,51,iOS,19,10.1,55,9,0,18,10,0
U08423,29,Web,18,8.5,61,11,0,24,9,0
U08424,35,iOS,9,6.5,19,1,0,35,3,1
U08425,21,iOS,21,10.0,76,21,3,3,9,0
U08426,39,Android,14,4.6,28,3,0,35,1,1
U08427,30,Web,19,5.5,46,9,2,23,7,0
U08428,23,iOS,17,11.8,41,7,0,17,11,0
U08429,44,Android,13,10.6,28,3,0,27,5,0
U08430,45,Web,15,0.5,31,4,0,30,7,0
U08431,22,Web,18,12.1,49,5,0,26,9,0
U08432,26,Android,4,4.4,12,0,0,39,3,1
U08433,21,Android,12,6.9,13,2,0,32,8,0
U08434,50,iOS,10,7.6,26,4,1,37,5,0
U08435,34,Web,16,7.8,32,4,0,30,4,0
U08436,21,iOS,22,13.9,64,15,1,19,17,0
U08437,27,Android,26,8.3,77,17,3,16,10,0
U08438,64,Android,14,11.3,62,13,3,12,9,0
U08439,30,Android,31,19.2,123,22,7,4,9,0
U08440,50,Android,6,5.9,10,1,0,43,3,0
U08441,40,iOS,21,10.8,56,10,2,37,7,0
U08442,26,Android,7,3.3,11,0,0,35,7,0
U08443,32,Android,19,8.2,57,12,2,36,12,0
U08444,18,Web,24,9.1,51,9,1,22,7,0
U08445,53,Android,17,14.2,48,10,3,26,6,0
U08446,34,Android,23,11.9,63,13,2,22,6,0
U08447,41,Web,16,9.1,34,5,1,22,11,0
U08448,25,Android,20,9.6,64,15,5,26,6,0
U08449,57,Web,16,5.4,33,2,1,42,9,1
U08450,28,Android,13,9.9,26,3,0,31,5,0
U08451,45,Android,31,13.7,77,17,1,14,11,0
U08452,59,iOS,19,1.8,34,7,0,25,7,0
U08453,52,Android,33,13.9,105,22,4,9,19,0
U08454,46,iOS,23,16.0,59,11,1,21,10,0
U08455,60,Android,33,16.0,123,43,6,6,16,0
U08456,26,iOS,18,9.4,48,6,0,28,8,1
U08457,64,Android,11,9.9,30,3,0,38,1,1
U08458,44,iOS,20,15.9,57,13,3,22,9,0
U08459,37,iOS,10,5.2,31,6,0,37,3,0
U08460,30,iOS,16,7.3,37,4,0,29,2,1
U08461,53,Android,30,15.0,119,27,2,7,9,0
U08462,64,iOS,26,14.8,78,17,3,8,15,0
U08463,51,iOS,5,2.8,10,2,0,40,2,1
U08464,19,Android,6,9.1,10,3,0,35,6,1
U08465,40,iOS,16,6.3,51,7,1,33,11,1
U08466,53,Android,22,10.3,66,14,2,15,6,0
U08467,37,Android,27,10.3,78,17,4,12,7,0
U08468,55,iOS,30,16.8,103,17,1,19,15,0
U08469,51,Android,13,8.4,29,5,0,37,5,0
U08470,21,Android,13,8.7,37,5,0,33,5,0
U08471,44,iOS,16,8.8,43,8,2,27,5,0
U08472,26,iOS,15,3.5,38,8,0,30,7,0
U08473,41,Android,29,15.1,105,26,3,9,12,0
U08474,36,Android,15,7.9,40,6,2,21,9,0
U08475,56,Android,14,3.2,25,1,1,36,7,0
U08476,59,iOS,17,16.7,53,9,1,22,5,0
U08477,40,iOS,17,10.0,45,6,0,31,4,0
U08478,43,iOS,34,16.9,126,33,3,0,19,0
U08479,48,iOS,15,8.3,40,8,1,27,13,0
U08480,49,Web,29,16.4,101,24,3,11,9,0
U08481,48,Android,11,3.7,27,4,0,36,4,1
U08482,55,Android,31,12.4,85,20,4,20,4,0
U08483,65,Android,26,13.8,75,15,1,26,6,0
U08484,57,Android,5,3.7,10,0,0,50,4,1
U08485,24,Android,21,11.1,58,12,1,23,3,0
U08486,40,Web,18,6.0,34,5,0,27,4,1
U08487,40,Android,20,11.9,57,8,0,20,10,0
U08488,42,Android,17,8.3,44,6,4,25,6,0
U08489,43,iOS,7,0.8,26,3,0,35,1,1
U08490,52,Web,12,7.2,22,3,0,45,7,0
U08491,38,Android,28,12.0,90,18,5,24,10,0
U08492,30,iOS,16,3.0,41,6,0,31,4,1
U08493,39,Web,36,14.1,137,41,6,2,13,0
U08494,59,Android,18,12.4,59,16,5,29,14,0
U08495,32,iOS,29,11.9,91,21,4,22,13,0
U08496,18,Android,12,15.3,35,3,0,21,3,0
U08497,64,Android,25,15.7,66,17,2,13,14,0
U08498,27,Android,20,11.4,67,17,3,22,8,0
U08499,46,Android,10,5.9,26,7,1,28,4,0
U08500,56,iOS,8,8.9,20,4,0,32,3,0
U08501,31,Web,28,13.8,98,31,5,27,8,0
U08502,34,Android,13,4.5,33,6,0,30,6,0
U08503,31,iOS,6,7.2,14,2,0,54,7,1
U08504,25,Android,23,16.2,80,21,2,3,9,0
U08505,25,Android,29,12.9,98,25,3,7,19,0
U08506,26,iOS,15,2.4,44,8,1,36,3,1
U08507,39,Android,9,8.2,12,2,1,34,2,0
U08508,43,iOS,26,13.4,78,15,2,12,17,0
U08509,18,Android,6,3.5,12,2,0,40,2,1
U08510,58,Web,19,13.1,65,12,2,24,8,0
U08511,50,Android,9,6.0,15,1,1,43,2,1
U08512,21,Android,27,13.5,97,22,6,8,15,0
U08513,58,iOS,19,9.9,49,15,3,28,6,0
U08514,19,iOS,15,14.8,32,7,2,20,6,0
U08515,44,Android,24,9.1,48,6,0,15,8,0
U08516,40,Web,7,9.2,15,3,2,39,4,0
U08517,42,Android,13,13.7,35,5,1,39,5,1
U08518,63,Android,18,11.9,55,10,2,37,11,0
U08519,62,Android,15,1.9,25,3,0,33,5,0
U08520,31,iOS,20,9.7,36,11,1,21,5,0
U08521,45,iOS,14,6.8,24,3,0,30,7,0
U08522,64,Web,16,8.0,49,10,1,30,5,0
U08523,52,iOS,28,15.9,91,23,1,22,8,0
U08524,60,Android,13,8.7,33,7,2,28,9,0
U08525,38,Android,12,6.9,25,4,0,47,6,1
U08526,31,Android,15,7.0,32,5,0,31,5,0
U08527,42,iOS,22,11.7,73,20,3,28,8,0
U08528,57,Android,15,7.5,38,5,1,22,9,0
U08529,62,iOS,25,13.7,67,12,0,22,11,0
U08530,50,iOS,18,5.2,49,6,2,24,3,0
U08531,51,iOS,18,10.0,43,8,1,26,3,0
U08532,42,Android,18,9.5,47,11,1,24,4,0
U08533,33,Android,27,12.7,83,24,3,19,9,0
U08534,38,Web,10,2.5,28,3,0,34,6,1
U08535,41,iOS,31,15.6,141,36,4,0,9,0
U08536,57,iOS,20,12.5,50,10,2,21,9,0
U08537,44,iOS,15,5.6,33,4,1,47,3,0
U08538,56,Web,4,4.5,6,1,0,45,1,1
U08539,19,Android,32,20.1,116,31,8,0,20,0
U08540,54,Web,29,18.5,119,35,8,2,7,0
U08541,42,Android,5,3.0,7,1,0,47,4,1
U08542,65,Web,3,0.5,7,0,0,42,2,0
U08543,40,Android,27,13.2,84,17,2,12,11,0
U08544,40,Android,20,13.1,40,7,0,27,5,0
U08545,24,Android,29,10.9,99,25,1,10,8,0
U08546,56,Web,29,16.0,95,31,8,3,12,0
U08547,51,Web,30,18.3,93,24,4,8,17,0
U08548,59,Android,25,14.0,87,22,4,14,9,0
U08549,22,Android,10,6.6,19,0,0,33,9,0
U08550,28,Android,7,3.4,17,1,0,40,2,1
U08551,60,Android,10,9.1,36,12,2,27,5,0
U08552,20,iOS,35,15.6,119,28,3,1,14,0
U08553,42,Android,16,10.1,49,5,0,23,6,0
U08554,37,Web,9,3.5,30,6,1,38,4,0
U08555,63,Web,13,11.1,34,3,0,35,2,0
U08556,59,Android,24,13.8,80,18,4,10,13,0
U08557,61,iOS,22,7.7,66,17,1,36,11,0
U08558,31,Web,24,12.0,59,17,2,9,7,0
U08559,46,Web,5,0.5,10,1,0,57,3,1
U08560,51,iOS,35,15.7,117,26,6,0,15,0
U08561,64,Android,10,6.9,25,7,1,27,4,0
U08562,18,Android,25,14.3,81,22,4,21,14,0
U08563,64,iOS,5,2.1,13,2,0,35,3,0
U08564,35,Android,30,8.4,99,23,6,18,17,0
U08565,24,iOS,13,0.5,19,4,0,34,4,0
U08566,47,iOS,17,10.9,57,11,1,26,14,0
U08567,55,Android,19,11.2,53,11,0,22,6,0
U08568,24,Android,24,0.5,64,9,0,22,11,0
U08569,19,Android,5,4.1,16,4,0,48,2,1
U08570,61,Web,26,11.4,89,16,1,20,18,0
U08571,62,Android,12,8.7,26,5,1,34,2,0
U08572,25,Android,25,15.4,69,12,0,15,7,0
U08573,61,Web,15,4.9,38,9,1,25,5,0
U08574,61,iOS,20,10.9,67,14,2,13,11,0
U08575,65,iOS,18,13.6,54,10,0,20,9,0
U08576,28,Web,11,10.0,35,8,1,34,5,0
U08577,45,Android,9,5.9,23,3,2,31,4,0
U08578,65,Web,22,16.1,65,15,1,8,14,0
U08579,61,Web,11,5.6,16,1,0,35,3,1
U08580,47,Android,20,10.8,47,7,1,22,9,0
U08581,27,Android,26,11.7,58,11,1,27,11,0
U08582,22,Android,13,7.9,45,9,0,36,7,0
U08583,30,iOS,20,9.5,44,9,0,33,12,0
U08584,21,iOS,13,10.8,38,6,1,19,12,0
U08585,27,iOS,9,6.6,14,1,0,41,3,0
U08586,21,Web,20,9.5,57,13,1,18,10,0
U08587,54,iOS,9,8.7,25,5,1,43,3,0
U08588,46,iOS,25,11.0,73,17,0,17,11,0
U08589,42,iOS,11,7.5,23,2,0,36,3,1
U08590,56,iOS,10,5.6,15,4,0,41,2,0
U08591,37,Android,15,6.5,43,9,0,24,10,0
U08592,37,iOS,7,3.0,18,0,0,40,1,0
U08593,27,iOS,27,11.0,93,27,3,20,12,0
U08594,39,Android,27,13.4,99,29,8,7,10,0
U08595,26,iOS,28,6.7,83,19,2,20,9,0
U08596,46,iOS,30,13.0,95,22,3,8,12,0
U08597,65,Android,12,8.8,32,5,0,36,1,1
U08598,43,Web,8,6.2,15,2,0,40,4,0
U08599,32,Android,6,0.5,10,0,1,37,4,0
U08600,51,iOS,9,4.8,11,1,0,38,5,1
U08601,57,iOS,14,15.2,42,7,1,32,8,0
U08602,40,Android,20,5.2,42,9,0,37,6,0
U08603,30,Android,22,9.8,43,9,1,21,8,0
U08604,52,Android,16,10.6,24,2,0,52,6,0
U08605,26,Android,7,1.0,18,1,0,35,5,0
U08606,65,iOS,28,12.5,84,25,6,12,10,0
U08607,33,Android,17,10.0,40,5,1,25,6,0
U08608,34,Web,5,3.4,11,1,0,37,2,0
U08609,52,Android,13,3.9,23,4,0,31,10,0
U08610,18,Android,26,14.0,78,21,1,18,11,0
U08611,27,Web,29,9.0,92,20,1,7,16,0
U08612,24,iOS,23,5.8,64,14,0,20,8,0
U08613,36,iOS,18,8.9,43,8,1,14,5,0
U08614,44,iOS,12,4.0,32,5,0,41,6,0
U08615,26,Web,29,10.5,106,25,5,8,14,0
U08616,34,Android,22,9.0,64,17,2,35,7,0
U08617,55,Android,24,10.8,80,14,3,18,8,0
U08618,63,Web,16,8.5,33,3,0,32,3,1
U08619,18,Android,8,7.4,11,1,0,42,3,0
U08620,48,iOS,19,9.3,52,9,3,23,7,0
U08621,19,iOS,15,9.6,29,3,0,39,3,0
U08622,42,iOS,16,12.3,39,7,2,33,6,0
U08623,60,iOS,24,9.4,63,12,2,17,14,0
U08624,56,Web,1,0.5,1,0,0,47,2,1
U08625,29,Android,17,5.9,41,5,0,25,6,0
U08626,30,iOS,10,5.3,20,2,0,35,1,0
U08627,55,iOS,9,12.5,24,3,0,27,4,1
U08628,57,Android,6,2.3,12,2,0,40,2,0
U08629,31,Web,29,14.9,108,28,5,21,9,0
U08630,18,iOS,6,2.2,10,1,0,41,3,0
U08631,39,Android,17,14.5,52,10,3,26,14,0
U08632,47,Web,20,12.2,61,10,3,21,13,0
U08633,39,Web,8,3.6,18,3,0,32,5,1
U08634,62,Android,15,9.9,38,8,1,34,8,0
U08635,57,iOS,14,12.1,37,10,0,13,6,0
U08636,55,Android,24,11.8,60,11,1,19,8,0
U08637,18,Android,6,0.5,15,2,0,43,0,1
U08638,58,Android,16,3.9,38,2,0,27,16,0
U08639,54,Web,25,11.7,77,14,3,17,13,0
U08640,37,Android,25,9.2,67,13,2,13,6,0
U08641,46,Android,9,6.1,24,4,0,31,3,1
U08642,57,iOS,20,9.5,70,16,2,21,9,0
U08643,61,Android,20,8.7,58,8,0,25,8,0
U08644,44,Android,8,4.0,15,2,0,43,3,0
U08645,19,Android,20,11.3,48,11,2,31,11,0
U08646,47,iOS,14,8.6,44,7,0,33,3,1
U08647,50,iOS,36,19.1,121,35,3,0,16,0
U08648,20,iOS,22,13.6,71,17,3,15,12,0
U08649,57,Android,8,3.8,25,3,0,34,6,0
U08650,27,iOS,8,6.4,15,3,0,46,2,1
U08651,60,iOS,15,9.4,44,8,0,32,10,0
U08652,44,Android,17,9.5,36,7,1,28,6,0
U08653,33,Android,3,5.0,3,1,1,48,0,0
U08654,20,Android,18,8.5,53,11,0,21,6,0
U08655,18,Android,27,12.7,82,32,5,15,16,0
U08656,53,Android,26,14.7,79,18,2,59,14,0
U08657,36,Web,32,10.5,111,30,6,13,13,0
U08658,58,iOS,29,13.1,84,20,2,8,19,0
U08659,29,iOS,30,16.2,98,28,5,7,8,0
U08660,62,Android,16,8.3,48,8,1,26,5,0
U08661,63,iOS,41,13.9,116,39,5,0,11,0
U08662,22,iOS,12,12.9,40,5,0,20,10,0
U08663,49,Web,13,8.0,30,8,2,35,3,0
U08664,63,Android,8,6.7,22,3,0,32,5,1
U08665,33,iOS,7,0.5,16,1,0,45,2,0
U08666,21,Android,27,12.4,82,17,3,15,10,0
U08667,60,iOS,22,14.0,69,14,0,10,3,0
U08668,40,Web,18,10.0,55,12,0,24,8,0
U08669,19,iOS,14,14.5,38,11,1,18,7,0
U08670,58,iOS,12,8.8,26,4,0,28,9,0
U08671,50,Web,17,6.4,44,15,0,26,10,0
U08672,21,Web,17,10.7,34,8,0,23,7,0
U08673,30,Android,10,6.6,15,2,0,38,5,1
U08674,18,Android,14,6.5,30,4,1,27,9,0
U08675,63,iOS,24,7.6,62,11,0,16,9,0
U08676,19,Web,33,15.4,129,36,6,0,17,0
U08677,56,iOS,17,9.2,54,12,1,18,5,0
U08678,42,Android,17,8.5,43,6,0,25,9,0
U08679,45,iOS,32,14.4,106,25,4,1,11,0
U08680,56,Android,35,19.9,124,37,11,8,5,0
U08681,60,Android,19,14.0,65,21,4,11,12,0
U08682,24,Android,29,11.5,74,18,5,17,7,0
U08683,18,Android,30,16.0,115,36,5,5,9,0
U08684,23,iOS,30,15.1,93,26,3,22,11,0
U08685,50,Android,13,3.1,28,4,0,33,5,0
U08686,45,Android,14,9.6,29,1,0,28,4,0
U08687,22,iOS,24,15.3,68,10,2,17,11,0
U08688,29,Android,3,7.6,8,2,0,38,0,0
U08689,43,Android,13,4.2,28,4,0,30,8,0
U08690,53,Android,17,14.5,37,6,0,43,9,0
U08691,34,Android,25,12.8,65,11,1,21,10,0
U08692,63,iOS,10,10.5,23,3,0,35,7,0
U08693,65,Android,7,2.3,10,1,0,37,5,1
U08694,54,Android,32,9.9,103,19,1,8,11,0
U08695,39,Android,26,14.9,67,13,1,17,10,0
U08696,60,Android,19,5.1,39,7,0,29,5,1
U08697,52,Android,19,8.0,41,11,0,34,4,0
U08698,42,Android,19,4.0,49,8,1,25,11,0
U08699,39,Android,14,0.7,23,1,0,43,5,1
U08700,57,Android,22,9.0,58,10,1,22,9,0
U08701,44,Web,25,17.2,79,18,2,10,15,0
U08702,26,Android,16,8.7,37,5,0,26,9,0
U08703,65,Android,30,8.8,70,5,1,28,11,0
U08704,21,iOS,9,7.6,15,4,0,44,1,0
U08705,51,Android,18,11.2,42,3,0,28,8,0
U08706,49,iOS,26,9.8,83,14,1,15,11,0
U08707,46,Android,11,4.6,23,2,0,39,3,0
U08708,20,iOS,21,12.6,72,16,1,16,9,0
U08709,41,Web,5,1.1,8,0,0,43,0,1
U08710,60,Android,29,12.7,83,21,2,13,12,0
U08711,29,Android,10,9.4,26,8,0,33,4,0
U08712,51,iOS,39,13.8,143,39,7,0,12,0
U08713,59,Web,8,3.5,17,2,0,44,2,0
U08714,63,Android,8,6.1,24,3,0,35,5,0
U08715,42,iOS,24,11.5,77,22,0,29,11,0
U08716,33,Android,27,14.2,89,21,7,10,12,0
U08717,51,iOS,22,9.9,53,12,2,18,8,0
U08718,41,Android,6,1.6,9,1,0,40,2,1
U08719,48,iOS,30,13.6,94,22,3,11,12,0
U08720,53,Android,8,1.9,13,3,1,34,7,0
U08721,52,iOS,16,7.4,48,11,3,29,5,0
U08722,29,Android,27,9.8,78,13,1,12,12,0
U08723,54,iOS,11,13.1,18,3,1,24,9,0
U08724,44,iOS,19,8.1,44,8,1,35,2,0
U08725,62,Web,15,5.9,34,6,0,24,11,0
U08726,49,Web,17,11.1,64,13,2,31,9,0
U08727,60,iOS,37,15.3,150,40,7,0,20,0
U08728,64,iOS,34,15.8,116,35,3,1,15,0
U08729,65,Android,14,7.1,37,10,1,25,6,0
U08730,53,Web,23,9.0,74,14,6,12,10,0
U08731,46,iOS,20,10.4,52,12,3,22,7,0
U08732,23,Android,6,2.1,11,2,0,38,2,1
U08733,36,Android,47,19.4,181,59,14,0,17,0
U08734,40,iOS,19,2.6,50,5,0,27,8,0
U08735,55,Web,24,11.5,64,10,0,21,7,0
U08736,46,Web,7,3.8,22,3,0,35,3,1
U08737,39,iOS,15,11.2,41,9,0,23,10,0
U08738,25,Android,20,7.4,53,10,1,23,4,0
U08739,52,Web,14,10.7,39,4,0,23,9,1
U08740,38,iOS,34,14.4,140,29,6,2,8,0
U08741,19,iOS,23,10.3,51,10,1,24,12,0
U08742,31,iOS,7,8.9,11,2,0,33,4,1
U08743,60,iOS,46,19.0,185,55,8,0,25,0
U08744,23,iOS,36,13.9,146,50,7,2,11,0
U08745,37,iOS,17,11.2,54,17,2,10,12,0
U08746,42,Web,30,16.6,112,26,3,6,18,0
U08747,22,Web,28,14.9,65,12,2,15,11,0
U08748,25,Android,13,9.1,35,7,1,26,6,0
U08749,63,Android,17,12.4,45,10,1,40,8,1
U08750,46,iOS,9,6.6,14,2,0,37,6,0
U08751,28,iOS,11,7.6,32,0,0,23,10,1
U08752,26,iOS,22,13.1,44,5,1,18,5,0
U08753,38,Web,13,1.2,22,2,0,36,8,1
U08754,52,Android,31,16.0,125,40,7,0,17,0
U08755,53,Android,22,8.4,60,12,0,43,6,0
U08756,27,Web,17,3.9,39,7,1,31,7,0
U08757,52,Web,24,9.9,61,9,2,26,10,0
U08758,61,Android,12,4.5,34,6,0,37,7,0
U08759,28,Android,24,14.6,71,17,4,12,5,0
U08760,19,Android,33,11.1,99,16,2,32,11,0
U08761,64,iOS,15,11.8,32,5,0,32,5,0
U08762,43,iOS,17,6.0,57,8,2,24,8,0
U08763,55,Android,7,4.6,9,2,0,40,4,0
U08764,33,Android,18,13.5,58,14,2,13,11,0
U08765,32,iOS,36,16.2,108,29,5,1,9,0
U08766,28,iOS,33,12.1,117,25,6,10,14,0
U08767,28,iOS,19,8.5,39,7,0,26,5,1
U08768,40,Android,21,4.9,65,15,2,22,4,0
U08769,23,Android,13,3.4,41,7,1,25,5,1
U08770,58,Android,8,2.7,17,2,1,37,6,0
U08771,42,Web,26,10.2,89,15,1,4,13,0
U08772,61,Android,36,17.3,136,44,9,10,15,0
U08773,42,iOS,37,11.9,132,31,6,13,11,0
U08774,32,iOS,22,10.8,57,14,0,19,9,0
U08775,42,Web,24,13.3,79,18,3,10,8,0
U08776,25,Android,13,4.0,26,2,0,34,3,0
U08777,57,Android,14,10.8,39,6,1,38,9,0
U08778,52,Web,11,5.5,27,0,0,31,5,1
U08779,25,Android,30,14.1,96,25,4,5,8,0
U08780,45,iOS,25,8.9,65,18,0,19,10,0
U08781,43,Android,9,8.1,25,1,0,34,2,0
U08782,27,Web,14,3.5,25,7,0,32,4,0
U08783,23,iOS,36,17.0,137,31,5,0,10,0
U08784,54,Android,10,9.1,18,1,0,35,2,0
U08785,30,Web,6,4.1,10,2,1,47,0,1
U08786,42,iOS,8,2.2,15,3,1,46,1,0
U08787,29,iOS,27,17.3,106,26,6,0,9,0
U08788,49,Android,8,2.3,17,6,1,37,1,0
U08789,20,Android,28,13.2,81,17,2,20,12,0
U08790,35,iOS,27,13.6,102,22,3,11,15,0
U08791,44,Android,11,8.2,25,4,0,27,4,0
U08792,39,Web,14,8.6,30,11,1,43,3,1
U08793,47,Android,16,5.5,28,4,0,37,1,0
U08794,26,iOS,20,6.9,62,16,2,17,8,0
U08795,39,Android,15,8.6,40,8,1,24,5,0
U08796,54,iOS,30,10.8,84,17,3,16,19,0
U08797,34,Android,16,9.0,33,7,2,24,12,0
U08798,25,Android,4,3.0,5,0,0,44,3,1
U08799,58,Android,17,11.9,66,15,4,24,6,0
U08800,55,iOS,30,13.1,103,27,4,11,18,0
U08801,50,Android,4,3.3,10,1,0,41,2,1
U08802,56,iOS,25,11.1,55,15,1,15,16,0
U08803,55,Android,10,5.4,23,2,0,36,4,0
U08804,53,iOS,23,12.7,65,12,1,19,9,0
U08805,42,iOS,11,4.0,20,1,1,41,1,0
U08806,18,Android,7,0.8,16,0,0,40,1,1
U08807,46,Android,30,13.9,96,29,6,10,11,0
U08808,31,Android,30,19.2,105,35,7,0,10,0
U08809,55,iOS,12,5.6,19,3,0,26,9,0
U08810,40,Web,25,17.2,82,17,5,14,13,0
U08811,61,Android,25,4.5,57,7,1,19,10,0
U08812,46,iOS,27,16.8,118,41,11,0,15,0
U08813,44,iOS,30,10.6,89,17,1,32,11,0
U08814,62,iOS,23,8.0,63,7,0,28,10,0
U08815,40,iOS,12,5.5,22,3,0,43,2,1
U08816,36,Web,10,8.5,24,1,0,32,5,1
U08817,35,iOS,16,9.6,41,4,0,34,9,0
U08818,60,Web,29,10.4,106,34,6,12,16,0
U08819,54,Android,28,11.0,95,21,2,9,14,0
U08820,25,Web,17,8.5,42,12,2,33,9,0
U08821,41,Web,20,8.0,71,11,0,25,8,0
U08822,35,Web,25,15.6,78,20,0,13,14,0
U08823,49,Android,10,8.0,18,3,0,31,2,1
U08824,20,Web,11,1.5,21,3,0,31,1,0
U08825,52,Android,12,4.6,20,1,0,34,4,0
U08826,53,iOS,11,4.4,23,0,0,33,8,0
U08827,28,Android,18,6.0,44,6,0,28,6,1
U08828,25,iOS,24,13.4,66,10,1,28,8,0
U08829,48,Android,8,4.0,16,5,1,30,7,0
U08830,30,Android,2,0.5,1,0,1,45,0,1
U08831,63,Android,19,14.6,56,9,1,18,7,0
U08832,55,Android,11,5.7,21,2,0,29,5,0
U08833,63,Android,24,13.9,73,18,7,14,14,0
U08834,43,Web,19,7.1,46,7,1,34,13,0
U08835,63,iOS,3,1.9,8,0,0,41,1,1
U08836,18,iOS,34,15.3,117,23,4,7,10,0
U08837,31,Web,19,7.7,52,11,0,23,6,0
U08838,18,Android,10,5.5,22,3,1,30,4,0
U08839,50,iOS,23,11.9,74,15,2,18,14,0
U08840,42,iOS,12,6.3,30,4,1,24,7,1
U08841,31,Android,19,13.5,60,10,2,16,7,0
U08842,32,iOS,13,4.9,27,1,0,33,3,0
U08843,48,iOS,27,9.4,73,8,2,26,10,0
U08844,26,iOS,26,16.2,88,24,4,12,7,0
U08845,42,iOS,24,12.2,76,15,3,18,10,0
U08846,47,Android,22,11.2,66,17,4,16,8,0
U08847,29,iOS,13,0.5,16,0,0,40,4,0
U08848,28,Android,32,13.6,96,24,7,4,8,0
U08849,35,Web,5,4.6,4,0,0,55,0,1
U08850,46,Android,9,7.2,30,6,0,30,4,0
U08851,30,iOS,16,9.2,17,1,0,46,4,1
U08852,36,iOS,30,13.8,106,22,2,5,15,0
U08853,44,Android,25,11.3,67,19,3,16,6,0
U08854,26,Android,25,14.5,81,17,1,28,6,0
U08855,45,Android,13,4.8,35,2,0,38,4,1
U08856,24,iOS,23,12.8,52,9,3,23,5,0
U08857,24,Web,12,2.8,16,3,1,39,4,1
U08858,29,Android,8,3.9,12,1,0,38,11,0
U08859,31,iOS,10,3.0,25,2,0,39,3,0
U08860,19,Web,13,7.6,31,4,0,36,3,0
U08861,64,iOS,9,1.9,14,3,0,39,3,1
U08862,32,Web,12,10.6,29,5,1,30,6,1
U08863,56,Android,10,0.6,22,3,0,36,2,0
U08864,61,Android,18,8.5,61,18,2,29,10,0
U08865,56,Android,19,7.4,51,8,0,29,6,0
U08866,57,Android,18,9.9,42,8,1,29,11,0
U08867,22,iOS,15,4.2,31,4,0,29,6,0
U08868,35,Web,19,13.8,60,16,1,12,10,0
U08869,53,Android,0,5.2,1,0,1,40,4,1
U08870,45,Web,30,15.1,90,27,0,7,9,0
U08871,18,Android,4,8.6,6,0,0,46,2,1
U08872,45,Android,14,8.0,29,5,0,33,8,0
U08873,56,Web,14,7.8,39,3,0,25,8,0
U08874,57,Web,14,3.4,23,1,0,40,2,0
U08875,36,iOS,10,0.6,21,3,0,37,3,0
U08876,29,Android,19,12.8,58,14,2,24,5,0
U08877,32,Android,34,11.4,101,24,4,4,17,0
U08878,32,Android,20,12.0,47,14,1,23,5,0
U08879,34,iOS,17,8.5,50,13,2,22,7,0
U08880,32,Android,15,4.6,37,7,3,26,8,0
U08881,39,iOS,10,1.8,29,7,2,28,1,1
U08882,19,Android,38,17.4,122,41,7,0,13,0
U08883,31,iOS,30,18.0,80,27,5,5,20,0
U08884,33,Android,18,11.5,52,14,2,19,9,0
U08885,25,iOS,20,9.8,69,21,6,34,13,0
U08886,60,iOS,32,9.1,89,21,2,17,9,0
U08887,50,Web,19,7.3,42,9,3,29,5,0
U08888,61,Web,28,16.3,100,24,3,11,9,0
U08889,44,iOS,24,8.9,66,12,3,18,8,0
U08890,23,Android,21,8.6,72,11,1,19,8,0
U08891,61,Web,24,7.5,63,14,2,19,11,0
U08892,39,Web,17,8.7,49,10,0,23,10,0
U08893,50,Web,6,6.8,13,2,0,41,2,1
U08894,36,iOS,22,11.9,48,6,0,20,4,0
U08895,41,Android,17,10.0,56,15,2,16,10,0
U08896,41,iOS,20,10.7,38,11,3,22,9,0
U08897,31,Android,26,11.7,65,16,3,21,4,0
U08898,44,Android,11,7.9,29,4,1,26,9,1
U08899,53,Android,20,5.9,50,8,0,29,15,0
U08900,18,iOS,27,9.3,86,25,2,23,8,0
U08901,24,Android,9,0.5,21,1,0,41,5,1
U08902,58,iOS,22,14.5,67,18,3,13,15,0
U08903,45,iOS,9,7.2,9,1,0,47,2,0
U08904,64,iOS,6,10.4,16,2,1,36,7,1
U08905,47,Android,13,7.2,27,5,0,30,5,0
U08906,49,Web,7,3.3,15,1,0,35,1,1
U08907,61,Android,6,5.4,15,4,0,65,1,1
U08908,49,Android,13,5.1,31,7,0,35,4,0
U08909,33,iOS,15,12.4,39,10,0,34,11,0
U08910,43,Android,42,17.8,124,33,9,3,15,0
U08911,29,iOS,20,5.2,59,10,0,21,3,0
U08912,34,Android,18,13.9,56,13,2,14,12,0
U08913,50,Web,5,0.5,13,2,0,42,2,1
U08914,25,Android,31,12.6,98,22,1,21,13,0
U08915,50,Web,4,6.5,4,0,0,43,3,1
U08916,46,iOS,23,6.5,71,13,2,21,4,0
U08917,32,Android,21,11.3,64,14,3,23,9,0
U08918,20,iOS,17,5.9,37,6,0,30,6,1
U08919,51,Android,16,8.3,30,6,0,28,10,0
U08920,57,Web,8,7.8,15,0,0,32,5,1
U08921,53,iOS,19,9.7,54,14,5,26,11,0
U08922,38,iOS,21,10.1,63,10,2,34,4,0
U08923,49,Android,11,4.4,19,7,2,40,1,0
U08924,37,Web,3,2.2,11,0,0,49,1,1
U08925,35,iOS,5,1.1,6,1,0,50,2,0
U08926,33,iOS,15,11.2,34,5,0,25,6,0
U08927,28,Android,20,12.5,59,13,3,21,8,0
U08928,64,Android,18,10.8,53,12,2,21,4,0
U08929,49,iOS,18,13.6,61,15,1,18,8,0
U08930,26,iOS,2,2.3,1,0,1,48,1,1
U08931,59,Web,15,8.9,41,6,1,30,6,0
U08932,25,iOS,5,0.5,12,2,0,63,4,1
U08933,46,iOS,14,8.4,48,9,0,25,11,0
U08934,25,iOS,19,12.2,51,13,0,23,6,0
U08935,35,iOS,35,12.2,99,24,4,8,14,0
U08936,49,Android,28,12.0,79,18,3,8,11,0
U08937,65,Web,19,12.0,56,14,0,23,7,0
U08938,65,Android,11,3.4,16,0,0,33,6,0
U08939,60,iOS,31,16.9,120,34,8,0,14,0
U08940,29,Web,28,10.0,92,19,1,11,6,0
U08941,22,iOS,8,7.5,16,0,0,57,1,0
U08942,61,Android,7,4.3,16,1,0,40,1,0
U08943,62,iOS,10,7.5,28,3,0,33,4,1
U08944,31,Android,26,12.9,87,24,0,17,13,0
U08945,18,Android,6,5.7,15,2,0,38,3,0
U08946,49,iOS,20,10.5,56,8,1,38,13,0
U08947,21,Web,23,11.9,72,14,0,17,4,0
U08948,19,Android,29,11.6,74,13,0,23,12,0
U08949,62,Web,22,15.4,51,11,1,11,11,0
U08950,41,Android,23,12.6,65,15,4,29,11,0
U08951,23,Web,32,21.3,133,42,10,0,18,0
U08952,49,iOS,26,14.7,75,14,1,14,10,0
U08953,35,Web,8,9.3,17,1,0,44,1,0
U08954,43,Web,8,3.9,19,2,0,36,4,1
U08955,61,Web,12,4.8,27,3,0,33,6,1
U08956,29,iOS,20,12.2,73,21,3,8,16,0
U08957,49,Android,15,9.0,42,3,0,20,6,0
U08958,57,Android,8,3.7,22,2,0,36,8,0
U08959,38,iOS,27,14.5,90,18,1,16,9,0
U08960,64,Android,15,8.7,34,6,2,26,7,0
U08961,39,Web,21,11.3,54,8,0,19,6,0
U08962,40,Android,29,13.5,105,26,5,5,12,0
U08963,60,Web,9,1.9,21,5,0,36,7,1
U08964,48,iOS,11,5.9,23,2,1,35,11,0
U08965,59,Web,11,12.2,26,5,0,32,4,1
U08966,55,Web,8,7.1,23,4,0,37,3,1
U08967,52,Android,21,9.3,49,10,1,26,0,0
U08968,29,iOS,24,6.3,65,12,1,28,6,0
U08969,37,Android,21,8.0,53,6,1,32,5,0
U08970,59,Web,13,3.2,19,4,1,36,2,1
U08971,47,Web,17,7.3,50,7,2,23,10,0
U08972,31,Android,4,3.7,8,0,0,55,1,1
U08973,33,Android,30,11.7,96,17,2,11,6,0
U08974,55,Android,12,4.6,31,7,1,36,2,0
U08975,26,Android,24,8.0,69,17,3,19,13,0
U08976,23,Web,10,3.2,14,0,0,44,5,1
U08977,54,Android,28,2.1,84,25,2,17,12,0
U08978,31,Web,21,10.2,62,10,0,22,7,0
U08979,54,Web,40,14.7,130,30,2,10,15,0
U08980,43,Web,23,12.1,78,25,4,15,9,0
U08981,65,iOS,3,6.0,6,0,0,42,1,1
U08982,43,Android,12,3.6,25,1,0,37,0,0
U08983,59,Web,8,1.1,13,4,0,38,1,1
U08984,58,iOS,21,13.0,60,10,2,21,12,0
U08985,28,Web,17,6.3,44,9,0,29,2,0
U08986,65,Android,18,6.6,33,7,0,30,5,0
U08987,53,Android,22,4.9,63,12,0,24,12,0
U08988,23,Web,27,11.3,94,11,3,12,12,0
U08989,18,Web,8,7.6,18,0,0,30,9,0
U08990,31,Android,19,7.9,48,8,0,30,6,0
U08991,18,iOS,24,7.9,50,7,2,20,11,0
U08992,35,Android,18,9.7,62,7,0,32,6,0
U08993,65,iOS,21,9.0,65,7,2,23,10,0
U08994,40,Android,25,13.0,75,18,3,18,6,0
U08995,19,Android,26,4.8,68,14,1,18,6,0
U08996,41,Android,8,9.5,19,3,1,40,3,1
U08997,28,Android,17,9.1,52,17,4,30,4,0
U08998,59,iOS,12,4.0,23,0,1,40,3,1
U08999,22,Android,13,7.2,22,3,1,31,8,1
U09000,54,iOS,25,10.0,91,19,1,29,17,0
U09001,39,iOS,15,8.6,31,4,0,40,5,1
U09002,18,iOS,12,5.2,26,6,1,30,2,0
U09003,50,iOS,13,6.9,27,1,0,32,4,0
U09004,39,Android,34,13.6,99,38,8,8,16,0
U09005,55,Android,28,12.3,70,13,4,12,15,0
U09006,47,Web,37,13.5,122,37,7,1,16,0
U09007,55,Web,26,9.1,74,24,3,14,15,0
U09008,40,Web,3,6.3,9,1,0,41,1,1
U09009,18,Web,5,1.7,8,0,0,41,0,1
U09010,24,iOS,22,16.4,74,23,3,13,7,0
U09011,40,Web,11,8.3,31,4,0,35,6,0
U09012,37,Android,17,5.2,38,6,0,40,7,0
U09013,56,iOS,16,9.3,35,3,1,30,5,0
U09014,37,Web,16,9.1,43,11,2,29,9,0
U09015,59,iOS,9,2.6,19,1,0,54,3,1
U09016,27,Android,15,8.2,41,8,0,25,9,0
U09017,36,Android,8,5.0,15,4,0,32,6,1
U09018,54,Android,24,12.6,72,18,2,27,12,0
U09019,23,Android,22,10.0,67,18,1,12,14,0
U09020,33,Web,5,6.6,11,1,0,34,2,1
U09021,54,iOS,17,11.1,49,11,0,14,13,0
U09022,46,Android,12,12.5,45,12,1,28,5,0
U09023,55,iOS,19,10.2,44,8,0,18,13,0
U09024,42,Android,34,14.1,104,26,5,4,12,0
U09025,59,iOS,23,11.1,76,18,4,18,11,0
U09026,60,Android,17,7.4,46,5,0,27,10,0
U09027,64,iOS,28,16.3,112,36,6,3,15,0
U09028,23,iOS,25,10.0,75,14,3,12,8,0
U09029,46,iOS,18,14.4,44,11,1,25,12,0
U09030,23,iOS,19,12.5,56,10,1,21,12,0
U09031,28,Android,22,14.7,55,11,1,15,7,0
U09032,32,iOS,18,13.9,60,11,0,20,7,0
U09033,49,Android,22,10.8,53,13,3,21,7,0
U09034,38,iOS,9,10.0,27,2,0,31,3,1
U09035,59,iOS,36,19.2,122,37,8,2,9,0
U09036,32,iOS,26,13.3,76,10,1,18,9,0
U09037,47,Web,21,9.4,60,9,2,31,7,0
U09038,54,Android,25,10.6,65,21,3,13,9,0
U09039,65,Web,3,6.1,8,0,0,41,1,1
U09040,29,Android,27,7.1,57,9,0,18,11,0
U09041,53,iOS,24,9.7,54,12,2,14,14,0
U09042,22,Web,6,0.5,16,2,0,43,3,1
U09043,44,iOS,33,12.7,91,16,4,18,7,0
U09044,37,Web,27,7.6,70,10,0,19,9,0
U09045,64,Web,3,2.3,11,2,0,45,1,1
U09046,55,Android,18,4.2,41,5,0,36,3,0
U09047,62,Web,10,1.3,23,0,0,43,1,1
U09048,58,Web,29,13.7,87,23,3,10,10,0
U09049,37,Android,9,3.9,19,1,0,39,3,0
U09050,53,Android,16,10.1,49,11,0,17,6,0
U09051,19,Android,18,7.0,55,11,0,18,8,0
U09052,44,Web,9,1.7,18,3,1,37,1,1
U09053,20,Web,10,8.2,34,8,1,21,7,0
U09054,52,Web,11,8.6,18,3,0,28,8,0
U09055,64,Android,28,22.0,99,28,5,3,18,0
U09056,50,Android,20,11.2,70,17,1,17,11,0
U09057,58,iOS,16,13.9,44,11,1,34,8,0
U09058,29,Android,13,10.8,46,6,0,28,6,0
U09059,65,Android,21,9.7,78,24,7,8,10,0
U09060,44,Android,6,6.2,10,2,0,39,2,0
U09061,50,Android,14,10.1,37,5,0,29,6,0
U09062,54,Android,29,17.8,105,20,2,4,7,0
U09063,48,iOS,9,4.4,24,1,0,29,5,0
U09064,33,Android,31,12.8,89,17,2,26,10,0
U09065,47,Android,31,16.7,100,28,5,3,10,0
U09066,49,iOS,30,17.8,125,34,1,0,22,0
U09067,59,Web,1,0.5,6,1,0,44,2,1
U09068,41,iOS,15,3.5,33,3,0,25,3,0
U09069,42,iOS,6,6.3,13,1,0,40,5,1
U09070,42,iOS,11,7.3,22,4,1,32,5,0
U09071,23,iOS,11,7.2,25,4,1,23,3,0
U09072,22,iOS,12,8.3,26,3,0,30,4,0
U09073,18,iOS,19,10.9,64,16,0,14,10,0
U09074,49,iOS,36,12.3,122,33,6,6,12,0
U09075,38,iOS,31,13.5,87,17,3,12,6,0
U09076,59,Android,18,4.4,45,10,0,22,6,0
U09077,51,Android,18,10.0,45,3,0,24,9,0
U09078,24,Android,18,8.8,62,15,4,15,7,0
U09079,22,Android,19,7.2,64,18,0,21,3,1
U09080,35,iOS,13,7.4,31,6,0,25,4,0
U09081,62,iOS,20,10.8,49,9,2,26,7,0
U09082,20,Android,25,6.0,76,13,0,15,6,0
U09083,26,Android,16,11.1,41,8,0,34,8,0
U09084,19,Android,9,8.8,22,2,0,34,3,0
U09085,37,iOS,21,9.4,47,12,4,29,6,0
U09086,65,Android,30,16.3,103,24,3,0,11,0
U09087,50,Android,29,9.5,79,16,1,25,4,0
U09088,41,Android,25,7.5,79,22,2,25,12,0
U09089,24,iOS,11,6.1,20,4,0,49,4,1
U09090,35,Android,10,6.4,19,1,1,33,7,0
U09091,43,iOS,21,20.2,52,9,2,15,10,0
U09092,31,iOS,5,10.3,15,1,0,34,4,0
U09093,51,Web,16,6.1,26,4,0,37,7,0
U09094,65,iOS,3,0.5,6,0,0,43,0,1
U09095,27,Android,24,14.4,98,17,3,24,18,0
U09096,30,Android,13,7.6,32,10,0,31,3,0
U09097,24,iOS,31,13.9,108,27,6,8,12,0
U09098,52,Android,7,0.7,8,1,0,48,5,1
U09099,40,Web,12,1.4,26,2,0,39,7,1
U09100,31,iOS,10,7.5,29,6,2,35,3,0
U09101,28,Android,16,6.5,38,7,1,25,9,0
U09102,21,Android,22,9.7,52,15,2,27,10,0
U09103,40,Web,5,2.4,11,1,0,48,2,1
U09104,50,Web,8,5.4,14,2,0,41,4,1
U09105,29,Web,28,10.1,110,17,0,8,8,0
U09106,18,Android,6,8.3,7,1,0,39,6,1
U09107,40,iOS,21,11.8,61,9,2,13,5,0
U09108,50,Android,21,7.5,43,12,3,33,5,0
U09109,34,Android,22,10.2,65,12,0,33,10,0
U09110,30,iOS,17,5.4,34,8,1,33,4,0
U09111,25,Web,39,16.0,131,37,2,0,10,0
U09112,53,Android,14,6.7,26,5,1,35,3,0
U09113,59,iOS,25,8.0,57,9,0,28,8,0
U09114,54,Android,21,15.2,71,17,0,7,12,0
U09115,42,Android,23,13.3,74,11,0,19,14,0
U09116,52,Android,17,17.6,45,9,3,16,8,0
U09117,37,Web,2,4.4,6,0,0,61,1,1
U09118,19,Android,23,12.3,70,14,1,23,12,0
U09119,35,iOS,26,7.7,69,18,3,17,11,0
U09120,51,Android,16,8.9,39,4,0,23,11,0
U09121,49,iOS,30,8.6,85,9,1,15,5,0
U09122,65,Android,9,3.2,18,1,0,40,6,0
U09123,65,Android,13,7.6,26,7,0,33,1,0
U09124,29,iOS,18,7.0,51,19,1,21,2,0
U09125,18,iOS,30,12.1,114,33,8,26,7,0
U09126,31,Web,13,1.0,30,3,0,32,3,0
U09127,60,Android,19,10.2,46,14,2,26,10,0
U09128,57,iOS,20,10.0,40,8,0,27,7,0
U09129,22,Web,12,4.1,36,10,1,29,4,0
U09130,25,Android,15,12.0,45,11,3,18,9,0
U09131,45,Web,15,7.1,32,7,0,53,6,0
U09132,49,Web,11,8.9,22,5,2,33,4,0
U09133,65,Web,21,12.9,65,17,2,17,13,0
U09134,54,iOS,11,4.2,29,7,0,32,5,0
U09135,28,iOS,15,6.7,40,3,1,29,4,1
U09136,19,iOS,16,5.6,44,7,0,41,7,0
U09137,48,iOS,30,14.0,115,28,2,6,19,0
U09138,44,Web,26,6.7,76,12,1,40,10,0
U09139,62,Android,15,8.9,37,5,1,31,5,0
U09140,45,iOS,7,3.7,12,0,0,52,5,1
U09141,42,iOS,22,4.3,66,13,2,31,5,0
U09142,32,Android,32,15.3,102,17,5,13,8,0
U09143,22,iOS,11,9.3,24,5,0,41,7,0
U09144,60,iOS,30,13.9,101,24,3,7,14,0
U09145,57,iOS,28,10.1,79,15,6,11,9,0
U09146,25,Web,8,7.5,13,1,0,48,3,0
U09147,51,Android,19,6.1,46,8,3,32,6,0
U09148,35,Web,25,14.2,61,15,0,11,7,0
U09149,38,iOS,13,7.5,36,7,0,40,11,0
U09150,58,Web,8,1.1,14,2,1,46,3,0
U09151,58,Android,11,6.2,15,2,0,38,3,1
U09152,27,Android,23,11.8,63,15,2,12,14,0
U09153,32,Web,26,12.5,82,20,5,10,10,0
U09154,57,Android,18,9.5,67,16,2,25,10,0
U09155,62,Android,18,14.3,55,15,2,21,7,0
U09156,21,iOS,30,9.6,95,26,2,19,9,0
U09157,58,iOS,18,13.8,62,11,2,18,10,0
U09158,41,Web,14,7.4,34,7,0,39,5,1
U09159,46,iOS,22,16.4,71,18,1,7,15,0
U09160,21,Web,22,13.8,63,13,0,24,7,0
U09161,50,iOS,20,9.4,49,16,4,20,9,0
U09162,50,iOS,25,8.7,78,19,5,29,10,0
U09163,49,Web,12,3.5,16,5,0,33,7,0
U09164,55,iOS,17,7.4,44,5,0,24,8,0
U09165,63,Android,18,10.5,43,7,0,29,16,0
U09166,58,Android,24,9.2,68,15,1,13,12,0
U09167,53,iOS,20,13.1,59,13,2,16,8,0
U09168,65,iOS,26,15.5,109,36,3,22,9,0
U09169,50,iOS,6,7.3,11,1,1,31,3,1
U09170,50,iOS,10,5.7,21,4,0,36,7,0
U09171,44,Web,21,14.5,77,22,6,15,17,0
U09172,54,Android,20,5.7,53,8,1,25,4,0
U09173,21,iOS,9,8.8,15,1,0,38,4,1
U09174,42,iOS,20,14.4,59,9,1,12,13,0
U09175,38,Android,31,9.8,77,19,1,12,15,0
U09176,61,iOS,17,6.2,27,6,1,40,7,0
U09177,21,iOS,16,8.7,42,8,1,25,8,0
U09178,48,Web,3,0.5,4,0,0,45,0,1
U09179,26,iOS,13,11.1,31,9,1,28,8,0
U09180,60,Android,11,4.0,30,6,0,31,2,0
U09181,58,iOS,18,12.6,50,11,2,27,10,0
U09182,29,Web,12,7.4,28,6,0,44,3,0
U09183,59,iOS,27,10.8,93,20,2,19,16,0
U09184,41,Android,20,6.5,43,6,1,25,6,0
U09185,64,Web,20,9.2,59,12,3,21,13,0
U09186,53,Android,9,3.4,24,6,0,35,2,0
U09187,19,Android,27,15.5,103,25,4,3,17,0
U09188,27,Android,10,7.0,26,4,0,32,8,0
U09189,37,iOS,10,7.7,26,6,0,31,4,1
U09190,28,Web,22,12.5,67,10,2,18,12,0
U09191,24,Android,26,17.8,69,18,5,3,19,0
U09192,64,iOS,4,5.0,4,1,0,43,0,1
U09193,59,iOS,16,8.5,40,7,1,32,8,0
U09194,38,Web,12,5.0,24,1,0,35,1,0
U09195,28,Web,12,5.4,29,5,0,29,5,0
U09196,26,iOS,10,3.2,25,4,1,29,8,0
U09197,61,Android,4,3.4,13,4,0,41,2,0
U09198,33,Android,14,9.6,34,7,1,21,11,0
U09199,18,Web,23,7.8,52,10,0,24,9,0
U09200,37,iOS,37,13.1,153,41,6,0,21,0
U09201,39,iOS,19,10.7,64,15,3,10,12,0
U09202,47,Web,27,10.6,74,22,3,17,14,0
U09203,34,Web,20,16.3,52,7,1,26,8,0
U09204,62,iOS,26,10.8,88,19,1,11,11,0
U09205,48,Web,22,8.9,60,12,2,28,11,0
U09206,65,Android,22,9.1,61,9,1,27,10,0
U09207,35,iOS,35,21.1,132,38,7,0,17,0
U09208,49,Web,6,1.8,17,2,0,41,3,0
U09209,35,Android,18,4.1,48,12,1,23,9,0
U09210,51,Android,12,3.4,25,6,1,32,8,0
U09211,53,iOS,26,9.2,70,11,3,19,11,0
U09212,33,iOS,17,12.7,46,9,0,28,4,0
U09213,63,Android,24,9.0,76,9,1,15,11,0
U09214,59,Android,10,7.4,21,3,0,35,5,1
U09215,60,Android,17,10.0,62,16,0,25,4,0
U09216,28,Android,13,6.9,25,4,0,36,2,0
U09217,52,Web,18,10.6,54,15,2,11,13,0
U09218,23,iOS,22,6.9,30,3,0,33,3,0
U09219,23,iOS,18,9.3,43,6,1,25,10,0
U09220,64,Android,17,4.7,52,13,4,22,7,0
U09221,25,Android,38,14.8,117,30,3,0,13,0
U09222,59,Android,25,9.9,56,13,1,16,5,0
U09223,38,Web,32,16.4,93,24,4,3,16,0
U09224,32,Web,23,16.9,67,14,1,18,8,0
U09225,21,Android,15,8.5,43,10,0,32,10,0
U09226,50,Web,9,0.5,21,1,0,35,7,1
U09227,52,Android,16,6.6,36,7,0,27,3,0
U09228,40,Android,23,11.5,67,13,0,15,10,0
U09229,56,iOS,21,11.1,58,14,2,26,6,0
U09230,33,Android,17,8.3,31,5,1,23,5,1
U09231,44,Web,18,8.8,42,7,0,16,8,0
U09232,31,Android,18,10.7,44,10,0,25,10,0
U09233,45,iOS,12,5.9,18,3,1,45,4,1
U09234,24,Android,13,7.3,38,7,0,28,6,0
U09235,40,Android,27,8.4,68,12,3,20,7,0
U09236,44,Android,5,5.7,10,3,0,43,2,0
U09237,44,Web,23,12.1,55,11,3,13,8,0
U09238,39,iOS,4,3.6,10,0,0,46,2,0
U09239,48,iOS,32,15.3,85,19,5,8,13,0
U09240,42,Android,11,4.0,23,0,0,41,5,0
U09241,31,Android,32,17.1,104,27,5,5,4,0
U09242,28,Android,23,11.3,91,16,4,14,11,0
U09243,49,Web,7,1.4,15,1,1,55,3,1
U09244,63,Android,40,14.3,122,35,13,2,10,0
U09245,54,Android,36,9.0,108,30,5,5,8,0
U09246,48,iOS,32,19.3,138,46,7,0,16,0
U09247,62,iOS,15,9.9,39,4,1,30,7,0
U09248,61,Android,23,15.6,43,10,1,31,8,0
U09249,42,Android,22,13.8,67,18,0,23,8,0
U09250,23,Android,4,8.1,14,4,1,43,1,1
U09251,48,iOS,19,12.9,59,18,3,15,10,0
U09252,47,Android,16,11.6,38,7,3,29,12,0
U09253,31,iOS,28,15.8,87,22,4,7,10,0
U09254,58,Android,22,14.0,63,16,3,17,10,0
U09255,59,Web,1,0.5,5,0,0,42,1,1
U09256,33,Web,18,7.5,50,15,0,21,7,0
U09257,40,Android,5,2.4,13,2,0,65,1,1
U09258,27,iOS,17,11.1,52,8,2,24,4,0
U09259,26,Android,16,8.7,40,5,1,43,5,1
U09260,30,Web,15,6.4,43,10,2,38,8,0
U09261,35,iOS,10,2.7,17,6,2,30,4,0
U09262,31,iOS,31,16.3,122,31,7,0,14,0
U09263,25,Android,10,2.7,24,1,0,41,3,0
U09264,39,Android,15,7.6,41,8,1,31,3,0
U09265,47,iOS,24,10.1,60,8,0,16,9,0
U09266,33,iOS,23,11.3,70,15,0,12,12,0
U09267,43,Web,8,9.0,25,4,0,34,9,0
U09268,31,Web,31,14.2,99,19,0,16,11,0
U09269,51,iOS,20,8.3,41,8,2,29,7,1
U09270,49,iOS,32,13.5,99,28,6,7,10,0
U09271,64,Web,27,17.3,83,24,4,8,9,0
U09272,20,Web,11,13.3,34,6,1,18,11,0
U09273,58,Web,13,8.9,35,3,0,46,3,1
U09274,34,Web,10,4.5,20,3,1,46,3,0
U09275,21,Android,27,18.6,122,36,8,0,14,0
U09276,51,iOS,27,13.0,83,17,5,24,11,0
U09277,26,iOS,18,2.1,32,6,1,30,5,0
U09278,26,Android,30,11.4,93,19,3,18,10,0
U09279,65,iOS,32,22.1,110,37,6,0,9,0
U09280,28,Android,20,13.9,68,16,2,20,5,0
U09281,44,iOS,20,7.4,48,8,2,23,3,0
U09282,27,Android,12,3.9,33,6,1,37,6,0
U09283,23,iOS,41,17.3,142,40,5,10,14,0
U09284,18,iOS,16,1.0,43,2,0,32,4,0
U09285,18,iOS,17,9.2,34,8,0,24,10,0
U09286,40,Android,21,14.9,60,17,2,7,14,0
U09287,38,iOS,24,11.1,70,17,1,27,11,0
U09288,19,Android,33,18.1,113,33,5,10,7,0
U09289,34,Android,18,11.5,45,5,0,25,8,0
U09290,31,Android,32,16.9,93,26,4,4,12,0
U09291,45,Web,11,10.1,28,3,0,30,2,0
U09292,65,Android,21,8.3,57,10,2,30,7,0
U09293,51,iOS,15,9.2,35,7,1,19,10,0
U09294,62,Web,22,8.4,67,14,1,25,7,0
U09295,27,Android,31,17.6,95,29,2,15,11,0
U09296,28,Web,15,7.1,51,14,1,52,8,0
U09297,54,Android,21,6.4,59,10,0,24,6,0
U09298,32,Android,39,15.6,135,51,10,0,13,0
U09299,58,Android,24,14.6,75,17,2,11,11,0
U09300,40,iOS,19,7.0,51,8,2,25,7,0
U09301,27,Web,25,14.6,84,19,3,6,7,0
U09302,58,iOS,41,22.4,172,49,4,0,12,0
U09303,44,iOS,8,3.0,15,1,0,33,4,0
U09304,56,Android,28,13.4,91,21,3,14,13,0
U09305,39,Web,8,2.2,18,2,0,43,1,1
U09306,24,iOS,25,11.8,76,12,1,20,11,0
U09307,50,Android,17,10.5,54,13,1,20,9,0
U09308,23,Web,12,16.2,50,8,1,16,15,0
U09309,49,Android,7,6.1,13,1,1,37,4,0
U09310,38,Android,9,6.1,22,5,0,26,5,1
U09311,55,Android,25,15.5,77,22,3,4,13,0
U09312,59,Android,12,4.7,32,8,0,22,5,0
U09313,37,Web,1,3.3,5,0,0,54,0,1
U09314,60,iOS,19,15.2,51,8,0,22,10,0
U09315,23,Web,25,12.2,86,13,2,8,21,0
U09316,23,Android,18,9.0,42,11,1,20,5,0
U09317,65,iOS,19,8.6,48,8,1,18,5,0
U09318,45,iOS,33,17.5,102,29,4,8,15,0
U09319,39,iOS,16,11.1,43,5,1,26,7,0
U09320,25,iOS,27,11.4,77,17,2,11,13,0
U09321,31,iOS,21,11.2,69,16,2,15,13,0
U09322,50,iOS,14,7.5,44,8,1,24,7,0
U09323,57,Web,19,6.4,54,13,4,23,5,0
U09324,61,Android,37,16.8,158,46,10,0,13,0
U09325,37,iOS,35,18.1,125,42,9,0,15,0
U09326,39,iOS,32,11.7,95,23,3,13,14,0
U09327,25,Android,19,8.1,46,6,1,29,6,0
U09328,21,Android,18,8.4,37,5,0,31,0,0
U09329,39,Web,10,5.8,20,2,1,38,6,1
U09330,45,Android,20,16.1,58,12,4,13,9,0
U09331,23,Android,17,8.5,33,5,1,26,10,0
U09332,37,iOS,36,14.6,102,22,4,16,10,0
U09333,48,Android,24,13.5,79,18,2,15,13,0
U09334,56,Android,29,5.6,90,27,4,19,9,0
U09335,63,Android,11,10.7,22,4,0,25,7,1
U09336,34,Android,4,9.7,7,0,0,59,6,1
U09337,36,Android,11,9.3,23,2,0,29,5,0
U09338,59,Web,21,6.2,55,13,3,20,8,0
U09339,51,Android,28,18.6,102,31,6,0,12,0
U09340,31,Android,33,9.3,109,18,2,11,10,0
U09341,50,iOS,15,11.5,36,6,0,28,8,0
U09342,25,Android,16,14.5,51,15,1,12,10,0
U09343,39,Android,24,10.3,65,16,3,14,10,0
U09344,32,Android,7,6.2,25,6,1,34,9,0
U09345,65,Android,17,7.3,28,5,1,32,4,0
U09346,19,Android,4,5.9,7,0,1,41,2,1
U09347,59,Android,23,14.7,84,18,3,14,13,0
U09348,31,Web,8,3.2,15,0,0,33,4,0
U09349,19,Web,12,3.4,27,3,0,31,7,0
U09350,49,Web,16,9.0,35,8,1,33,3,0
U09351,50,Android,18,5.4,37,6,1,24,11,0
U09352,24,iOS,19,7.4,52,7,1,28,11,0
U09353,19,iOS,33,10.2,92,20,0,15,5,0
U09354,23,Android,19,7.5,49,8,1,29,10,0
U09355,37,Web,16,4.6,36,11,2,24,6,0
U09356,24,iOS,16,6.9,31,6,1,27,11,0
U09357,51,Android,5,0.5,8,1,1,40,5,1
U09358,21,Web,18,10.0,38,11,0,27,7,0
U09359,55,Android,19,8.7,46,6,1,25,5,0
U09360,59,iOS,13,9.1,12,1,0,61,6,1
U09361,52,Android,17,9.7,43,8,0,26,4,0
U09362,63,Android,16,7.2,29,7,1,32,5,0
U09363,63,Web,13,5.3,27,1,0,27,6,0
U09364,20,iOS,24,10.5,61,21,2,14,13,0
U09365,34,Android,26,13.3,88,24,5,13,13,0
U09366,54,iOS,23,15.2,69,17,5,15,11,0
U09367,34,Web,12,6.3,29,3,0,30,5,0
U09368,53,Web,14,7.4,43,7,1,38,7,0
U09369,55,Web,9,6.1,15,1,0,34,6,0
U09370,65,Web,10,1.9,22,3,0,32,4,0
U09371,33,iOS,21,8.4,66,16,0,16,13,0
U09372,34,Android,41,13.1,136,28,4,7,9,0
U09373,19,Web,9,6.2,25,3,1,32,7,0
U09374,31,Android,31,15.2,105,31,10,5,12,0
U09375,31,Android,8,5.6,18,2,0,37,3,1
U09376,39,Android,29,13.4,74,17,3,18,8,0
U09377,38,Android,18,6.9,53,6,1,29,10,0
U09378,59,iOS,27,15.0,74,17,2,18,15,0
U09379,55,Web,2,0.5,5,0,0,42,2,1
U09380,52,iOS,44,13.7,175,48,7,0,12,0
U09381,18,iOS,31,16.5,112,25,7,5,17,0
U09382,40,Android,28,14.5,86,20,5,10,6,0
U09383,53,iOS,34,10.1,120,23,4,8,11,0
U09384,29,Android,13,4.8,25,4,0,37,2,0
U09385,38,Android,23,17.0,70,17,1,6,10,0
U09386,52,iOS,10,4.5,13,3,0,37,0,0
U09387,56,iOS,9,7.1,25,7,0,40,4,0
U09388,59,Android,19,9.2,57,8,0,18,5,0
U09389,38,Android,20,11.1,49,9,1,17,6,0
U09390,37,Android,21,14.8,71,16,2,7,10,0
U09391,36,iOS,17,8.8,42,10,2,32,6,0
U09392,50,Android,6,1.2,19,2,0,40,2,1
U09393,38,Android,15,7.1,40,5,0,28,4,0
U09394,37,Web,23,8.4,51,13,0,35,8,0
U09395,26,iOS,8,7.2,22,1,0,34,6,1
U09396,40,Android,32,14.5,94,26,6,8,10,0
U09397,29,iOS,14,10.5,38,8,1,36,4,1
U09398,43,Android,32,13.1,97,22,1,20,12,0
U09399,60,Android,42,15.1,172,47,10,4,17,0
U09400,55,iOS,25,11.9,77,14,2,13,9,0
U09401,40,Android,22,8.7,74,17,3,11,11,0
U09402,64,Android,16,2.8,35,5,0,33,2,1
U09403,65,Web,23,6.3,55,15,1,23,11,0
U09404,39,iOS,18,10.3,48,10,0,25,8,0
U09405,54,Web,30,13.0,104,34,2,2,11,0
U09406,34,Web,25,13.2,73,15,1,21,12,0
U09407,60,Android,19,7.6,48,8,2,27,6,0
U09408,35,iOS,14,7.6,29,3,0,41,5,0
U09409,30,Android,11,18.2,40,10,2,14,11,0
U09410,24,iOS,12,11.2,35,7,0,25,7,0
U09411,58,Android,27,9.7,76,19,2,28,12,0
U09412,32,Android,30,13.1,96,31,3,0,9,0
U09413,57,Android,17,5.9,41,9,2,25,10,0
U09414,22,iOS,16,12.6,46,12,3,17,9,0
U09415,42,Android,20,11.0,76,14,0,15,12,0
U09416,38,iOS,13,2.3,35,8,1,34,3,0
U09417,39,Web,3,3.8,12,0,0,52,2,1
U09418,26,iOS,10,7.2,21,5,0,39,5,0
U09419,21,Android,26,7.4,56,8,0,26,6,0
U09420,34,Android,15,6.4,32,7,1,26,5,0
U09421,40,Web,5,0.5,11,3,0,50,1,1
U09422,56,iOS,19,12.0,67,16,2,20,8,0
U09423,40,Android,17,8.9,50,6,0,23,5,0
U09424,29,Web,24,12.0,59,10,1,21,7,0
U09425,30,Android,22,11.7,76,20,2,16,15,0
U09426,47,Android,10,2.5,20,1,0,41,2,1
U09427,38,Android,7,6.8,22,6,1,34,10,1
U09428,61,Android,11,8.0,25,4,0,33,5,1
U09429,39,Android,14,8.2,31,7,1,20,13,0
U09430,45,iOS,15,10.2,60,11,3,21,7,0
U09431,21,Android,8,1.0,17,0,0,40,2,1
U09432,27,iOS,26,12.8,86,16,3,11,13,0
U09433,58,Web,10,4.5,29,7,1,38,3,0
U09434,34,Web,12,12.1,25,8,2,23,10,0
U09435,38,Android,14,9.4,34,10,2,28,10,0
U09436,46,iOS,17,2.7,32,6,0,31,9,0
U09437,20,Android,13,0.5,29,8,3,42,8,1
U09438,42,iOS,22,9.2,63,13,1,17,7,0
U09439,34,Android,32,14.2,102,35,5,13,11,0
U09440,25,iOS,21,11.6,50,12,1,24,4,0
U09441,38,Android,14,9.5,37,3,0,23,8,0
U09442,39,iOS,15,4.4,30,5,0,35,8,0
U09443,26,Android,25,11.4,61,16,1,21,7,0
U09444,44,Android,32,11.8,126,34,6,0,21,0
U09445,53,iOS,21,12.2,52,13,1,20,10,0
U09446,30,Android,23,15.3,78,28,3,7,10,0
U09447,64,iOS,8,3.6,14,3,0,35,7,0
U09448,47,iOS,16,13.0,42,11,0,26,8,0
U09449,55,iOS,10,9.5,29,4,0,39,5,0
U09450,21,iOS,14,6.0,34,4,0,36,4,0
U09451,54,iOS,6,7.3,14,2,1,31,2,1
U09452,34,Web,24,5.4,70,16,3,22,8,0
U09453,52,Android,15,7.7,40,8,1,29,4,0
U09454,56,iOS,14,10.1,32,6,1,27,4,0
U09455,30,iOS,14,8.7,36,7,1,27,6,0
U09456,30,Android,24,11.5,66,12,5,19,10,0
U09457,20,Android,23,8.2,64,9,1,25,2,0
U09458,47,Android,10,9.2,28,4,0,32,7,1
U09459,55,iOS,18,9.1,44,9,0,24,10,0
U09460,37,Android,22,10.3,56,8,1,18,10,0
U09461,25,iOS,14,3.0,33,5,0,34,8,0
U09462,33,iOS,8,3.4,15,0,0,37,2,0
U09463,37,iOS,18,11.2,63,13,1,17,6,0
U09464,61,Android,12,7.0,33,6,0,32,3,0
U09465,23,iOS,5,2.8,7,1,0,45,4,1
U09466,34,iOS,11,7.1,20,1,0,49,3,1
U09467,48,Android,7,11.3,13,3,0,23,8,0
U09468,29,Android,14,12.0,38,9,1,32,6,0
U09469,60,Android,10,5.5,19,5,1,36,2,0
U09470,61,Web,17,4.7,35,7,1,28,6,0
U09471,36,Android,33,12.4,115,28,4,1,11,0
U09472,53,Android,14,4.5,36,8,0,37,7,0
U09473,54,Android,8,1.5,17,2,1,49,3,1
U09474,50,Android,25,7.0,73,15,2,24,11,0
U09475,26,Android,9,3.2,20,2,1,42,1,1
U09476,20,iOS,12,9.8,31,7,0,28,8,0
U09477,34,iOS,20,10.0,68,11,1,21,9,0
U09478,24,Web,9,10.5,15,4,0,33,7,0
U09479,32,Android,18,11.4,49,11,3,20,8,0
U09480,48,iOS,15,7.3,39,4,0,28,7,0
U09481,46,iOS,22,11.3,72,16,2,14,15,0
U09482,28,iOS,16,11.0,44,13,1,28,6,0
U09483,18,Web,32,12.9,113,37,10,2,14,0
U09484,28,Android,31,11.7,108,35,6,4,12,0
U09485,39,iOS,25,15.9,74,12,2,6,19,0
U09486,55,iOS,11,6.3,30,4,0,35,6,0
U09487,35,Android,28,16.4,77,26,5,6,11,0
U09488,31,Web,29,12.3,74,23,5,21,9,0
U09489,44,Android,13,10.7,30,4,0,35,4,0
U09490,21,Android,8,6.7,10,1,0,41,3,1
U09491,28,iOS,25,8.3,79,23,3,17,12,0
U09492,19,iOS,26,10.0,91,14,5,15,10,0
U09493,43,Web,10,3.3,25,2,0,28,4,1
U09494,39,Web,13,8.0,37,7,1,26,3,0
U09495,45,Android,10,3.7,19,2,0,48,1,1
U09496,47,iOS,24,15.1,67,10,1,15,5,0
U09497,36,Web,11,3.2,19,2,0,54,1,1
U09498,59,Android,16,8.2,50,13,2,23,5,0
U09499,62,iOS,17,6.6,34,5,0,30,4,0
U09500,23,Web,17,6.2,39,3,1,31,5,0
U09501,62,Android,23,11.9,75,20,2,17,11,0
U09502,27,Web,26,16.1,73,15,2,8,13,0
U09503,29,iOS,21,11.3,60,13,3,26,7,0
U09504,43,Web,5,7.1,6,0,0,51,1,1
U09505,19,iOS,15,2.9,19,4,1,35,4,1
U09506,35,iOS,15,8.7,29,4,0,33,9,0
U09507,27,iOS,9,6.3,19,1,0,34,3,0
U09508,41,Android,21,16.6,58,13,3,24,13,0
U09509,57,iOS,17,15.4,56,16,3,25,5,0
U09510,62,Web,17,5.6,39,3,1,33,3,1
U09511,28,Web,10,6.0,18,4,0,39,4,0
U09512,44,Web,17,9.1,40,8,0,33,5,0
U09513,40,iOS,16,12.0,41,7,2,21,9,0
U09514,37,iOS,22,9.8,48,7,0,26,8,0
U09515,48,iOS,36,14.5,146,43,4,1,15,0
U09516,65,iOS,8,3.9,22,4,0,36,4,1
U09517,37,iOS,19,9.0,46,5,1,27,6,0
U09518,21,Android,14,8.3,35,2,0,34,10,0
U09519,61,Android,14,7.6,34,4,0,30,3,0
U09520,62,iOS,23,10.4,50,10,0,21,5,0
U09521,33,Android,18,10.8,58,15,4,15,10,0
U09522,42,Android,16,10.0,46,9,0,23,9,0
U09523,59,Android,6,2.0,9,1,1,45,0,0
U09524,42,Web,20,11.7,59,10,3,13,8,0
U09525,41,Web,3,4.9,7,1,0,41,3,0
U09526,62,iOS,19,7.4,74,15,3,21,13,0
U09527,57,Web,5,0.8,11,1,0,38,2,1
U09528,42,Web,17,8.3,42,4,1,32,16,1
U09529,25,Android,35,10.2,109,26,2,15,15,0
U09530,39,Android,12,9.3,33,7,2,32,4,0
U09531,50,Android,14,4.8,35,6,0,34,4,1
U09532,31,Android,26,9.9,100,22,2,13,9,0
U09533,43,iOS,13,8.5,32,4,2,34,7,0
U09534,49,Android,11,12.1,22,7,0,28,5,0
U09535,22,Web,10,3.4,18,4,1,43,3,1
U09536,45,iOS,10,7.1,23,3,0,30,6,0
U09537,53,Android,14,13.9,34,11,2,16,13,0
U09538,28,Web,18,10.8,36,13,5,25,8,0
U09539,44,Web,24,8.8,76,21,2,25,9,0
U09540,52,iOS,9,2.6,21,3,0,38,2,0
U09541,20,iOS,16,3.2,41,5,0,30,10,0
U09542,48,Web,32,14.2,111,25,2,7,7,0
U09543,30,iOS,33,18.0,116,40,8,0,12,0
U09544,37,Web,14,8.7,30,2,0,30,2,0
U09545,49,Android,7,3.2,14,0,0,56,0,1
U09546,18,iOS,5,5.9,7,1,1,37,4,1
U09547,18,iOS,17,8.4,43,7,0,25,6,0
U09548,39,Android,4,4.5,10,3,0,41,1,0
U09549,63,Android,27,13.5,96,26,2,2,17,0
U09550,18,Android,31,10.3,75,16,3,19,4,0
U09551,55,Android,15,1.5,41,1,0,35,6,0
U09552,21,Android,20,12.7,42,10,3,20,11,0
U09553,41,Android,15,12.9,40,5,1,27,1,0
U09554,38,Web,9,4.2,22,6,3,41,6,0
U09555,40,iOS,23,15.5,88,12,4,19,10,0
U09556,21,iOS,27,12.7,90,12,2,15,9,0
U09557,54,Android,28,17.1,101,31,4,16,11,0
U09558,31,Web,6,3.6,12,3,0,46,2,0
U09559,55,Android,5,2.4,13,0,0,40,3,1
U09560,49,Android,19,9.4,46,3,0,24,10,0
U09561,44,iOS,8,10.5,25,7,1,30,6,0
U09562,32,Web,16,5.4,32,4,0,34,6,1
U09563,49,Web,18,11.8,43,9,0,29,7,0
U09564,65,iOS,20,13.6,77,18,3,20,3,0
U09565,62,iOS,15,13.8,39,6,1,23,9,0
U09566,61,iOS,27,12.4,77,17,2,23,9,0
U09567,28,iOS,22,11.9,70,13,3,13,15,0
U09568,46,Android,31,18.8,113,33,9,25,8,0
U09569,37,Android,23,5.8,60,8,2,29,4,0
U09570,64,Web,19,10.2,59,13,3,25,5,0
U09571,63,Web,22,9.9,47,10,2,21,8,0
U09572,59,Android,19,12.3,51,9,4,16,5,0
U09573,25,Android,14,8.0,39,12,1,23,6,0
U09574,33,Android,27,15.3,100,24,3,3,12,0
U09575,52,iOS,9,3.1,15,2,0,38,5,0
U09576,53,Android,8,7.4,18,1,0,34,4,0
U09577,34,iOS,2,3.2,8,2,0,43,0,1
U09578,24,Android,7,7.4,8,0,1,38,4,1
U09579,24,Android,23,17.4,81,17,4,8,9,0
U09580,50,Android,12,4.5,28,6,0,37,1,0
U09581,39,iOS,22,9.6,50,10,0,28,2,0
U09582,41,Android,12,6.0,31,6,1,28,5,0
U09583,57,iOS,16,13.6,50,17,3,24,9,0
U09584,18,iOS,8,2.6,16,1,1,33,4,0
U09585,54,iOS,28,15.9,82,15,3,16,7,0
U09586,31,Android,9,2.4,21,0,0,36,1,1
U09587,62,iOS,16,7.9,54,9,4,24,7,0
U09588,63,Android,35,12.7,98,25,8,7,11,0
U09589,42,iOS,12,5.7,24,4,0,32,5,1
U09590,33,iOS,7,7.8,15,0,0,38,2,1
U09591,29,Web,20,4.0,54,12,2,29,6,0
U09592,26,Web,5,3.1,21,2,0,50,2,0
U09593,65,iOS,28,15.0,89,17,1,8,8,0
U09594,27,Web,16,3.2,40,4,0,30,6,1
U09595,39,Android,11,6.6,30,5,0,35,2,1
U09596,41,iOS,18,3.7,38,5,0,34,7,0
U09597,50,Android,41,11.3,119,29,7,12,13,0
U09598,58,Android,12,8.8,26,3,0,32,7,0
U09599,44,iOS,12,3.9,22,5,0,33,2,0
U09600,54,iOS,35,15.8,117,37,5,12,15,0
U09601,45,iOS,18,8.8,48,7,2,21,7,0
U09602,38,Web,23,16.1,67,11,3,20,10,0
U09603,25,iOS,12,7.1,23,2,0,28,5,1
U09604,28,Web,14,7.3,29,10,0,24,10,0
U09605,38,Web,11,5.2,22,3,0,35,4,1
U09606,20,Web,22,11.4,63,11,3,27,2,1
U09607,33,Android,15,7.3,34,6,0,23,4,0
U09608,40,iOS,27,18.1,97,25,1,5,10,0
U09609,40,iOS,16,8.3,48,11,1,21,14,0
U09610,57,Web,16,8.4,50,9,1,29,11,0
U09611,64,Android,18,9.4,51,11,0,22,11,0
U09612,53,Android,19,11.6,45,11,2,32,6,0
U09613,21,Android,11,11.4,35,9,1,29,3,0
U09614,37,Android,30,14.6,71,19,4,35,14,0
U09615,53,Web,14,9.1,44,7,1,27,4,1
U09616,46,Android,13,8.1,27,9,1,44,4,0
U09617,39,Android,16,11.2,36,9,1,26,8,0
U09618,38,iOS,13,8.8,30,7,0,32,9,0
U09619,37,Android,13,5.9,31,5,1,27,8,1
U09620,45,Android,25,12.3,78,18,2,18,10,0
U09621,26,iOS,14,13.6,36,10,3,22,13,0
U09622,42,iOS,32,12.4,84,15,4,10,16,0
U09623,27,Web,10,4.6,22,3,0,33,1,1
U09624,50,iOS,26,11.1,60,12,0,21,8,0
U09625,59,Web,7,0.8,16,1,0,45,2,1
U09626,42,Android,9,6.7,19,4,0,44,3,1
U09627,36,iOS,11,6.1,21,3,0,40,2,0
U09628,63,iOS,22,9.1,44,9,0,32,9,0
U09629,49,iOS,25,15.0,79,22,1,13,20,0
U09630,38,iOS,15,8.2,28,5,1,29,6,0
U09631,19,Android,14,5.8,26,5,0,28,4,0
U09632,18,Android,15,6.9,35,9,0,32,4,0
U09633,28,Web,3,3.3,7,3,0,42,0,1
U09634,29,Web,30,16.3,98,30,5,5,12,0
U09635,52,Android,7,9.2,16,2,0,40,1,0
U09636,42,iOS,27,12.2,78,19,3,30,14,0
U09637,65,iOS,36,17.6,136,39,8,0,10,0
U09638,43,iOS,32,11.3,106,19,4,10,13,0
U09639,61,Android,11,4.7,35,12,1,29,7,1
U09640,44,Web,8,1.1,18,5,0,41,4,0
U09641,35,iOS,7,1.5,8,0,0,43,2,0
U09642,52,iOS,15,6.4,38,7,2,35,5,0
U09643,39,iOS,12,8.8,27,4,0,31,7,0
U09644,31,iOS,34,14.5,93,18,4,12,14,0
U09645,40,Android,11,4.1,26,6,1,30,4,0
U09646,49,Web,6,5.2,12,1,0,33,4,1
U09647,36,Android,21,8.3,43,10,0,23,4,1
U09648,51,Web,16,8.6,67,19,2,21,8,0
U09649,65,Web,29,6.8,67,14,2,20,11,0
U09650,37,iOS,17,3.4,43,7,0,23,15,0
U09651,32,iOS,24,5.5,48,6,1,32,8,0
U09652,37,Android,30,13.2,128,39,10,8,16,0
U09653,58,Android,10,8.2,16,3,1,36,3,0
U09654,26,iOS,6,6.2,13,3,0,41,2,1
U09655,64,Android,38,11.2,130,40,8,0,14,0
U09656,37,Android,31,17.8,101,26,2,0,7,0
U09657,58,Web,8,8.0,21,4,2,48,5,1
U09658,55,Android,2,1.0,9,0,0,44,1,1
U09659,55,Android,22,7.4,60,21,3,22,16,0
U09660,61,Android,18,13.6,44,10,0,21,8,0
U09661,26,iOS,28,8.2,60,8,1,30,12,0
U09662,46,iOS,17,8.7,29,3,0,35,3,0
U09663,22,iOS,15,8.2,38,5,0,26,4,0
U09664,32,iOS,18,16.5,65,11,1,15,8,0
U09665,19,Android,35,15.9,123,39,3,9,11,0
U09666,50,iOS,40,17.3,140,54,12,0,21,0
U09667,47,Android,17,7.1,46,5,0,27,6,0
U09668,53,Web,13,6.5,27,7,0,35,12,1
U09669,26,Android,19,9.0,36,6,0,25,10,0
U09670,33,Android,22,7.2,50,11,1,28,3,0
U09671,50,iOS,13,7.1,26,5,1,31,7,0
U09672,57,Android,3,3.4,6,0,0,40,1,1
U09673,60,iOS,23,15.2,61,16,2,28,10,0
U09674,21,iOS,10,11.6,27,3,0,29,7,0
U09675,37,Web,11,8.8,27,7,0,29,7,0
U09676,18,Android,32,16.5,99,25,2,13,7,0
U09677,57,iOS,21,14.8,74,16,1,20,9,0
U09678,23,iOS,16,7.0,41,3,3,35,6,0
U09679,57,Android,23,14.3,74,23,8,11,6,0
U09680,25,iOS,30,12.2,94,27,4,13,5,0
U09681,18,Web,13,10.6,37,10,1,32,4,0
U09682,60,iOS,28,9.0,83,23,3,27,14,0
U09683,39,Web,20,7.0,57,11,3,20,10,0
U09684,38,iOS,21,11.7,48,14,1,14,9,0
U09685,49,Android,26,11.1,98,24,2,8,13,0
U09686,31,Web,11,4.7,30,6,0,33,7,0
U09687,51,Android,8,5.8,17,1,0,38,7,0
U09688,38,iOS,26,11.5,72,19,5,13,9,0
U09689,31,iOS,10,5.7,21,1,1,30,5,0
U09690,36,Web,17,10.7,50,9,1,18,11,0
U09691,18,Web,20,8.6,42,6,0,50,4,0
U09692,32,Android,9,1.7,23,1,1,44,2,0
U09693,46,iOS,13,3.8,25,1,0,41,6,0
U09694,24,Android,18,12.8,46,9,1,18,9,0
U09695,23,iOS,7,6.0,11,2,0,45,0,0
U09696,49,iOS,15,13.9,34,8,1,24,7,0
U09697,38,Android,9,5.6,14,1,0,34,3,0
U09698,24,Web,14,13.8,46,9,1,19,2,0
U09699,53,iOS,26,14.8,101,29,1,6,15,0
U09700,55,iOS,22,12.6,60,14,3,21,9,0
U09701,19,Web,17,9.9,43,5,1,23,4,0
U09702,27,iOS,12,11.9,40,4,1,29,3,0
U09703,35,iOS,30,14.5,112,30,6,6,11,0
U09704,53,Android,4,1.8,9,3,0,38,2,1
U09705,21,Android,31,13.9,111,24,5,15,11,0
U09706,56,Android,29,6.1,83,16,2,18,11,0
U09707,33,Android,28,14.0,84,24,5,7,9,0
U09708,24,Android,17,1.4,40,6,0,25,5,1
U09709,59,iOS,4,4.2,13,1,0,33,5,0
U09710,22,iOS,25,15.3,95,17,4,14,12,0
U09711,24,Android,11,1.1,22,0,0,53,5,1
U09712,63,iOS,26,16.1,83,19,3,5,19,0
U09713,42,Web,13,2.7,33,2,0,29,6,1
U09714,40,Android,17,8.1,40,11,2,36,11,0
U09715,50,iOS,20,11.0,54,14,1,25,11,0
U09716,48,Android,9,8.2,22,6,0,33,5,0
U09717,47,iOS,31,18.3,91,30,6,6,15,0
U09718,19,iOS,36,12.4,114,36,7,3,13,0
U09719,44,Android,17,8.2,49,10,1,24,12,0
U09720,31,Android,25,11.0,73,19,1,11,16,0
U09721,56,Web,3,5.4,4,0,0,64,0,1
U09722,42,Android,6,6.0,12,0,0,34,1,0
U09723,23,iOS,29,18.0,117,38,13,0,16,0
U09724,60,iOS,14,8.5,23,4,0,29,5,0
U09725,31,Android,33,14.6,110,27,7,10,11,0
U09726,31,iOS,14,6.6,37,9,1,34,6,0
U09727,62,iOS,12,9.0,38,5,1,31,1,0
U09728,55,Android,18,12.6,56,10,1,14,7,0
U09729,59,Web,6,5.3,8,1,0,42,2,1
U09730,49,iOS,37,15.7,136,32,7,0,18,0
U09731,61,iOS,33,15.7,126,42,8,9,14,0
U09732,23,Android,28,14.7,95,23,2,18,9,0
U09733,46,Android,21,6.9,63,12,2,20,6,0
U09734,32,iOS,12,8.5,34,6,2,38,4,0
U09735,37,iOS,14,6.2,31,7,0,29,8,1
U09736,29,Android,11,7.6,23,2,0,36,7,0
U09737,27,iOS,14,10.6,41,9,0,28,6,0
U09738,39,iOS,14,7.0,36,8,0,26,5,0
U09739,62,Android,16,11.4,56,14,1,17,6,0
U09740,48,iOS,16,9.2,47,10,1,15,11,0
U09741,34,iOS,6,0.7,10,0,0,36,5,0
U09742,38,iOS,19,9.9,56,15,1,20,9,0
U09743,43,iOS,24,15.4,76,18,4,13,7,0
U09744,29,iOS,19,12.9,45,8,3,11,14,0
U09745,43,Web,22,4.9,65,14,2,27,4,0
U09746,51,Web,8,0.7,11,1,0,54,2,1
U09747,29,Android,23,8.4,56,13,1,19,3,0
U09748,46,iOS,25,12.9,83,25,2,7,12,0
U09749,52,Web,22,8.8,57,12,1,18,13,0
U09750,42,Web,7,1.5,12,0,0,39,4,0
U09751,32,Android,15,2.2,26,5,0,33,7,0
U09752,44,Android,37,23.5,140,49,7,0,13,0
U09753,56,Android,25,16.1,62,9,1,12,11,0
U09754,28,Web,9,4.5,22,5,0,29,5,1
U09755,45,Web,9,5.5,18,1,0,40,4,1
U09756,50,Web,10,1.3,18,2,0,47,3,1
U09757,33,Android,13,8.1,40,4,2,35,10,0
U09758,36,Web,16,11.1,38,4,0,35,10,0
U09759,60,Android,20,10.9,50,6,1,17,5,0
U09760,35,Android,16,11.8,43,9,2,27,13,0
U09761,46,Android,11,7.6,35,11,0,24,6,0
U09762,25,iOS,15,8.5,45,7,0,23,7,0
U09763,62,iOS,12,2.7,30,7,1,24,5,0
U09764,46,Android,15,11.4,33,9,0,22,10,0
U09765,54,Android,7,0.5,15,1,0,45,2,0
U09766,46,Web,13,3.3,34,4,1,31,1,1
U09767,35,Android,13,10.8,33,7,1,28,7,0
U09768,34,iOS,22,11.5,50,15,1,28,2,0
U09769,51,Android,32,11.1,91,25,4,6,13,0
U09770,59,Android,24,16.9,68,21,1,13,13,0
U09771,24,Android,25,14.7,68,16,2,18,17,0
U09772,58,iOS,29,16.0,81,24,1,9,8,0
U09773,57,iOS,11,3.3,16,6,1,35,2,0
U09774,23,Android,19,14.2,41,8,1,20,9,0
U09775,23,Web,10,8.9,18,2,1,28,4,0
U09776,51,Android,35,14.0,110,27,4,4,16,0
U09777,58,iOS,23,3.4,62,11,4,23,4,0
U09778,36,Android,22,10.4,72,12,2,35,7,0
U09779,48,Web,29,12.1,87,20,2,12,13,0
U09780,65,Android,17,8.2,35,6,1,26,8,0
U09781,33,iOS,15,10.5,34,7,2,33,6,0
U09782,28,iOS,33,14.0,124,31,5,3,13,0
U09783,65,iOS,25,10.9,61,12,0,29,8,0
U09784,31,Web,3,4.8,4,0,0,43,2,0
U09785,40,Android,33,9.7,106,24,5,10,12,0
U09786,39,Android,9,7.8,18,4,0,33,2,1
U09787,43,Web,15,6.3,28,2,1,30,4,0
U09788,30,Web,10,4.2,25,2,0,32,4,0
U09789,50,iOS,28,7.5,65,17,4,11,10,0
U09790,51,iOS,25,14.6,82,20,5,9,6,0
U09791,27,iOS,8,2.1,17,0,0,39,3,1
U09792,41,iOS,28,9.7,73,15,0,15,4,0
U09793,20,Web,14,12.9,38,11,0,29,5,0
U09794,28,Web,25,10.1,71,14,2,19,13,0
U09795,65,Android,19,9.2,52,6,0,24,11,0
U09796,42,iOS,21,16.8,64,16,3,18,9,0
U09797,47,iOS,23,8.7,69,12,0,24,9,0
U09798,60,Android,29,14.1,88,28,5,4,12,0
U09799,52,Web,9,7.4,12,0,0,39,3,0
U09800,56,iOS,11,8.0,34,10,3,28,5,0
U09801,52,Android,16,6.6,42,1,0,42,2,1
U09802,41,iOS,10,2.0,22,4,1,53,4,0
U09803,48,Android,17,8.4,45,5,1,23,11,1
U09804,31,Android,7,6.5,7,0,0,42,2,1
U09805,60,iOS,9,2.4,19,1,0,40,5,0
U09806,26,iOS,13,6.3,29,6,1,30,3,0
U09807,60,iOS,21,5.1,61,11,1,27,7,0
U09808,60,Android,8,8.1,24,1,0,38,2,1
U09809,24,iOS,12,5.5,30,2,1,24,5,0
U09810,52,Android,29,7.9,77,12,0,14,12,0
U09811,65,Web,16,7.0,36,7,1,22,7,0
U09812,45,Android,4,0.5,7,0,0,42,3,1
U09813,34,Web,13,13.0,41,15,0,18,9,0
U09814,60,Android,11,9.4,24,5,0,40,12,0
U09815,42,Android,7,4.6,9,0,0,45,2,1
U09816,23,iOS,15,11.0,45,4,1,31,8,0
U09817,29,iOS,27,8.1,68,14,5,17,13,0
U09818,50,Web,22,14.2,62,17,4,10,16,0
U09819,39,iOS,37,18.7,125,29,4,6,14,0
U09820,28,Android,5,3.7,13,1,0,36,1,1
U09821,56,Android,12,7.9,38,4,0,39,7,0
U09822,23,iOS,23,6.8,62,12,2,38,8,0
U09823,28,Android,26,8.8,55,7,1,22,11,0
U09824,40,Web,17,2.2,36,4,0,36,5,0
U09825,19,iOS,7,3.6,11,1,0,40,6,0
U09826,36,iOS,24,13.4,76,16,2,35,5,0
U09827,61,Web,13,3.9,28,2,0,33,5,1
U09828,63,Android,21,17.0,65,9,2,12,13,0
U09829,59,Android,37,11.6,106,26,2,8,12,0
U09830,33,Web,17,11.2,60,9,0,30,7,0
U09831,21,Android,34,11.0,93,10,0,12,12,0
U09832,57,iOS,25,5.3,67,18,1,15,9,0
U09833,35,Web,1,1.8,6,0,0,40,0,1
U09834,53,Android,9,4.3,14,1,0,38,6,1
U09835,23,Web,25,11.5,86,27,2,11,10,0
U09836,50,Android,21,5.9,45,7,0,20,13,0
U09837,46,iOS,32,9.0,93,22,4,11,4,0
U09838,62,Android,19,11.0,45,16,1,21,6,0
U09839,22,iOS,4,10.2,9,0,0,39,3,0
U09840,37,Android,21,9.0,47,7,0,24,9,0
U09841,65,Android,8,3.5,19,2,0,42,6,0
U09842,36,Android,11,3.0,30,3,1,25,8,0
U09843,49,Android,13,14.3,34,5,1,28,7,0
U09844,25,iOS,13,11.1,37,6,0,24,11,0
U09845,52,Android,18,9.0,63,19,4,18,6,0
U09846,31,Android,29,15.4,119,26,3,10,12,0
U09847,45,Android,34,13.3,102,26,4,11,18,0
U09848,60,Android,19,8.3,69,7,1,17,5,0
U09849,49,Android,16,8.0,32,5,1,25,6,0
U09850,40,Android,18,13.1,43,7,1,32,5,1
U09851,27,iOS,26,12.9,70,15,0,12,14,0
U09852,34,iOS,16,10.5,58,15,1,17,11,0
U09853,58,iOS,14,9.5,37,9,1,26,7,0
U09854,28,Android,10,3.5,19,1,0,36,6,1
U09855,49,Web,25,12.4,61,14,1,19,10,0
U09856,41,iOS,10,2.0,20,3,0,34,4,0
U09857,33,iOS,24,18.1,95,28,3,0,9,0
U09858,52,Android,14,8.6,29,6,0,31,8,0
U09859,35,Android,39,17.8,124,37,6,2,14,0
U09860,31,iOS,27,10.9,79,20,1,10,10,0
U09861,43,Android,10,3.7,26,2,0,46,1,1
U09862,54,iOS,27,14.6,92,28,3,10,16,0
U09863,59,Android,21,11.4,53,11,3,24,9,0
U09864,48,Android,15,8.7,47,5,2,29,14,0
U09865,49,Android,11,4.6,23,7,0,42,5,0
U09866,55,Android,14,6.5,28,6,1,30,10,0
U09867,30,Android,7,3.3,15,2,0,38,4,1
U09868,30,Android,12,15.2,41,11,1,25,9,0
U09869,41,iOS,17,10.8,39,4,0,20,9,1
U09870,48,Android,2,1.2,7,0,0,55,0,1
U09871,49,iOS,8,4.5,17,3,0,38,6,1
U09872,25,Web,17,9.1,47,5,0,32,3,1
U09873,55,Web,3,0.9,3,0,0,46,2,1
U09874,35,iOS,33,17.9,125,31,8,0,17,0
U09875,60,Android,19,9.5,44,3,1,26,8,0
U09876,52,iOS,9,9.3,23,2,0,44,6,0
U09877,65,Web,16,9.3,47,5,0,23,12,0
U09878,48,iOS,7,4.1,14,1,0,44,1,0
U09879,43,Android,6,3.6,9,1,0,36,1,0
U09880,27,iOS,19,11.2,69,21,0,13,9,0
U09881,37,Android,6,4.5,8,3,0,48,3,1
U09882,59,iOS,16,3.9,34,3,0,41,4,0
U09883,36,Android,30,13.9,91,14,2,9,16,0
U09884,20,Android,45,16.9,176,46,12,0,19,0
U09885,29,iOS,18,12.2,42,7,2,24,5,0
U09886,46,iOS,11,3.0,29,4,1,33,4,1
U09887,48,iOS,19,14.4,45,7,1,18,8,0
U09888,65,Web,7,4.3,24,4,0,36,4,0
U09889,62,Web,14,13.9,26,4,0,22,9,0
U09890,43,iOS,24,10.8,68,17,3,16,10,0
U09891,44,Web,29,12.6,95,20,5,17,11,0
U09892,56,Android,31,11.8,89,20,3,12,13,0
U09893,20,Android,11,7.1,28,2,0,31,14,0
U09894,46,Web,10,1.6,25,4,0,50,2,0
U09895,40,Android,17,10.1,43,11,0,29,13,0
U09896,55,Web,23,11.7,70,11,3,21,7,0
U09897,56,Android,3,6.5,9,2,0,38,2,1
U09898,49,Android,22,13.5,62,9,2,19,5,0
U09899,49,Android,9,2.2,15,2,1,34,4,1
U09900,51,iOS,18,9.1,48,10,1,29,8,0
U09901,45,Web,9,2.6,28,5,0,31,5,0
U09902,28,Android,7,8.8,13,1,0,35,3,0
U09903,31,Android,16,13.7,48,12,1,18,8,0
U09904,53,Android,9,4.0,13,2,1,38,3,0
U09905,47,Android,26,16.6,84,25,4,5,13,0
U09906,29,iOS,12,6.6,25,4,0,42,3,0
U09907,60,iOS,25,10.7,83,17,4,6,14,0
U09908,65,Android,19,12.1,48,7,1,17,8,0
U09909,48,Android,24,8.2,55,8,1,16,6,0
U09910,28,iOS,19,11.4,46,16,2,39,11,0
U09911,63,Android,18,9.8,48,7,0,30,7,0
U09912,29,Android,8,3.6,23,4,1,40,2,1
U09913,38,iOS,24,11.6,77,18,5,17,12,0
U09914,59,Android,19,11.5,44,6,0,28,9,0
U09915,42,Android,29,9.9,78,7,1,21,6,0
U09916,29,Android,27,12.9,95,29,3,15,7,0
U09917,21,iOS,22,9.2,59,17,4,14,10,0
U09918,35,Android,30,13.8,104,33,5,7,13,0
U09919,50,Web,27,14.7,88,21,4,9,13,0
U09920,52,iOS,23,14.1,65,14,3,24,7,0
U09921,28,iOS,6,2.3,16,3,0,34,7,1
U09922,25,iOS,18,6.3,46,8,0,32,4,0
U09923,51,Android,22,11.9,62,13,2,22,11,0
U09924,25,Android,26,10.8,77,12,1,20,11,0
U09925,21,Android,16,12.4,46,5,1,23,6,0
U09926,41,iOS,23,10.8,83,25,4,13,10,0
U09927,45,iOS,8,11.4,21,1,1,36,3,0
U09928,29,Web,8,4.2,14,0,0,47,0,0
U09929,28,iOS,6,6.3,16,3,0,50,3,0
U09930,29,Android,7,4.2,26,0,0,41,2,1
U09931,34,Android,19,6.4,44,6,0,18,5,0
U09932,18,Android,9,6.3,18,1,0,32,2,1
U09933,18,Web,21,10.4,57,12,2,26,8,0
U09934,35,Android,19,11.7,52,8,1,16,18,0
U09935,18,Web,18,9.9,55,8,2,25,9,0
U09936,33,Android,9,5.7,16,1,0,42,6,1
U09937,45,iOS,8,1.4,22,3,0,40,3,0
U09938,19,Android,20,8.6,63,9,2,26,10,0
U09939,47,iOS,17,11.9,49,14,3,16,10,0
U09940,47,Android,25,8.1,68,12,1,21,7,0
U09941,45,iOS,27,17.3,83,21,2,6,10,0
U09942,48,Web,12,8.0,26,4,1,30,7,0
U09943,56,iOS,24,10.0,90,23,2,4,8,0
U09944,21,Android,28,13.7,99,26,3,12,16,0
U09945,26,iOS,21,9.0,63,11,0,22,6,0
U09946,33,Android,24,10.3,68,16,2,11,9,0
U09947,51,Android,13,12.5,28,4,0,25,3,0
U09948,59,iOS,32,14.9,88,18,1,10,8,0
U09949,62,Web,37,11.0,123,33,4,8,6,0
U09950,45,Android,15,9.4,43,6,1,18,7,0
U09951,37,iOS,21,9.8,66,9,1,19,13,0
U09952,37,iOS,8,5.0,19,1,0,35,7,0
U09953,20,iOS,16,6.6,45,8,2,23,3,0
U09954,40,Android,34,14.3,91,20,2,7,7,0
U09955,42,iOS,17,3.2,37,11,1,24,7,0
U09956,27,Android,18,9.5,45,17,1,46,6,0
U09957,54,Android,20,4.5,54,11,2,26,6,0
U09958,56,Android,20,16.5,73,21,3,8,17,0
U09959,32,Web,8,9.8,18,5,0,40,6,0
U09960,61,Android,31,9.8,103,18,2,11,7,0
U09961,23,Android,25,10.2,92,29,3,18,12,0
U09962,61,Android,27,18.5,92,28,3,8,15,0
U09963,54,Android,33,11.0,96,23,2,30,8,0
U09964,28,Web,22,8.0,66,15,0,18,9,0
U09965,49,iOS,11,2.9,19,1,0,39,2,0
U09966,32,iOS,19,18.6,63,11,1,13,16,0
U09967,56,iOS,18,11.0,46,13,4,16,10,0
U09968,25,Android,24,13.2,68,11,4,13,10,0
U09969,29,iOS,26,12.6,78,19,1,22,10,0
U09970,32,Web,29,16.6,86,24,3,27,15,0
U09971,27,iOS,12,10.7,25,2,0,33,5,1
U09972,33,iOS,33,7.7,101,24,2,17,4,0
U09973,46,Android,25,18.9,81,22,3,5,12,0
U09974,48,Web,11,6.2,16,3,1,31,4,1
U09975,44,Android,7,0.8,17,2,0,41,4,0
U09976,27,iOS,7,7.2,8,2,1,40,3,1
U09977,27,Android,13,4.9,39,8,0,28,3,0
U09978,62,iOS,15,13.1,37,8,0,20,8,0
U09979,30,Web,24,9.8,75,14,3,18,10,0
U09980,22,iOS,13,8.0,40,5,0,34,7,0
U09981,39,Android,23,12.3,65,17,2,18,11,0
U09982,18,iOS,17,6.9,55,14,3,20,4,0
U09983,34,Web,8,0.6,18,2,1,40,2,0
U09984,59,iOS,18,9.2,68,8,0,23,6,0
U09985,30,Web,14,8.4,38,4,0,21,10,0
U09986,51,Web,7,4.6,14,1,0,44,1,1
U09987,41,Web,8,4.8,18,6,1,33,5,0
U09988,35,Android,9,4.4,26,1,0,31,4,0
U09989,49,iOS,12,7.2,32,7,0,30,5,0
U09990,46,Web,9,0.9,23,7,0,44,4,0
U09991,33,Web,13,2.0,25,2,0,34,2,1
U09992,28,Android,15,7.4,34,6,1,21,9,0
U09993,62,Android,16,1.4,33,9,1,41,7,1
U09994,26,Android,19,12.0,57,9,1,17,6,0
U09995,64,iOS,27,8.5,78,19,2,21,11,0
U09996,40,Web,21,10.6,52,11,1,21,9,0
U09997,65,iOS,9,6.7,15,3,0,34,7,1
U09998,34,Android,13,12.2,28,4,1,25,6,0
U09999,45,Android,4,4.7,2,0,0,42,2,0
U10000,47,Web,22,7.8,58,14,2,13,22,0
